case_id,start_time,end_time,duration_minutes
P0001,2026-09-15 08:03:00+00:00,2026-09-15 11:09:00+00:00,186.0
P0002,2026-09-15 08:08:00+00:00,2026-09-15 11:18:00+00:00,190.0
P0003,2026-09-15 08:10:00+00:00,2026-09-15 10:18:00+00:00,128.0
P0004,2026-09-15 08:18:00+00:00,2026-09-15 12:47:00+00:00,269.0
P0005,2026-09-15 08:23:00+00:00,2026-09-15 10:11:00+00:00,108.0
P0006,2026-09-15 08:30:00+00:00,2026-09-15 12:20:00+00:00,230.0
P0007,2026-09-15 08:38:00+00:00,2026-09-15 11:45:00+00:00,187.0
P0008,2026-09-15 08:46:00+00:00,2026-09-15 11:20:00+00:00,154.0
P0009,2026-09-15 08:54:00+00:00,2026-09-15 11:17:00+00:00,143.0
P0010,2026-09-15 09:02:00+00:00,2026-09-15 11:25:00+00:00,143.0
P0011,2026-09-15 09:09:00+00:00,2026-09-15 13:21:00+00:00,252.0
P0012,2026-09-15 09:13:00+00:00,2026-09-15 11:28:00+00:00,135.0
P0013,2026-09-15 09:20:00+00:00,2026-09-15 11:26:00+00:00,126.0
P0014,2026-09-15 09:30:00+00:00,2026-09-15 12:09:00+00:00,159.0
P0015,2026-09-15 09:36:00+00:00,2026-09-15 11:56:00+00:00,140.0
P0016,2026-09-15 09:38:00+00:00,2026-09-15 12:02:00+00:00,144.0
P0017,2026-09-15 09:40:00+00:00,2026-09-15 12:40:00+00:00,180.0
P0018,2026-09-15 09:49:00+00:00,2026-09-15 13:21:00+00:00,212.0
P0019,2026-09-15 09:57:00+00:00,2026-09-15 12:21:00+00:00,144.0
P0020,2026-09-15 10:03:00+00:00,2026-09-15 12:11:00+00:00,128.0
P0021,2026-09-15 10:07:00+00:00,2026-09-15 12:09:00+00:00,122.0
P0022,2026-09-15 10:16:00+00:00,2026-09-15 13:14:00+00:00,178.0
P0023,2026-09-15 10:26:00+00:00,2026-09-15 11:53:00+00:00,87.0
P0024,2026-09-15 10:29:00+00:00,2026-09-15 13:09:00+00:00,160.0
P0025,2026-09-15 10:35:00+00:00,2026-09-15 14:15:00+00:00,220.0
P0026,2026-09-15 10:38:00+00:00,2026-09-15 12:29:00+00:00,111.0
P0027,2026-09-15 10:48:00+00:00,2026-09-15 12:47:00+00:00,119.0
P0028,2026-09-15 10:54:00+00:00,2026-09-15 14:45:00+00:00,231.0
P0029,2026-09-15 10:56:00+00:00,2026-09-15 14:44:00+00:00,228.0
P0030,2026-09-15 11:03:00+00:00,2026-09-15 13:12:00+00:00,129.0
P0031,2026-09-15 11:08:00+00:00,2026-09-15 13:50:00+00:00,162.0
P0032,2026-09-15 11:10:00+00:00,2026-09-15 14:43:00+00:00,213.0
P0033,2026-09-15 11:17:00+00:00,2026-09-15 14:43:00+00:00,206.0
P0034,2026-09-15 11:19:00+00:00,2026-09-15 15:07:00+00:00,228.0
P0035,2026-09-15 11:27:00+00:00,2026-09-15 14:00:00+00:00,153.0
P0036,2026-09-15 11:30:00+00:00,2026-09-15 14:21:00+00:00,171.0
P0037,2026-09-15 11:38:00+00:00,2026-09-15 14:03:00+00:00,145.0
P0038,2026-09-15 11:44:00+00:00,2026-09-15 15:48:00+00:00,244.0
P0039,2026-09-15 11:54:00+00:00,2026-09-15 13:30:00+00:00,96.0
P0040,2026-09-15 11:59:00+00:00,2026-09-15 15:05:00+00:00,186.0
P0041,2026-09-15 12:04:00+00:00,2026-09-15 15:22:00+00:00,198.0
P0042,2026-09-15 12:13:00+00:00,2026-09-15 15:16:00+00:00,183.0
P0043,2026-09-15 12:22:00+00:00,2026-09-15 16:34:00+00:00,252.0
P0044,2026-09-15 12:29:00+00:00,2026-09-15 15:43:00+00:00,194.0
P0045,2026-09-15 12:37:00+00:00,2026-09-15 16:08:00+00:00,211.0
P0046,2026-09-15 12:46:00+00:00,2026-09-15 17:03:00+00:00,257.0
P0047,2026-09-15 12:49:00+00:00,2026-09-15 15:02:00+00:00,133.0
P0048,2026-09-15 12:56:00+00:00,2026-09-15 16:28:00+00:00,212.0
P0049,2026-09-15 12:58:00+00:00,2026-09-15 14:38:00+00:00,100.0
P0050,2026-09-15 13:07:00+00:00,2026-09-15 15:19:00+00:00,132.0
P0051,2026-09-15 13:13:00+00:00,2026-09-15 15:37:00+00:00,144.0
P0052,2026-09-15 13:16:00+00:00,2026-09-15 16:07:00+00:00,171.0
P0053,2026-09-15 13:18:00+00:00,2026-09-15 15:53:00+00:00,155.0
P0054,2026-09-15 13:28:00+00:00,2026-09-15 16:36:00+00:00,188.0
P0055,2026-09-15 13:31:00+00:00,2026-09-15 17:26:00+00:00,235.0
P0056,2026-09-15 13:38:00+00:00,2026-09-15 15:29:00+00:00,111.0
P0057,2026-09-15 13:46:00+00:00,2026-09-15 16:13:00+00:00,147.0
P0058,2026-09-15 13:54:00+00:00,2026-09-15 17:14:00+00:00,200.0
P0059,2026-09-15 14:01:00+00:00,2026-09-15 15:57:00+00:00,116.0
P0060,2026-09-15 14:06:00+00:00,2026-09-15 17:40:00+00:00,214.0
P0061,2026-09-15 14:08:00+00:00,2026-09-15 16:26:00+00:00,138.0
P0062,2026-09-15 14:11:00+00:00,2026-09-15 16:38:00+00:00,147.0
P0063,2026-09-15 14:14:00+00:00,2026-09-15 16:38:00+00:00,144.0
P0064,2026-09-15 14:17:00+00:00,2026-09-15 17:51:00+00:00,214.0
P0065,2026-09-15 14:26:00+00:00,2026-09-15 17:45:00+00:00,199.0
P0066,2026-09-15 14:31:00+00:00,2026-09-15 16:31:00+00:00,120.0
P0067,2026-09-15 14:39:00+00:00,2026-09-15 16:41:00+00:00,122.0
P0068,2026-09-15 14:45:00+00:00,2026-09-15 17:04:00+00:00,139.0
P0069,2026-09-15 14:47:00+00:00,2026-09-15 18:52:00+00:00,245.0
P0070,2026-09-15 14:49:00+00:00,2026-09-15 16:53:00+00:00,124.0
P0071,2026-09-15 14:53:00+00:00,2026-09-15 17:45:00+00:00,172.0
P0072,2026-09-15 15:00:00+00:00,2026-09-15 17:29:00+00:00,149.0
P0073,2026-09-15 15:09:00+00:00,2026-09-15 18:47:00+00:00,218.0
P0074,2026-09-15 15:18:00+00:00,2026-09-15 18:02:00+00:00,164.0
P0075,2026-09-15 15:20:00+00:00,2026-09-15 17:50:00+00:00,150.0
P0076,2026-09-15 15:23:00+00:00,2026-09-15 17:52:00+00:00,149.0
P0077,2026-09-15 15:28:00+00:00,2026-09-15 17:56:00+00:00,148.0
P0078,2026-09-15 15:35:00+00:00,2026-09-15 17:57:00+00:00,142.0
P0079,2026-09-15 15:45:00+00:00,2026-09-15 18:29:00+00:00,164.0
P0080,2026-09-15 15:50:00+00:00,2026-09-15 18:22:00+00:00,152.0
P0081,2026-09-15 15:54:00+00:00,2026-09-15 17:48:00+00:00,114.0
P0082,2026-09-15 15:58:00+00:00,2026-09-15 20:16:00+00:00,258.0
P0083,2026-09-15 16:01:00+00:00,2026-09-15 19:30:00+00:00,209.0
P0084,2026-09-15 16:03:00+00:00,2026-09-15 19:49:00+00:00,226.0
P0085,2026-09-15 16:08:00+00:00,2026-09-15 18:38:00+00:00,150.0
P0086,2026-09-15 16:14:00+00:00,2026-09-15 18:32:00+00:00,138.0
P0087,2026-09-15 16:20:00+00:00,2026-09-15 20:31:00+00:00,251.0
P0088,2026-09-15 16:22:00+00:00,2026-09-15 19:18:00+00:00,176.0
P0089,2026-09-15 16:28:00+00:00,2026-09-15 19:26:00+00:00,178.0
P0090,2026-09-15 16:35:00+00:00,2026-09-15 19:03:00+00:00,148.0
P0091,2026-09-15 16:45:00+00:00,2026-09-15 19:15:00+00:00,150.0
P0092,2026-09-15 16:49:00+00:00,2026-09-15 19:15:00+00:00,146.0
P0093,2026-09-15 16:58:00+00:00,2026-09-15 19:58:00+00:00,180.0
P0094,2026-09-15 17:08:00+00:00,2026-09-15 20:25:00+00:00,197.0
P0095,2026-09-15 17:11:00+00:00,2026-09-15 21:47:00+00:00,276.0
P0096,2026-09-15 17:17:00+00:00,2026-09-15 21:05:00+00:00,228.0
P0097,2026-09-15 17:22:00+00:00,2026-09-15 19:33:00+00:00,131.0
P0098,2026-09-15 17:27:00+00:00,2026-09-15 19:30:00+00:00,123.0
P0099,2026-09-15 17:29:00+00:00,2026-09-15 20:02:00+00:00,153.0
P0100,2026-09-15 17:31:00+00:00,2026-09-15 21:18:00+00:00,227.0
P0101,2026-09-15 17:33:00+00:00,2026-09-15 20:11:00+00:00,158.0
P0102,2026-09-15 17:42:00+00:00,2026-09-15 19:25:00+00:00,103.0
P0103,2026-09-15 17:52:00+00:00,2026-09-15 20:44:00+00:00,172.0
P0104,2026-09-15 18:02:00+00:00,2026-09-15 20:44:00+00:00,162.0
P0105,2026-09-15 18:05:00+00:00,2026-09-15 21:00:00+00:00,175.0
P0106,2026-09-15 18:09:00+00:00,2026-09-15 20:29:00+00:00,140.0
P0107,2026-09-15 18:16:00+00:00,2026-09-15 22:03:00+00:00,227.0
P0108,2026-09-15 18:24:00+00:00,2026-09-15 20:54:00+00:00,150.0
P0109,2026-09-15 18:31:00+00:00,2026-09-15 22:20:00+00:00,229.0
P0110,2026-09-15 18:40:00+00:00,2026-09-15 22:04:00+00:00,204.0
P0111,2026-09-15 18:49:00+00:00,2026-09-15 21:32:00+00:00,163.0
P0112,2026-09-15 18:52:00+00:00,2026-09-15 22:32:00+00:00,220.0
P0113,2026-09-15 18:56:00+00:00,2026-09-15 20:53:00+00:00,117.0
P0114,2026-09-15 19:06:00+00:00,2026-09-15 20:32:00+00:00,86.0
P0115,2026-09-15 19:14:00+00:00,2026-09-15 21:52:00+00:00,158.0
P0116,2026-09-15 19:21:00+00:00,2026-09-15 23:29:00+00:00,248.0
P0117,2026-09-15 19:24:00+00:00,2026-09-15 21:50:00+00:00,146.0
P0118,2026-09-15 19:28:00+00:00,2026-09-16 00:19:00+00:00,291.0
P0119,2026-09-15 19:35:00+00:00,2026-09-15 23:35:00+00:00,240.0
P0120,2026-09-15 19:44:00+00:00,2026-09-15 23:54:00+00:00,250.0
P0121,2026-09-15 19:51:00+00:00,2026-09-15 21:12:00+00:00,81.0
P0122,2026-09-15 20:00:00+00:00,2026-09-15 22:54:00+00:00,174.0
P0123,2026-09-15 20:07:00+00:00,2026-09-16 00:38:00+00:00,271.0
P0124,2026-09-15 20:14:00+00:00,2026-09-16 00:01:00+00:00,227.0
P0125,2026-09-15 20:16:00+00:00,2026-09-15 22:23:00+00:00,127.0
P0126,2026-09-15 20:22:00+00:00,2026-09-15 23:25:00+00:00,183.0
P0127,2026-09-15 20:26:00+00:00,2026-09-16 00:52:00+00:00,266.0
P0128,2026-09-15 20:32:00+00:00,2026-09-15 23:24:00+00:00,172.0
P0129,2026-09-15 20:36:00+00:00,2026-09-15 23:26:00+00:00,170.0
P0130,2026-09-15 20:42:00+00:00,2026-09-16 00:30:00+00:00,228.0
P0131,2026-09-15 20:50:00+00:00,2026-09-15 22:46:00+00:00,116.0
P0132,2026-09-15 20:54:00+00:00,2026-09-16 00:32:00+00:00,218.0
P0133,2026-09-15 20:57:00+00:00,2026-09-15 22:55:00+00:00,118.0
P0134,2026-09-15 21:06:00+00:00,2026-09-16 00:05:00+00:00,179.0
P0135,2026-09-15 21:13:00+00:00,2026-09-16 01:03:00+00:00,230.0
P0136,2026-09-15 21:15:00+00:00,2026-09-15 23:52:00+00:00,157.0
P0137,2026-09-15 21:22:00+00:00,2026-09-16 01:33:00+00:00,251.0
P0138,2026-09-15 21:28:00+00:00,2026-09-16 00:48:00+00:00,200.0
P0139,2026-09-15 21:30:00+00:00,2026-09-16 00:09:00+00:00,159.0
P0140,2026-09-15 21:34:00+00:00,2026-09-16 00:09:00+00:00,155.0
P0141,2026-09-15 21:44:00+00:00,2026-09-16 01:41:00+00:00,237.0
P0142,2026-09-15 21:51:00+00:00,2026-09-16 00:27:00+00:00,156.0
P0143,2026-09-15 21:53:00+00:00,2026-09-16 00:54:00+00:00,181.0
P0144,2026-09-15 22:00:00+00:00,2026-09-16 00:55:00+00:00,175.0
P0145,2026-09-15 22:03:00+00:00,2026-09-16 01:54:00+00:00,231.0
P0146,2026-09-15 22:06:00+00:00,2026-09-16 02:13:00+00:00,247.0
P0147,2026-09-15 22:10:00+00:00,2026-09-16 00:13:00+00:00,123.0
P0148,2026-09-15 22:19:00+00:00,2026-09-16 01:08:00+00:00,169.0
P0149,2026-09-15 22:27:00+00:00,2026-09-16 00:26:00+00:00,119.0
P0150,2026-09-15 22:31:00+00:00,2026-09-16 00:21:00+00:00,110.0
P0151,2026-09-15 22:38:00+00:00,2026-09-16 00:49:00+00:00,131.0
P0152,2026-09-15 22:48:00+00:00,2026-09-16 02:23:00+00:00,215.0
P0153,2026-09-15 22:54:00+00:00,2026-09-16 01:49:00+00:00,175.0
P0154,2026-09-15 22:59:00+00:00,2026-09-16 01:09:00+00:00,130.0
P0155,2026-09-15 23:08:00+00:00,2026-09-16 02:38:00+00:00,210.0
P0156,2026-09-15 23:11:00+00:00,2026-09-16 02:39:00+00:00,208.0
P0157,2026-09-15 23:16:00+00:00,2026-09-16 01:56:00+00:00,160.0
P0158,2026-09-15 23:26:00+00:00,2026-09-16 01:41:00+00:00,135.0
P0159,2026-09-15 23:32:00+00:00,2026-09-16 01:47:00+00:00,135.0
P0160,2026-09-15 23:34:00+00:00,2026-09-16 02:25:00+00:00,171.0
P0161,2026-09-15 23:37:00+00:00,2026-09-16 03:50:00+00:00,253.0
P0162,2026-09-15 23:39:00+00:00,2026-09-16 04:00:00+00:00,261.0
P0163,2026-09-15 23:45:00+00:00,2026-09-16 02:25:00+00:00,160.0
P0164,2026-09-15 23:51:00+00:00,2026-09-16 02:36:00+00:00,165.0
P0165,2026-09-15 23:55:00+00:00,2026-09-16 02:10:00+00:00,135.0
P0166,2026-09-16 00:04:00+00:00,2026-09-16 04:25:00+00:00,261.0
P0167,2026-09-16 00:13:00+00:00,2026-09-16 03:00:00+00:00,167.0
P0168,2026-09-16 00:18:00+00:00,2026-09-16 02:59:00+00:00,161.0
P0169,2026-09-16 00:27:00+00:00,2026-09-16 04:16:00+00:00,229.0
P0170,2026-09-16 00:30:00+00:00,2026-09-16 04:31:00+00:00,241.0
P0171,2026-09-16 00:35:00+00:00,2026-09-16 04:20:00+00:00,225.0
P0172,2026-09-16 00:43:00+00:00,2026-09-16 03:01:00+00:00,138.0
P0173,2026-09-16 00:48:00+00:00,2026-09-16 02:54:00+00:00,126.0
P0174,2026-09-16 00:50:00+00:00,2026-09-16 05:24:00+00:00,274.0
P0175,2026-09-16 00:53:00+00:00,2026-09-16 04:30:00+00:00,217.0
P0176,2026-09-16 00:56:00+00:00,2026-09-16 03:02:00+00:00,126.0
P0177,2026-09-16 01:01:00+00:00,2026-09-16 03:32:00+00:00,151.0
P0178,2026-09-16 01:03:00+00:00,2026-09-16 03:37:00+00:00,154.0
P0179,2026-09-16 01:10:00+00:00,2026-09-16 03:44:00+00:00,154.0
P0180,2026-09-16 01:20:00+00:00,2026-09-16 04:32:00+00:00,192.0
P0181,2026-09-16 01:23:00+00:00,2026-09-16 03:46:00+00:00,143.0
P0182,2026-09-16 01:33:00+00:00,2026-09-16 04:16:00+00:00,163.0
P0183,2026-09-16 01:43:00+00:00,2026-09-16 04:04:00+00:00,141.0
P0184,2026-09-16 01:46:00+00:00,2026-09-16 04:51:00+00:00,185.0
P0185,2026-09-16 01:54:00+00:00,2026-09-16 04:21:00+00:00,147.0
P0186,2026-09-16 02:04:00+00:00,2026-09-16 05:53:00+00:00,229.0
P0187,2026-09-16 02:08:00+00:00,2026-09-16 05:00:00+00:00,172.0
P0188,2026-09-16 02:13:00+00:00,2026-09-16 04:50:00+00:00,157.0
P0189,2026-09-16 02:18:00+00:00,2026-09-16 05:11:00+00:00,173.0
P0190,2026-09-16 02:26:00+00:00,2026-09-16 06:56:00+00:00,270.0
P0191,2026-09-16 02:34:00+00:00,2026-09-16 05:11:00+00:00,157.0
P0192,2026-09-16 02:43:00+00:00,2026-09-16 05:29:00+00:00,166.0
P0193,2026-09-16 02:50:00+00:00,2026-09-16 05:16:00+00:00,146.0
P0194,2026-09-16 02:53:00+00:00,2026-09-16 06:35:00+00:00,222.0
P0195,2026-09-16 03:01:00+00:00,2026-09-16 05:38:00+00:00,157.0
P0196,2026-09-16 03:11:00+00:00,2026-09-16 05:36:00+00:00,145.0
P0197,2026-09-16 03:16:00+00:00,2026-09-16 05:57:00+00:00,161.0
P0198,2026-09-16 03:23:00+00:00,2026-09-16 07:30:00+00:00,247.0
P0199,2026-09-16 03:33:00+00:00,2026-09-16 05:36:00+00:00,123.0
P0200,2026-09-16 03:38:00+00:00,2026-09-16 08:10:00+00:00,272.0
P0201,2026-09-16 03:40:00+00:00,2026-09-16 05:51:00+00:00,131.0
P0202,2026-09-16 03:44:00+00:00,2026-09-16 07:31:00+00:00,227.0
P0203,2026-09-16 03:52:00+00:00,2026-09-16 05:42:00+00:00,110.0
P0204,2026-09-16 04:00:00+00:00,2026-09-16 06:43:00+00:00,163.0
P0205,2026-09-16 04:10:00+00:00,2026-09-16 06:15:00+00:00,125.0
P0206,2026-09-16 04:14:00+00:00,2026-09-16 06:32:00+00:00,138.0
P0207,2026-09-16 04:19:00+00:00,2026-09-16 06:33:00+00:00,134.0
P0208,2026-09-16 04:27:00+00:00,2026-09-16 08:40:00+00:00,253.0
P0209,2026-09-16 04:34:00+00:00,2026-09-16 07:45:00+00:00,191.0
P0210,2026-09-16 04:39:00+00:00,2026-09-16 07:00:00+00:00,141.0
P0211,2026-09-16 04:42:00+00:00,2026-09-16 08:00:00+00:00,198.0
P0212,2026-09-16 04:45:00+00:00,2026-09-16 07:20:00+00:00,155.0
P0213,2026-09-16 04:48:00+00:00,2026-09-16 07:17:00+00:00,149.0
P0214,2026-09-16 04:54:00+00:00,2026-09-16 08:31:00+00:00,217.0
P0215,2026-09-16 04:59:00+00:00,2026-09-16 07:48:00+00:00,169.0
P0216,2026-09-16 05:06:00+00:00,2026-09-16 07:50:00+00:00,164.0
P0217,2026-09-16 05:13:00+00:00,2026-09-16 09:39:00+00:00,266.0
P0218,2026-09-16 05:23:00+00:00,2026-09-16 09:30:00+00:00,247.0
P0219,2026-09-16 05:27:00+00:00,2026-09-16 08:36:00+00:00,189.0
P0220,2026-09-16 05:37:00+00:00,2026-09-16 10:04:00+00:00,267.0
P0221,2026-09-16 05:44:00+00:00,2026-09-16 07:39:00+00:00,115.0
P0222,2026-09-16 05:52:00+00:00,2026-09-16 08:09:00+00:00,137.0
P0223,2026-09-16 05:56:00+00:00,2026-09-16 09:46:00+00:00,230.0
P0224,2026-09-16 05:58:00+00:00,2026-09-16 07:57:00+00:00,119.0
P0225,2026-09-16 06:08:00+00:00,2026-09-16 10:13:00+00:00,245.0
P0226,2026-09-16 06:17:00+00:00,2026-09-16 08:08:00+00:00,111.0
P0227,2026-09-16 06:24:00+00:00,2026-09-16 11:26:00+00:00,302.0
P0228,2026-09-16 06:31:00+00:00,2026-09-16 09:17:00+00:00,166.0
P0229,2026-09-16 06:34:00+00:00,2026-09-16 10:44:00+00:00,250.0
P0230,2026-09-16 06:43:00+00:00,2026-09-16 09:16:00+00:00,153.0
P0231,2026-09-16 06:45:00+00:00,2026-09-16 09:39:00+00:00,174.0
P0232,2026-09-16 06:53:00+00:00,2026-09-16 08:56:00+00:00,123.0
P0233,2026-09-16 06:59:00+00:00,2026-09-16 11:01:00+00:00,242.0
P0234,2026-09-16 07:09:00+00:00,2026-09-16 09:23:00+00:00,134.0
P0235,2026-09-16 07:18:00+00:00,2026-09-16 11:59:00+00:00,281.0
P0236,2026-09-16 07:23:00+00:00,2026-09-16 10:32:00+00:00,189.0
P0237,2026-09-16 07:29:00+00:00,2026-09-16 09:04:00+00:00,95.0
P0238,2026-09-16 07:36:00+00:00,2026-09-16 10:39:00+00:00,183.0
P0239,2026-09-16 07:39:00+00:00,2026-09-16 10:25:00+00:00,166.0
P0240,2026-09-16 07:42:00+00:00,2026-09-16 10:44:00+00:00,182.0
P0241,2026-09-16 07:47:00+00:00,2026-09-16 10:27:00+00:00,160.0
P0242,2026-09-16 07:49:00+00:00,2026-09-16 10:49:00+00:00,180.0
P0243,2026-09-16 07:52:00+00:00,2026-09-16 09:49:00+00:00,117.0
P0244,2026-09-16 07:55:00+00:00,2026-09-16 10:25:00+00:00,150.0
P0245,2026-09-16 07:57:00+00:00,2026-09-16 10:40:00+00:00,163.0
P0246,2026-09-16 08:03:00+00:00,2026-09-16 11:42:00+00:00,219.0
P0247,2026-09-16 08:11:00+00:00,2026-09-16 10:04:00+00:00,113.0
P0248,2026-09-16 08:18:00+00:00,2026-09-16 10:26:00+00:00,128.0
P0249,2026-09-16 08:23:00+00:00,2026-09-16 10:36:00+00:00,133.0
P0250,2026-09-16 08:32:00+00:00,2026-09-16 11:16:00+00:00,164.0
P0251,2026-09-16 08:39:00+00:00,2026-09-16 10:28:00+00:00,109.0
P0252,2026-09-16 08:41:00+00:00,2026-09-16 11:59:00+00:00,198.0
P0253,2026-09-16 08:51:00+00:00,2026-09-16 11:04:00+00:00,133.0
P0254,2026-09-16 08:59:00+00:00,2026-09-16 11:10:00+00:00,131.0
P0255,2026-09-16 09:08:00+00:00,2026-09-16 10:40:00+00:00,92.0
P0256,2026-09-16 09:17:00+00:00,2026-09-16 11:01:00+00:00,104.0
P0257,2026-09-16 09:23:00+00:00,2026-09-16 11:52:00+00:00,149.0
P0258,2026-09-16 09:27:00+00:00,2026-09-16 11:15:00+00:00,108.0
P0259,2026-09-16 09:32:00+00:00,2026-09-16 13:30:00+00:00,238.0
P0260,2026-09-16 09:38:00+00:00,2026-09-16 11:27:00+00:00,109.0
P0261,2026-09-16 09:47:00+00:00,2026-09-16 12:02:00+00:00,135.0
P0262,2026-09-16 09:53:00+00:00,2026-09-16 12:27:00+00:00,154.0
P0263,2026-09-16 10:01:00+00:00,2026-09-16 13:59:00+00:00,238.0
P0264,2026-09-16 10:03:00+00:00,2026-09-16 12:23:00+00:00,140.0
P0265,2026-09-16 10:06:00+00:00,2026-09-16 12:57:00+00:00,171.0
P0266,2026-09-16 10:11:00+00:00,2026-09-16 13:09:00+00:00,178.0
P0267,2026-09-16 10:15:00+00:00,2026-09-16 12:56:00+00:00,161.0
P0268,2026-09-16 10:21:00+00:00,2026-09-16 12:24:00+00:00,123.0
P0269,2026-09-16 10:24:00+00:00,2026-09-16 12:37:00+00:00,133.0
P0270,2026-09-16 10:32:00+00:00,2026-09-16 11:51:00+00:00,79.0
P0271,2026-09-16 10:36:00+00:00,2026-09-16 14:17:00+00:00,221.0
P0272,2026-09-16 10:45:00+00:00,2026-09-16 12:47:00+00:00,122.0
P0273,2026-09-16 10:53:00+00:00,2026-09-16 13:13:00+00:00,140.0
P0274,2026-09-16 10:57:00+00:00,2026-09-16 14:42:00+00:00,225.0
P0275,2026-09-16 11:07:00+00:00,2026-09-16 15:35:00+00:00,268.0
P0276,2026-09-16 11:09:00+00:00,2026-09-16 14:23:00+00:00,194.0
P0277,2026-09-16 11:15:00+00:00,2026-09-16 13:25:00+00:00,130.0
P0278,2026-09-16 11:22:00+00:00,2026-09-16 14:31:00+00:00,189.0
P0279,2026-09-16 11:26:00+00:00,2026-09-16 13:16:00+00:00,110.0
P0280,2026-09-16 11:31:00+00:00,2026-09-16 12:59:00+00:00,88.0
P0281,2026-09-16 11:34:00+00:00,2026-09-16 14:01:00+00:00,147.0
P0282,2026-09-16 11:43:00+00:00,2026-09-16 14:46:00+00:00,183.0
P0283,2026-09-16 11:49:00+00:00,2026-09-16 15:56:00+00:00,247.0
P0284,2026-09-16 11:56:00+00:00,2026-09-16 14:14:00+00:00,138.0
P0285,2026-09-16 12:02:00+00:00,2026-09-16 15:23:00+00:00,201.0
P0286,2026-09-16 12:09:00+00:00,2026-09-16 14:23:00+00:00,134.0
P0287,2026-09-16 12:11:00+00:00,2026-09-16 15:12:00+00:00,181.0
P0288,2026-09-16 12:15:00+00:00,2026-09-16 14:11:00+00:00,116.0
P0289,2026-09-16 12:21:00+00:00,2026-09-16 15:25:00+00:00,184.0
P0290,2026-09-16 12:30:00+00:00,2026-09-16 16:15:00+00:00,225.0
P0291,2026-09-16 12:33:00+00:00,2026-09-16 14:35:00+00:00,122.0
P0292,2026-09-16 12:42:00+00:00,2026-09-16 14:31:00+00:00,109.0
P0293,2026-09-16 12:47:00+00:00,2026-09-16 16:07:00+00:00,200.0
P0294,2026-09-16 12:50:00+00:00,2026-09-16 15:50:00+00:00,180.0
P0295,2026-09-16 12:54:00+00:00,2026-09-16 15:02:00+00:00,128.0
P0296,2026-09-16 12:58:00+00:00,2026-09-16 15:41:00+00:00,163.0
P0297,2026-09-16 13:04:00+00:00,2026-09-16 15:47:00+00:00,163.0
P0298,2026-09-16 13:07:00+00:00,2026-09-16 15:47:00+00:00,160.0
P0299,2026-09-16 13:09:00+00:00,2026-09-16 17:11:00+00:00,242.0
P0300,2026-09-16 13:16:00+00:00,2026-09-16 16:50:00+00:00,214.0
P0301,2026-09-16 13:19:00+00:00,2026-09-16 16:44:00+00:00,205.0
P0302,2026-09-16 13:23:00+00:00,2026-09-16 16:24:00+00:00,181.0
P0303,2026-09-16 13:26:00+00:00,2026-09-16 16:32:00+00:00,186.0
P0304,2026-09-16 13:33:00+00:00,2026-09-16 16:21:00+00:00,168.0
P0305,2026-09-16 13:41:00+00:00,2026-09-16 15:43:00+00:00,122.0
P0306,2026-09-16 13:47:00+00:00,2026-09-16 16:36:00+00:00,169.0
P0307,2026-09-16 13:50:00+00:00,2026-09-16 17:42:00+00:00,232.0
P0308,2026-09-16 13:56:00+00:00,2026-09-16 17:12:00+00:00,196.0
P0309,2026-09-16 14:02:00+00:00,2026-09-16 18:13:00+00:00,251.0
P0310,2026-09-16 14:06:00+00:00,2026-09-16 16:27:00+00:00,141.0
P0311,2026-09-16 14:11:00+00:00,2026-09-16 17:13:00+00:00,182.0
P0312,2026-09-16 14:20:00+00:00,2026-09-16 17:50:00+00:00,210.0
P0313,2026-09-16 14:27:00+00:00,2026-09-16 17:04:00+00:00,157.0
P0314,2026-09-16 14:34:00+00:00,2026-09-16 17:20:00+00:00,166.0
P0315,2026-09-16 14:38:00+00:00,2026-09-16 17:10:00+00:00,152.0
P0316,2026-09-16 14:45:00+00:00,2026-09-16 16:42:00+00:00,117.0
P0317,2026-09-16 14:51:00+00:00,2026-09-16 18:41:00+00:00,230.0
P0318,2026-09-16 14:58:00+00:00,2026-09-16 16:51:00+00:00,113.0
P0319,2026-09-16 15:03:00+00:00,2026-09-16 17:33:00+00:00,150.0
P0320,2026-09-16 15:05:00+00:00,2026-09-16 17:31:00+00:00,146.0
P0321,2026-09-16 15:14:00+00:00,2026-09-16 18:00:00+00:00,166.0
P0322,2026-09-16 15:22:00+00:00,2026-09-16 17:42:00+00:00,140.0
P0323,2026-09-16 15:27:00+00:00,2026-09-16 17:33:00+00:00,126.0
P0324,2026-09-16 15:34:00+00:00,2026-09-16 18:47:00+00:00,193.0
P0325,2026-09-16 15:43:00+00:00,2026-09-16 17:29:00+00:00,106.0
P0326,2026-09-16 15:50:00+00:00,2026-09-16 17:27:00+00:00,97.0
P0327,2026-09-16 15:56:00+00:00,2026-09-16 18:29:00+00:00,153.0
P0328,2026-09-16 16:04:00+00:00,2026-09-16 18:00:00+00:00,116.0
P0329,2026-09-16 16:12:00+00:00,2026-09-16 19:31:00+00:00,199.0
P0330,2026-09-16 16:16:00+00:00,2026-09-16 18:19:00+00:00,123.0
P0331,2026-09-16 16:26:00+00:00,2026-09-16 18:59:00+00:00,153.0
P0332,2026-09-16 16:33:00+00:00,2026-09-16 18:56:00+00:00,143.0
P0333,2026-09-16 16:42:00+00:00,2026-09-16 19:15:00+00:00,153.0
P0334,2026-09-16 16:52:00+00:00,2026-09-16 19:29:00+00:00,157.0
P0335,2026-09-16 17:01:00+00:00,2026-09-16 20:20:00+00:00,199.0
P0336,2026-09-16 17:10:00+00:00,2026-09-16 19:52:00+00:00,162.0
P0337,2026-09-16 17:13:00+00:00,2026-09-16 20:24:00+00:00,191.0
P0338,2026-09-16 17:17:00+00:00,2026-09-16 19:39:00+00:00,142.0
P0339,2026-09-16 17:26:00+00:00,2026-09-16 20:13:00+00:00,167.0
P0340,2026-09-16 17:36:00+00:00,2026-09-16 20:48:00+00:00,192.0
P0341,2026-09-16 17:44:00+00:00,2026-09-16 20:34:00+00:00,170.0
P0342,2026-09-16 17:50:00+00:00,2026-09-16 20:42:00+00:00,172.0
P0343,2026-09-16 17:55:00+00:00,2026-09-16 21:47:00+00:00,232.0
P0344,2026-09-16 18:03:00+00:00,2026-09-16 20:15:00+00:00,132.0
P0345,2026-09-16 18:05:00+00:00,2026-09-16 21:13:00+00:00,188.0
P0346,2026-09-16 18:15:00+00:00,2026-09-16 20:35:00+00:00,140.0
P0347,2026-09-16 18:22:00+00:00,2026-09-16 20:49:00+00:00,147.0
P0348,2026-09-16 18:32:00+00:00,2026-09-16 20:26:00+00:00,114.0
P0349,2026-09-16 18:40:00+00:00,2026-09-16 22:04:00+00:00,204.0
P0350,2026-09-16 18:47:00+00:00,2026-09-16 21:43:00+00:00,176.0
P0351,2026-09-16 18:51:00+00:00,2026-09-16 21:23:00+00:00,152.0
P0352,2026-09-16 18:58:00+00:00,2026-09-16 22:51:00+00:00,233.0
P0353,2026-09-16 19:00:00+00:00,2026-09-16 21:26:00+00:00,146.0
P0354,2026-09-16 19:10:00+00:00,2026-09-16 21:53:00+00:00,163.0
P0355,2026-09-16 19:13:00+00:00,2026-09-16 23:10:00+00:00,237.0
P0356,2026-09-16 19:15:00+00:00,2026-09-16 21:05:00+00:00,110.0
P0357,2026-09-16 19:20:00+00:00,2026-09-16 22:05:00+00:00,165.0
P0358,2026-09-16 19:23:00+00:00,2026-09-16 21:49:00+00:00,146.0
P0359,2026-09-16 19:26:00+00:00,2026-09-16 23:07:00+00:00,221.0
P0360,2026-09-16 19:32:00+00:00,2026-09-16 21:14:00+00:00,102.0
P0361,2026-09-16 19:42:00+00:00,2026-09-16 21:56:00+00:00,134.0
P0362,2026-09-16 19:47:00+00:00,2026-09-16 22:22:00+00:00,155.0
P0363,2026-09-16 19:57:00+00:00,2026-09-16 23:23:00+00:00,206.0
P0364,2026-09-16 20:02:00+00:00,2026-09-16 23:57:00+00:00,235.0
P0365,2026-09-16 20:09:00+00:00,2026-09-17 00:24:00+00:00,255.0
P0366,2026-09-16 20:13:00+00:00,2026-09-16 22:18:00+00:00,125.0
P0367,2026-09-16 20:23:00+00:00,2026-09-16 22:43:00+00:00,140.0
P0368,2026-09-16 20:31:00+00:00,2026-09-17 00:08:00+00:00,217.0
P0369,2026-09-16 20:41:00+00:00,2026-09-17 00:21:00+00:00,220.0
P0370,2026-09-16 20:47:00+00:00,2026-09-16 23:10:00+00:00,143.0
P0371,2026-09-16 20:54:00+00:00,2026-09-17 01:14:00+00:00,260.0
P0372,2026-09-16 21:02:00+00:00,2026-09-17 00:20:00+00:00,198.0
P0373,2026-09-16 21:12:00+00:00,2026-09-16 22:59:00+00:00,107.0
P0374,2026-09-16 21:16:00+00:00,2026-09-17 00:00:00+00:00,164.0
P0375,2026-09-16 21:20:00+00:00,2026-09-16 23:07:00+00:00,107.0
P0376,2026-09-16 21:24:00+00:00,2026-09-17 01:01:00+00:00,217.0
P0377,2026-09-16 21:33:00+00:00,2026-09-17 00:42:00+00:00,189.0
P0378,2026-09-16 21:37:00+00:00,2026-09-17 00:32:00+00:00,175.0
P0379,2026-09-16 21:40:00+00:00,2026-09-17 01:20:00+00:00,220.0
P0380,2026-09-16 21:44:00+00:00,2026-09-17 00:06:00+00:00,142.0
P0381,2026-09-16 21:52:00+00:00,2026-09-17 00:05:00+00:00,133.0
P0382,2026-09-16 21:58:00+00:00,2026-09-17 01:16:00+00:00,198.0
P0383,2026-09-16 22:06:00+00:00,2026-09-17 00:51:00+00:00,165.0
P0384,2026-09-16 22:14:00+00:00,2026-09-17 01:00:00+00:00,166.0
P0385,2026-09-16 22:22:00+00:00,2026-09-17 00:27:00+00:00,125.0
P0386,2026-09-16 22:26:00+00:00,2026-09-17 00:32:00+00:00,126.0
P0387,2026-09-16 22:31:00+00:00,2026-09-17 01:57:00+00:00,206.0
P0388,2026-09-16 22:35:00+00:00,2026-09-17 00:56:00+00:00,141.0
P0389,2026-09-16 22:39:00+00:00,2026-09-17 00:33:00+00:00,114.0
P0390,2026-09-16 22:47:00+00:00,2026-09-17 01:32:00+00:00,165.0
P0391,2026-09-16 22:54:00+00:00,2026-09-17 01:06:00+00:00,132.0
P0392,2026-09-16 23:02:00+00:00,2026-09-17 02:01:00+00:00,179.0
P0393,2026-09-16 23:11:00+00:00,2026-09-17 01:59:00+00:00,168.0
P0394,2026-09-16 23:17:00+00:00,2026-09-17 02:34:00+00:00,197.0
P0395,2026-09-16 23:24:00+00:00,2026-09-17 03:17:00+00:00,233.0
P0396,2026-09-16 23:29:00+00:00,2026-09-17 01:30:00+00:00,121.0
P0397,2026-09-16 23:32:00+00:00,2026-09-17 02:55:00+00:00,203.0
P0398,2026-09-16 23:41:00+00:00,2026-09-17 02:47:00+00:00,186.0
P0399,2026-09-16 23:43:00+00:00,2026-09-17 02:06:00+00:00,143.0
P0400,2026-09-16 23:46:00+00:00,2026-09-17 02:08:00+00:00,142.0
P0401,2026-09-16 23:53:00+00:00,2026-09-17 02:31:00+00:00,158.0
P0402,2026-09-17 00:00:00+00:00,2026-09-17 04:17:00+00:00,257.0
P0403,2026-09-17 00:03:00+00:00,2026-09-17 02:42:00+00:00,159.0
P0404,2026-09-17 00:07:00+00:00,2026-09-17 03:18:00+00:00,191.0
P0405,2026-09-17 00:15:00+00:00,2026-09-17 04:01:00+00:00,226.0
P0406,2026-09-17 00:22:00+00:00,2026-09-17 04:57:00+00:00,275.0
P0407,2026-09-17 00:31:00+00:00,2026-09-17 03:37:00+00:00,186.0
P0408,2026-09-17 00:39:00+00:00,2026-09-17 02:33:00+00:00,114.0
P0409,2026-09-17 00:45:00+00:00,2026-09-17 03:44:00+00:00,179.0
P0410,2026-09-17 00:49:00+00:00,2026-09-17 03:02:00+00:00,133.0
P0411,2026-09-17 00:52:00+00:00,2026-09-17 04:21:00+00:00,209.0
P0412,2026-09-17 00:58:00+00:00,2026-09-17 04:38:00+00:00,220.0
P0413,2026-09-17 01:08:00+00:00,2026-09-17 04:06:00+00:00,178.0
P0414,2026-09-17 01:18:00+00:00,2026-09-17 03:51:00+00:00,153.0
P0415,2026-09-17 01:26:00+00:00,2026-09-17 05:04:00+00:00,218.0
P0416,2026-09-17 01:28:00+00:00,2026-09-17 04:01:00+00:00,153.0
P0417,2026-09-17 01:36:00+00:00,2026-09-17 05:40:00+00:00,244.0
P0418,2026-09-17 01:44:00+00:00,2026-09-17 05:45:00+00:00,241.0
P0419,2026-09-17 01:46:00+00:00,2026-09-17 03:59:00+00:00,133.0
P0420,2026-09-17 01:51:00+00:00,2026-09-17 05:14:00+00:00,203.0
P0421,2026-09-17 01:55:00+00:00,2026-09-17 05:01:00+00:00,186.0
P0422,2026-09-17 02:04:00+00:00,2026-09-17 04:49:00+00:00,165.0
P0423,2026-09-17 02:10:00+00:00,2026-09-17 05:20:00+00:00,190.0
P0424,2026-09-17 02:12:00+00:00,2026-09-17 04:57:00+00:00,165.0
P0425,2026-09-17 02:19:00+00:00,2026-09-17 04:12:00+00:00,113.0
P0426,2026-09-17 02:26:00+00:00,2026-09-17 04:35:00+00:00,129.0
P0427,2026-09-17 02:35:00+00:00,2026-09-17 05:08:00+00:00,153.0
P0428,2026-09-17 02:41:00+00:00,2026-09-17 04:57:00+00:00,136.0
P0429,2026-09-17 02:50:00+00:00,2026-09-17 07:01:00+00:00,251.0
P0430,2026-09-17 03:00:00+00:00,2026-09-17 05:34:00+00:00,154.0
P0431,2026-09-17 03:03:00+00:00,2026-09-17 05:17:00+00:00,134.0
P0432,2026-09-17 03:08:00+00:00,2026-09-17 05:23:00+00:00,135.0
P0433,2026-09-17 03:15:00+00:00,2026-09-17 05:35:00+00:00,140.0
P0434,2026-09-17 03:25:00+00:00,2026-09-17 08:00:00+00:00,275.0
P0435,2026-09-17 03:28:00+00:00,2026-09-17 06:14:00+00:00,166.0
P0436,2026-09-17 03:38:00+00:00,2026-09-17 07:59:00+00:00,261.0
P0437,2026-09-17 03:48:00+00:00,2026-09-17 06:57:00+00:00,189.0
P0438,2026-09-17 03:54:00+00:00,2026-09-17 06:09:00+00:00,135.0
P0439,2026-09-17 04:03:00+00:00,2026-09-17 06:33:00+00:00,150.0
P0440,2026-09-17 04:11:00+00:00,2026-09-17 06:52:00+00:00,161.0
P0441,2026-09-17 04:13:00+00:00,2026-09-17 06:21:00+00:00,128.0
P0442,2026-09-17 04:15:00+00:00,2026-09-17 06:29:00+00:00,134.0
P0443,2026-09-17 04:19:00+00:00,2026-09-17 08:11:00+00:00,232.0
P0444,2026-09-17 04:22:00+00:00,2026-09-17 06:53:00+00:00,151.0
P0445,2026-09-17 04:31:00+00:00,2026-09-17 07:32:00+00:00,181.0
P0446,2026-09-17 04:37:00+00:00,2026-09-17 07:22:00+00:00,165.0
P0447,2026-09-17 04:42:00+00:00,2026-09-17 08:00:00+00:00,198.0
P0448,2026-09-17 04:46:00+00:00,2026-09-17 06:22:00+00:00,96.0
P0449,2026-09-17 04:49:00+00:00,2026-09-17 08:39:00+00:00,230.0
P0450,2026-09-17 04:51:00+00:00,2026-09-17 06:26:00+00:00,95.0
P0451,2026-09-17 04:53:00+00:00,2026-09-17 08:22:00+00:00,209.0
P0452,2026-09-17 04:57:00+00:00,2026-09-17 08:28:00+00:00,211.0
P0453,2026-09-17 05:04:00+00:00,2026-09-17 07:45:00+00:00,161.0
P0454,2026-09-17 05:14:00+00:00,2026-09-17 07:25:00+00:00,131.0
P0455,2026-09-17 05:22:00+00:00,2026-09-17 08:58:00+00:00,216.0
P0456,2026-09-17 05:32:00+00:00,2026-09-17 08:16:00+00:00,164.0
P0457,2026-09-17 05:36:00+00:00,2026-09-17 08:58:00+00:00,202.0
P0458,2026-09-17 05:40:00+00:00,2026-09-17 09:45:00+00:00,245.0
P0459,2026-09-17 05:44:00+00:00,2026-09-17 08:14:00+00:00,150.0
P0460,2026-09-17 05:49:00+00:00,2026-09-17 09:12:00+00:00,203.0
P0461,2026-09-17 05:54:00+00:00,2026-09-17 09:04:00+00:00,190.0
P0462,2026-09-17 06:03:00+00:00,2026-09-17 08:40:00+00:00,157.0
P0463,2026-09-17 06:08:00+00:00,2026-09-17 10:33:00+00:00,265.0
P0464,2026-09-17 06:11:00+00:00,2026-09-17 08:52:00+00:00,161.0
P0465,2026-09-17 06:13:00+00:00,2026-09-17 09:18:00+00:00,185.0
P0466,2026-09-17 06:23:00+00:00,2026-09-17 09:03:00+00:00,160.0
P0467,2026-09-17 06:27:00+00:00,2026-09-17 09:04:00+00:00,157.0
P0468,2026-09-17 06:30:00+00:00,2026-09-17 08:58:00+00:00,148.0
P0469,2026-09-17 06:39:00+00:00,2026-09-17 11:10:00+00:00,271.0
P0470,2026-09-17 06:41:00+00:00,2026-09-17 09:45:00+00:00,184.0
P0471,2026-09-17 06:45:00+00:00,2026-09-17 11:19:00+00:00,274.0
P0472,2026-09-17 06:52:00+00:00,2026-09-17 09:09:00+00:00,137.0
P0473,2026-09-17 06:58:00+00:00,2026-09-17 11:06:00+00:00,248.0
P0474,2026-09-17 07:06:00+00:00,2026-09-17 10:09:00+00:00,183.0
P0475,2026-09-17 07:16:00+00:00,2026-09-17 09:45:00+00:00,149.0
P0476,2026-09-17 07:18:00+00:00,2026-09-17 09:33:00+00:00,135.0
P0477,2026-09-17 07:20:00+00:00,2026-09-17 09:31:00+00:00,131.0
P0478,2026-09-17 07:27:00+00:00,2026-09-17 10:40:00+00:00,193.0
P0479,2026-09-17 07:37:00+00:00,2026-09-17 10:51:00+00:00,194.0
P0480,2026-09-17 07:42:00+00:00,2026-09-17 09:42:00+00:00,120.0
P0481,2026-09-17 07:50:00+00:00,2026-09-17 11:29:00+00:00,219.0
P0482,2026-09-17 08:00:00+00:00,2026-09-17 11:20:00+00:00,200.0
P0483,2026-09-17 08:09:00+00:00,2026-09-17 09:50:00+00:00,101.0
P0484,2026-09-17 08:17:00+00:00,2026-09-17 10:21:00+00:00,124.0
P0485,2026-09-17 08:19:00+00:00,2026-09-17 11:45:00+00:00,206.0
P0486,2026-09-17 08:28:00+00:00,2026-09-17 10:02:00+00:00,94.0
P0487,2026-09-17 08:38:00+00:00,2026-09-17 12:18:00+00:00,220.0
P0488,2026-09-17 08:40:00+00:00,2026-09-17 10:33:00+00:00,113.0
P0489,2026-09-17 08:47:00+00:00,2026-09-17 12:59:00+00:00,252.0
P0490,2026-09-17 08:52:00+00:00,2026-09-17 11:33:00+00:00,161.0
P0491,2026-09-17 09:01:00+00:00,2026-09-17 13:02:00+00:00,241.0
P0492,2026-09-17 09:09:00+00:00,2026-09-17 11:45:00+00:00,156.0
P0493,2026-09-17 09:14:00+00:00,2026-09-17 11:40:00+00:00,146.0
P0494,2026-09-17 09:24:00+00:00,2026-09-17 12:08:00+00:00,164.0
P0495,2026-09-17 09:33:00+00:00,2026-09-17 12:46:00+00:00,193.0
P0496,2026-09-17 09:35:00+00:00,2026-09-17 12:28:00+00:00,173.0
P0497,2026-09-17 09:42:00+00:00,2026-09-17 12:49:00+00:00,187.0
P0498,2026-09-17 09:52:00+00:00,2026-09-17 12:05:00+00:00,133.0
P0499,2026-09-17 09:59:00+00:00,2026-09-17 12:30:00+00:00,151.0
P0500,2026-09-17 10:09:00+00:00,2026-09-17 12:06:00+00:00,117.0
P0501,2026-09-17 10:11:00+00:00,2026-09-17 14:32:00+00:00,261.0
P0502,2026-09-17 10:21:00+00:00,2026-09-17 13:07:00+00:00,166.0
P0503,2026-09-17 10:26:00+00:00,2026-09-17 13:09:00+00:00,163.0
P0504,2026-09-17 10:33:00+00:00,2026-09-17 14:18:00+00:00,225.0
P0505,2026-09-17 10:36:00+00:00,2026-09-17 13:17:00+00:00,161.0
P0506,2026-09-17 10:43:00+00:00,2026-09-17 12:33:00+00:00,110.0
P0507,2026-09-17 10:47:00+00:00,2026-09-17 13:21:00+00:00,154.0
P0508,2026-09-17 10:53:00+00:00,2026-09-17 14:38:00+00:00,225.0
P0509,2026-09-17 10:58:00+00:00,2026-09-17 13:15:00+00:00,137.0
P0510,2026-09-17 11:03:00+00:00,2026-09-17 12:57:00+00:00,114.0
P0511,2026-09-17 11:12:00+00:00,2026-09-17 13:54:00+00:00,162.0
P0512,2026-09-17 11:22:00+00:00,2026-09-17 13:35:00+00:00,133.0
P0513,2026-09-17 11:30:00+00:00,2026-09-17 13:59:00+00:00,149.0
P0514,2026-09-17 11:35:00+00:00,2026-09-17 13:03:00+00:00,88.0
P0515,2026-09-17 11:38:00+00:00,2026-09-17 13:29:00+00:00,111.0
P0516,2026-09-17 11:40:00+00:00,2026-09-17 13:57:00+00:00,137.0
P0517,2026-09-17 11:43:00+00:00,2026-09-17 14:15:00+00:00,152.0
P0518,2026-09-17 11:49:00+00:00,2026-09-17 14:58:00+00:00,189.0
P0519,2026-09-17 11:54:00+00:00,2026-09-17 14:43:00+00:00,169.0
P0520,2026-09-17 12:03:00+00:00,2026-09-17 13:37:00+00:00,94.0
P0521,2026-09-17 12:07:00+00:00,2026-09-17 14:18:00+00:00,131.0
P0522,2026-09-17 12:17:00+00:00,2026-09-17 14:50:00+00:00,153.0
P0523,2026-09-17 12:26:00+00:00,2026-09-17 15:48:00+00:00,202.0
P0524,2026-09-17 12:32:00+00:00,2026-09-17 15:14:00+00:00,162.0
P0525,2026-09-17 12:39:00+00:00,2026-09-17 14:27:00+00:00,108.0
P0526,2026-09-17 12:42:00+00:00,2026-09-17 14:53:00+00:00,131.0
P0527,2026-09-17 12:44:00+00:00,2026-09-17 15:36:00+00:00,172.0
P0528,2026-09-17 12:48:00+00:00,2026-09-17 14:38:00+00:00,110.0
P0529,2026-09-17 12:54:00+00:00,2026-09-17 14:52:00+00:00,118.0
P0530,2026-09-17 12:59:00+00:00,2026-09-17 16:46:00+00:00,227.0
P0531,2026-09-17 13:03:00+00:00,2026-09-17 16:14:00+00:00,191.0
P0532,2026-09-17 13:11:00+00:00,2026-09-17 15:20:00+00:00,129.0
P0533,2026-09-17 13:19:00+00:00,2026-09-17 15:36:00+00:00,137.0
P0534,2026-09-17 13:23:00+00:00,2026-09-17 16:06:00+00:00,163.0
P0535,2026-09-17 13:25:00+00:00,2026-09-17 15:42:00+00:00,137.0
P0536,2026-09-17 13:31:00+00:00,2026-09-17 16:39:00+00:00,188.0
P0537,2026-09-17 13:37:00+00:00,2026-09-17 16:06:00+00:00,149.0
P0538,2026-09-17 13:46:00+00:00,2026-09-17 15:58:00+00:00,132.0
P0539,2026-09-17 13:51:00+00:00,2026-09-17 16:12:00+00:00,141.0
P0540,2026-09-17 13:55:00+00:00,2026-09-17 17:53:00+00:00,238.0
P0541,2026-09-17 13:57:00+00:00,2026-09-17 16:09:00+00:00,132.0
P0542,2026-09-17 14:02:00+00:00,2026-09-17 16:45:00+00:00,163.0
P0543,2026-09-17 14:12:00+00:00,2026-09-17 16:45:00+00:00,153.0
P0544,2026-09-17 14:19:00+00:00,2026-09-17 16:51:00+00:00,152.0
P0545,2026-09-17 14:29:00+00:00,2026-09-17 18:21:00+00:00,232.0
P0546,2026-09-17 14:35:00+00:00,2026-09-17 18:22:00+00:00,227.0
P0547,2026-09-17 14:39:00+00:00,2026-09-17 18:01:00+00:00,202.0
P0548,2026-09-17 14:49:00+00:00,2026-09-17 18:44:00+00:00,235.0
P0549,2026-09-17 14:51:00+00:00,2026-09-17 18:40:00+00:00,229.0
P0550,2026-09-17 14:56:00+00:00,2026-09-17 17:47:00+00:00,171.0
P0551,2026-09-17 15:02:00+00:00,2026-09-17 19:47:00+00:00,285.0
P0552,2026-09-17 15:05:00+00:00,2026-09-17 17:49:00+00:00,164.0
P0553,2026-09-17 15:09:00+00:00,2026-09-17 18:03:00+00:00,174.0
P0554,2026-09-17 15:11:00+00:00,2026-09-17 19:31:00+00:00,260.0
P0555,2026-09-17 15:20:00+00:00,2026-09-17 18:44:00+00:00,204.0
P0556,2026-09-17 15:24:00+00:00,2026-09-17 17:32:00+00:00,128.0
P0557,2026-09-17 15:26:00+00:00,2026-09-17 17:45:00+00:00,139.0
P0558,2026-09-17 15:30:00+00:00,2026-09-17 17:52:00+00:00,142.0
P0559,2026-09-17 15:37:00+00:00,2026-09-17 18:58:00+00:00,201.0
P0560,2026-09-17 15:47:00+00:00,2026-09-17 19:58:00+00:00,251.0
P0561,2026-09-17 15:53:00+00:00,2026-09-17 20:05:00+00:00,252.0
P0562,2026-09-17 15:57:00+00:00,2026-09-17 18:30:00+00:00,153.0
P0563,2026-09-17 16:06:00+00:00,2026-09-17 18:36:00+00:00,150.0
P0564,2026-09-17 16:10:00+00:00,2026-09-17 18:22:00+00:00,132.0
P0565,2026-09-17 16:13:00+00:00,2026-09-17 20:37:00+00:00,264.0
P0566,2026-09-17 16:15:00+00:00,2026-09-17 19:01:00+00:00,166.0
P0567,2026-09-17 16:19:00+00:00,2026-09-17 19:34:00+00:00,195.0
P0568,2026-09-17 16:26:00+00:00,2026-09-17 18:52:00+00:00,146.0
P0569,2026-09-17 16:28:00+00:00,2026-09-17 19:45:00+00:00,197.0
P0570,2026-09-17 16:38:00+00:00,2026-09-17 19:27:00+00:00,169.0
P0571,2026-09-17 16:45:00+00:00,2026-09-17 19:19:00+00:00,154.0
P0572,2026-09-17 16:49:00+00:00,2026-09-17 18:59:00+00:00,130.0
P0573,2026-09-17 16:54:00+00:00,2026-09-17 18:57:00+00:00,123.0
P0574,2026-09-17 17:00:00+00:00,2026-09-17 19:24:00+00:00,144.0
P0575,2026-09-17 17:05:00+00:00,2026-09-17 19:58:00+00:00,173.0
P0576,2026-09-17 17:07:00+00:00,2026-09-17 19:49:00+00:00,162.0
P0577,2026-09-17 17:12:00+00:00,2026-09-17 19:09:00+00:00,117.0
P0578,2026-09-17 17:19:00+00:00,2026-09-17 21:02:00+00:00,223.0
P0579,2026-09-17 17:22:00+00:00,2026-09-17 19:35:00+00:00,133.0
P0580,2026-09-17 17:30:00+00:00,2026-09-17 21:36:00+00:00,246.0
P0581,2026-09-17 17:33:00+00:00,2026-09-17 21:57:00+00:00,264.0
P0582,2026-09-17 17:38:00+00:00,2026-09-17 20:02:00+00:00,144.0
P0583,2026-09-17 17:48:00+00:00,2026-09-17 20:05:00+00:00,137.0
P0584,2026-09-17 17:55:00+00:00,2026-09-17 20:29:00+00:00,154.0
P0585,2026-09-17 18:01:00+00:00,2026-09-17 20:52:00+00:00,171.0
P0586,2026-09-17 18:04:00+00:00,2026-09-17 21:23:00+00:00,199.0
P0587,2026-09-17 18:11:00+00:00,2026-09-17 22:35:00+00:00,264.0
P0588,2026-09-17 18:21:00+00:00,2026-09-17 21:30:00+00:00,189.0
P0589,2026-09-17 18:31:00+00:00,2026-09-17 21:08:00+00:00,157.0
P0590,2026-09-17 18:40:00+00:00,2026-09-17 20:57:00+00:00,137.0
P0591,2026-09-17 18:48:00+00:00,2026-09-17 20:49:00+00:00,121.0
P0592,2026-09-17 18:55:00+00:00,2026-09-17 21:52:00+00:00,177.0
P0593,2026-09-17 19:02:00+00:00,2026-09-17 21:54:00+00:00,172.0
P0594,2026-09-17 19:04:00+00:00,2026-09-17 22:01:00+00:00,177.0
P0595,2026-09-17 19:11:00+00:00,2026-09-17 21:16:00+00:00,125.0
P0596,2026-09-17 19:21:00+00:00,2026-09-17 21:57:00+00:00,156.0
P0597,2026-09-17 19:31:00+00:00,2026-09-17 22:44:00+00:00,193.0
P0598,2026-09-17 19:41:00+00:00,2026-09-17 22:25:00+00:00,164.0
P0599,2026-09-17 19:46:00+00:00,2026-09-17 22:42:00+00:00,176.0
P0600,2026-09-17 19:55:00+00:00,2026-09-18 00:38:00+00:00,283.0
P0601,2026-09-17 19:59:00+00:00,2026-09-17 23:59:00+00:00,240.0
P0602,2026-09-17 20:07:00+00:00,2026-09-17 23:48:00+00:00,221.0
P0603,2026-09-17 20:13:00+00:00,2026-09-17 23:34:00+00:00,201.0
P0604,2026-09-17 20:16:00+00:00,2026-09-17 22:12:00+00:00,116.0
P0605,2026-09-17 20:26:00+00:00,2026-09-17 22:49:00+00:00,143.0
P0606,2026-09-17 20:31:00+00:00,2026-09-17 22:40:00+00:00,129.0
P0607,2026-09-17 20:33:00+00:00,2026-09-17 23:08:00+00:00,155.0
P0608,2026-09-17 20:40:00+00:00,2026-09-17 22:52:00+00:00,132.0
P0609,2026-09-17 20:46:00+00:00,2026-09-17 23:01:00+00:00,135.0
P0610,2026-09-17 20:52:00+00:00,2026-09-18 00:45:00+00:00,233.0
P0611,2026-09-17 21:00:00+00:00,2026-09-17 23:27:00+00:00,147.0
P0612,2026-09-17 21:10:00+00:00,2026-09-17 22:54:00+00:00,104.0
P0613,2026-09-17 21:15:00+00:00,2026-09-17 23:47:00+00:00,152.0
P0614,2026-09-17 21:22:00+00:00,2026-09-17 23:39:00+00:00,137.0
P0615,2026-09-17 21:29:00+00:00,2026-09-18 01:43:00+00:00,254.0
P0616,2026-09-17 21:35:00+00:00,2026-09-18 00:12:00+00:00,157.0
P0617,2026-09-17 21:42:00+00:00,2026-09-18 01:03:00+00:00,201.0
P0618,2026-09-17 21:50:00+00:00,2026-09-18 01:14:00+00:00,204.0
P0619,2026-09-17 21:55:00+00:00,2026-09-18 00:08:00+00:00,133.0
P0620,2026-09-17 22:03:00+00:00,2026-09-17 23:56:00+00:00,113.0
P0621,2026-09-17 22:08:00+00:00,2026-09-18 01:03:00+00:00,175.0
P0622,2026-09-17 22:14:00+00:00,2026-09-17 23:59:00+00:00,105.0
P0623,2026-09-17 22:21:00+00:00,2026-09-18 00:22:00+00:00,121.0
P0624,2026-09-17 22:23:00+00:00,2026-09-18 01:03:00+00:00,160.0
P0625,2026-09-17 22:31:00+00:00,2026-09-18 01:35:00+00:00,184.0
P0626,2026-09-17 22:35:00+00:00,2026-09-18 01:42:00+00:00,187.0
P0627,2026-09-17 22:44:00+00:00,2026-09-18 00:25:00+00:00,101.0
P0628,2026-09-17 22:49:00+00:00,2026-09-18 01:17:00+00:00,148.0
P0629,2026-09-17 22:56:00+00:00,2026-09-18 02:53:00+00:00,237.0
P0630,2026-09-17 22:58:00+00:00,2026-09-18 02:20:00+00:00,202.0
P0631,2026-09-17 23:08:00+00:00,2026-09-18 00:59:00+00:00,111.0
P0632,2026-09-17 23:13:00+00:00,2026-09-18 03:07:00+00:00,234.0
P0633,2026-09-17 23:20:00+00:00,2026-09-18 02:12:00+00:00,172.0
P0634,2026-09-17 23:27:00+00:00,2026-09-18 02:19:00+00:00,172.0
P0635,2026-09-17 23:31:00+00:00,2026-09-18 01:59:00+00:00,148.0
P0636,2026-09-17 23:37:00+00:00,2026-09-18 01:42:00+00:00,125.0
P0637,2026-09-17 23:47:00+00:00,2026-09-18 03:00:00+00:00,193.0
P0638,2026-09-17 23:57:00+00:00,2026-09-18 03:44:00+00:00,227.0
P0639,2026-09-18 00:04:00+00:00,2026-09-18 02:07:00+00:00,123.0
P0640,2026-09-18 00:06:00+00:00,2026-09-18 02:49:00+00:00,163.0
P0641,2026-09-18 00:14:00+00:00,2026-09-18 01:33:00+00:00,79.0
P0642,2026-09-18 00:19:00+00:00,2026-09-18 02:49:00+00:00,150.0
P0643,2026-09-18 00:23:00+00:00,2026-09-18 02:22:00+00:00,119.0
P0644,2026-09-18 00:28:00+00:00,2026-09-18 03:59:00+00:00,211.0
P0645,2026-09-18 00:36:00+00:00,2026-09-18 03:25:00+00:00,169.0
P0646,2026-09-18 00:42:00+00:00,2026-09-18 03:46:00+00:00,184.0
P0647,2026-09-18 00:46:00+00:00,2026-09-18 05:10:00+00:00,264.0
P0648,2026-09-18 00:54:00+00:00,2026-09-18 03:47:00+00:00,173.0
P0649,2026-09-18 00:58:00+00:00,2026-09-18 04:21:00+00:00,203.0
P0650,2026-09-18 01:02:00+00:00,2026-09-18 04:33:00+00:00,211.0
P0651,2026-09-18 01:09:00+00:00,2026-09-18 03:38:00+00:00,149.0
P0652,2026-09-18 01:12:00+00:00,2026-09-18 03:33:00+00:00,141.0
P0653,2026-09-18 01:16:00+00:00,2026-09-18 03:34:00+00:00,138.0
P0654,2026-09-18 01:21:00+00:00,2026-09-18 03:17:00+00:00,116.0
P0655,2026-09-18 01:28:00+00:00,2026-09-18 04:08:00+00:00,160.0
P0656,2026-09-18 01:36:00+00:00,2026-09-18 03:58:00+00:00,142.0
P0657,2026-09-18 01:39:00+00:00,2026-09-18 04:27:00+00:00,168.0
P0658,2026-09-18 01:49:00+00:00,2026-09-18 04:33:00+00:00,164.0
P0659,2026-09-18 01:54:00+00:00,2026-09-18 04:07:00+00:00,133.0
P0660,2026-09-18 02:02:00+00:00,2026-09-18 04:39:00+00:00,157.0
P0661,2026-09-18 02:06:00+00:00,2026-09-18 05:46:00+00:00,220.0
P0662,2026-09-18 02:09:00+00:00,2026-09-18 04:59:00+00:00,170.0
P0663,2026-09-18 02:15:00+00:00,2026-09-18 04:40:00+00:00,145.0
P0664,2026-09-18 02:18:00+00:00,2026-09-18 06:00:00+00:00,222.0
P0665,2026-09-18 02:28:00+00:00,2026-09-18 05:36:00+00:00,188.0
P0666,2026-09-18 02:32:00+00:00,2026-09-18 06:14:00+00:00,222.0
P0667,2026-09-18 02:35:00+00:00,2026-09-18 04:57:00+00:00,142.0
P0668,2026-09-18 02:38:00+00:00,2026-09-18 05:11:00+00:00,153.0
P0669,2026-09-18 02:40:00+00:00,2026-09-18 04:46:00+00:00,126.0
P0670,2026-09-18 02:43:00+00:00,2026-09-18 05:42:00+00:00,179.0
P0671,2026-09-18 02:47:00+00:00,2026-09-18 05:46:00+00:00,179.0
P0672,2026-09-18 02:55:00+00:00,2026-09-18 06:15:00+00:00,200.0
P0673,2026-09-18 03:05:00+00:00,2026-09-18 06:49:00+00:00,224.0
P0674,2026-09-18 03:10:00+00:00,2026-09-18 06:42:00+00:00,212.0
P0675,2026-09-18 03:18:00+00:00,2026-09-18 06:04:00+00:00,166.0
P0676,2026-09-18 03:22:00+00:00,2026-09-18 06:36:00+00:00,194.0
P0677,2026-09-18 03:30:00+00:00,2026-09-18 05:43:00+00:00,133.0
P0678,2026-09-18 03:33:00+00:00,2026-09-18 07:28:00+00:00,235.0
P0679,2026-09-18 03:38:00+00:00,2026-09-18 05:47:00+00:00,129.0
P0680,2026-09-18 03:48:00+00:00,2026-09-18 06:29:00+00:00,161.0
P0681,2026-09-18 03:52:00+00:00,2026-09-18 07:59:00+00:00,247.0
P0682,2026-09-18 04:02:00+00:00,2026-09-18 06:21:00+00:00,139.0
P0683,2026-09-18 04:12:00+00:00,2026-09-18 06:39:00+00:00,147.0
P0684,2026-09-18 04:17:00+00:00,2026-09-18 05:48:00+00:00,91.0
P0685,2026-09-18 04:25:00+00:00,2026-09-18 06:35:00+00:00,130.0
P0686,2026-09-18 04:32:00+00:00,2026-09-18 07:03:00+00:00,151.0
P0687,2026-09-18 04:37:00+00:00,2026-09-18 06:23:00+00:00,106.0
P0688,2026-09-18 04:46:00+00:00,2026-09-18 07:24:00+00:00,158.0
P0689,2026-09-18 04:49:00+00:00,2026-09-18 07:04:00+00:00,135.0
P0690,2026-09-18 04:52:00+00:00,2026-09-18 08:28:00+00:00,216.0
P0691,2026-09-18 04:54:00+00:00,2026-09-18 07:52:00+00:00,178.0
P0692,2026-09-18 05:04:00+00:00,2026-09-18 07:11:00+00:00,127.0
P0693,2026-09-18 05:09:00+00:00,2026-09-18 07:35:00+00:00,146.0
P0694,2026-09-18 05:17:00+00:00,2026-09-18 07:06:00+00:00,109.0
P0695,2026-09-18 05:27:00+00:00,2026-09-18 09:01:00+00:00,214.0
P0696,2026-09-18 05:30:00+00:00,2026-09-18 07:12:00+00:00,102.0
P0697,2026-09-18 05:38:00+00:00,2026-09-18 09:43:00+00:00,245.0
P0698,2026-09-18 05:47:00+00:00,2026-09-18 08:33:00+00:00,166.0
P0699,2026-09-18 05:50:00+00:00,2026-09-18 10:49:00+00:00,299.0
P0700,2026-09-18 05:54:00+00:00,2026-09-18 09:30:00+00:00,216.0
P0701,2026-09-18 06:00:00+00:00,2026-09-18 08:19:00+00:00,139.0
P0702,2026-09-18 06:08:00+00:00,2026-09-18 10:37:00+00:00,269.0
P0703,2026-09-18 06:14:00+00:00,2026-09-18 08:18:00+00:00,124.0
P0704,2026-09-18 06:19:00+00:00,2026-09-18 08:32:00+00:00,133.0
P0705,2026-09-18 06:26:00+00:00,2026-09-18 09:35:00+00:00,189.0
P0706,2026-09-18 06:31:00+00:00,2026-09-18 09:32:00+00:00,181.0
P0707,2026-09-18 06:33:00+00:00,2026-09-18 08:58:00+00:00,145.0
P0708,2026-09-18 06:40:00+00:00,2026-09-18 08:57:00+00:00,137.0
P0709,2026-09-18 06:45:00+00:00,2026-09-18 09:35:00+00:00,170.0
P0710,2026-09-18 06:55:00+00:00,2026-09-18 10:26:00+00:00,211.0
P0711,2026-09-18 06:58:00+00:00,2026-09-18 11:44:00+00:00,286.0
P0712,2026-09-18 07:04:00+00:00,2026-09-18 09:06:00+00:00,122.0
P0713,2026-09-18 07:12:00+00:00,2026-09-18 09:31:00+00:00,139.0
P0714,2026-09-18 07:22:00+00:00,2026-09-18 10:40:00+00:00,198.0
P0715,2026-09-18 07:30:00+00:00,2026-09-18 09:47:00+00:00,137.0
P0716,2026-09-18 07:33:00+00:00,2026-09-18 09:53:00+00:00,140.0
P0717,2026-09-18 07:36:00+00:00,2026-09-18 11:44:00+00:00,248.0
P0718,2026-09-18 07:46:00+00:00,2026-09-18 10:19:00+00:00,153.0
P0719,2026-09-18 07:54:00+00:00,2026-09-18 12:05:00+00:00,251.0
P0720,2026-09-18 08:02:00+00:00,2026-09-18 12:17:00+00:00,255.0
P0721,2026-09-18 08:10:00+00:00,2026-09-18 10:17:00+00:00,127.0
P0722,2026-09-18 08:17:00+00:00,2026-09-18 10:58:00+00:00,161.0
P0723,2026-09-18 08:20:00+00:00,2026-09-18 11:37:00+00:00,197.0
P0724,2026-09-18 08:25:00+00:00,2026-09-18 11:55:00+00:00,210.0
P0725,2026-09-18 08:33:00+00:00,2026-09-18 10:38:00+00:00,125.0
P0726,2026-09-18 08:38:00+00:00,2026-09-18 13:03:00+00:00,265.0
P0727,2026-09-18 08:42:00+00:00,2026-09-18 12:11:00+00:00,209.0
P0728,2026-09-18 08:44:00+00:00,2026-09-18 11:42:00+00:00,178.0
P0729,2026-09-18 08:48:00+00:00,2026-09-18 10:53:00+00:00,125.0
P0730,2026-09-18 08:52:00+00:00,2026-09-18 12:32:00+00:00,220.0
P0731,2026-09-18 08:56:00+00:00,2026-09-18 12:19:00+00:00,203.0
P0732,2026-09-18 09:02:00+00:00,2026-09-18 12:41:00+00:00,219.0
P0733,2026-09-18 09:08:00+00:00,2026-09-18 11:09:00+00:00,121.0
P0734,2026-09-18 09:12:00+00:00,2026-09-18 12:50:00+00:00,218.0
P0735,2026-09-18 09:22:00+00:00,2026-09-18 11:46:00+00:00,144.0
P0736,2026-09-18 09:27:00+00:00,2026-09-18 11:05:00+00:00,98.0
P0737,2026-09-18 09:32:00+00:00,2026-09-18 11:33:00+00:00,121.0
P0738,2026-09-18 09:39:00+00:00,2026-09-18 13:36:00+00:00,237.0
P0739,2026-09-18 09:41:00+00:00,2026-09-18 11:29:00+00:00,108.0
P0740,2026-09-18 09:43:00+00:00,2026-09-18 14:00:00+00:00,257.0
P0741,2026-09-18 09:51:00+00:00,2026-09-18 12:40:00+00:00,169.0
P0742,2026-09-18 10:00:00+00:00,2026-09-18 11:55:00+00:00,115.0
P0743,2026-09-18 10:08:00+00:00,2026-09-18 12:03:00+00:00,115.0
P0744,2026-09-18 10:13:00+00:00,2026-09-18 12:38:00+00:00,145.0
P0745,2026-09-18 10:19:00+00:00,2026-09-18 12:41:00+00:00,142.0
P0746,2026-09-18 10:27:00+00:00,2026-09-18 12:39:00+00:00,132.0
P0747,2026-09-18 10:31:00+00:00,2026-09-18 13:03:00+00:00,152.0
P0748,2026-09-18 10:39:00+00:00,2026-09-18 12:39:00+00:00,120.0
P0749,2026-09-18 10:48:00+00:00,2026-09-18 12:57:00+00:00,129.0
P0750,2026-09-18 10:57:00+00:00,2026-09-18 12:58:00+00:00,121.0
P0751,2026-09-18 11:07:00+00:00,2026-09-18 13:58:00+00:00,171.0
P0752,2026-09-18 11:10:00+00:00,2026-09-18 14:32:00+00:00,202.0
P0753,2026-09-18 11:18:00+00:00,2026-09-18 13:37:00+00:00,139.0
P0754,2026-09-18 11:24:00+00:00,2026-09-18 14:19:00+00:00,175.0
P0755,2026-09-18 11:29:00+00:00,2026-09-18 14:14:00+00:00,165.0
P0756,2026-09-18 11:33:00+00:00,2026-09-18 15:16:00+00:00,223.0
P0757,2026-09-18 11:41:00+00:00,2026-09-18 15:39:00+00:00,238.0
P0758,2026-09-18 11:46:00+00:00,2026-09-18 13:19:00+00:00,93.0
P0759,2026-09-18 11:56:00+00:00,2026-09-18 13:57:00+00:00,121.0
P0760,2026-09-18 12:00:00+00:00,2026-09-18 14:03:00+00:00,123.0
P0761,2026-09-18 12:06:00+00:00,2026-09-18 15:04:00+00:00,178.0
P0762,2026-09-18 12:09:00+00:00,2026-09-18 14:18:00+00:00,129.0
P0763,2026-09-18 12:11:00+00:00,2026-09-18 16:27:00+00:00,256.0
P0764,2026-09-18 12:18:00+00:00,2026-09-18 14:57:00+00:00,159.0
P0765,2026-09-18 12:20:00+00:00,2026-09-18 14:36:00+00:00,136.0
P0766,2026-09-18 12:30:00+00:00,2026-09-18 17:08:00+00:00,278.0
P0767,2026-09-18 12:32:00+00:00,2026-09-18 15:38:00+00:00,186.0
P0768,2026-09-18 12:39:00+00:00,2026-09-18 14:57:00+00:00,138.0
P0769,2026-09-18 12:43:00+00:00,2026-09-18 15:12:00+00:00,149.0
P0770,2026-09-18 12:53:00+00:00,2026-09-18 16:00:00+00:00,187.0
P0771,2026-09-18 13:02:00+00:00,2026-09-18 15:21:00+00:00,139.0
P0772,2026-09-18 13:09:00+00:00,2026-09-18 15:34:00+00:00,145.0
P0773,2026-09-18 13:12:00+00:00,2026-09-18 17:05:00+00:00,233.0
P0774,2026-09-18 13:20:00+00:00,2026-09-18 15:49:00+00:00,149.0
P0775,2026-09-18 13:22:00+00:00,2026-09-18 15:49:00+00:00,147.0
P0776,2026-09-18 13:26:00+00:00,2026-09-18 16:14:00+00:00,168.0
P0777,2026-09-18 13:31:00+00:00,2026-09-18 15:07:00+00:00,96.0
P0778,2026-09-18 13:39:00+00:00,2026-09-18 17:24:00+00:00,225.0
P0779,2026-09-18 13:45:00+00:00,2026-09-18 16:02:00+00:00,137.0
P0780,2026-09-18 13:49:00+00:00,2026-09-18 15:44:00+00:00,115.0
P0781,2026-09-18 13:52:00+00:00,2026-09-18 16:07:00+00:00,135.0
P0782,2026-09-18 13:54:00+00:00,2026-09-18 17:39:00+00:00,225.0
P0783,2026-09-18 13:58:00+00:00,2026-09-18 16:45:00+00:00,167.0
P0784,2026-09-18 14:01:00+00:00,2026-09-18 18:08:00+00:00,247.0
P0785,2026-09-18 14:09:00+00:00,2026-09-18 16:32:00+00:00,143.0
P0786,2026-09-18 14:17:00+00:00,2026-09-18 17:25:00+00:00,188.0
P0787,2026-09-18 14:22:00+00:00,2026-09-18 16:49:00+00:00,147.0
P0788,2026-09-18 14:24:00+00:00,2026-09-18 17:49:00+00:00,205.0
P0789,2026-09-18 14:32:00+00:00,2026-09-18 16:28:00+00:00,116.0
P0790,2026-09-18 14:39:00+00:00,2026-09-18 17:11:00+00:00,152.0
P0791,2026-09-18 14:44:00+00:00,2026-09-18 18:49:00+00:00,245.0
P0792,2026-09-18 14:50:00+00:00,2026-09-18 17:24:00+00:00,154.0
P0793,2026-09-18 14:53:00+00:00,2026-09-18 17:56:00+00:00,183.0
P0794,2026-09-18 15:00:00+00:00,2026-09-18 17:14:00+00:00,134.0
P0795,2026-09-18 15:10:00+00:00,2026-09-18 17:43:00+00:00,153.0
P0796,2026-09-18 15:12:00+00:00,2026-09-18 19:13:00+00:00,241.0
P0797,2026-09-18 15:22:00+00:00,2026-09-18 19:23:00+00:00,241.0
P0798,2026-09-18 15:28:00+00:00,2026-09-18 19:23:00+00:00,235.0
P0799,2026-09-18 15:37:00+00:00,2026-09-18 18:25:00+00:00,168.0
P0800,2026-09-18 15:43:00+00:00,2026-09-18 17:20:00+00:00,97.0
P0801,2026-09-18 15:46:00+00:00,2026-09-18 18:33:00+00:00,167.0
P0802,2026-09-18 15:54:00+00:00,2026-09-18 20:17:00+00:00,263.0
P0803,2026-09-18 15:58:00+00:00,2026-09-18 18:09:00+00:00,131.0
P0804,2026-09-18 16:07:00+00:00,2026-09-18 18:06:00+00:00,119.0
P0805,2026-09-18 16:13:00+00:00,2026-09-18 20:30:00+00:00,257.0
P0806,2026-09-18 16:15:00+00:00,2026-09-18 18:26:00+00:00,131.0
P0807,2026-09-18 16:17:00+00:00,2026-09-18 19:15:00+00:00,178.0
P0808,2026-09-18 16:26:00+00:00,2026-09-18 18:51:00+00:00,145.0
P0809,2026-09-18 16:30:00+00:00,2026-09-18 19:22:00+00:00,172.0
P0810,2026-09-18 16:34:00+00:00,2026-09-18 19:13:00+00:00,159.0
P0811,2026-09-18 16:42:00+00:00,2026-09-18 18:21:00+00:00,99.0
P0812,2026-09-18 16:47:00+00:00,2026-09-18 20:15:00+00:00,208.0
P0813,2026-09-18 16:57:00+00:00,2026-09-18 20:37:00+00:00,220.0
P0814,2026-09-18 17:02:00+00:00,2026-09-18 20:16:00+00:00,194.0
P0815,2026-09-18 17:12:00+00:00,2026-09-18 20:25:00+00:00,193.0
P0816,2026-09-18 17:19:00+00:00,2026-09-18 20:17:00+00:00,178.0
P0817,2026-09-18 17:25:00+00:00,2026-09-18 19:56:00+00:00,151.0
P0818,2026-09-18 17:28:00+00:00,2026-09-18 20:13:00+00:00,165.0
P0819,2026-09-18 17:33:00+00:00,2026-09-18 20:02:00+00:00,149.0
P0820,2026-09-18 17:38:00+00:00,2026-09-18 20:07:00+00:00,149.0
P0821,2026-09-18 17:40:00+00:00,2026-09-18 22:24:00+00:00,284.0
P0822,2026-09-18 17:50:00+00:00,2026-09-18 20:10:00+00:00,140.0
P0823,2026-09-18 17:55:00+00:00,2026-09-18 20:45:00+00:00,170.0
P0824,2026-09-18 18:05:00+00:00,2026-09-18 20:33:00+00:00,148.0
P0825,2026-09-18 18:07:00+00:00,2026-09-18 20:37:00+00:00,150.0
P0826,2026-09-18 18:11:00+00:00,2026-09-18 21:55:00+00:00,224.0
P0827,2026-09-18 18:13:00+00:00,2026-09-18 21:02:00+00:00,169.0
P0828,2026-09-18 18:20:00+00:00,2026-09-18 20:41:00+00:00,141.0
P0829,2026-09-18 18:28:00+00:00,2026-09-18 21:34:00+00:00,186.0
P0830,2026-09-18 18:34:00+00:00,2026-09-18 22:26:00+00:00,232.0
P0831,2026-09-18 18:38:00+00:00,2026-09-18 21:58:00+00:00,200.0
P0832,2026-09-18 18:41:00+00:00,2026-09-18 20:59:00+00:00,138.0
P0833,2026-09-18 18:43:00+00:00,2026-09-18 21:29:00+00:00,166.0
P0834,2026-09-18 18:46:00+00:00,2026-09-18 22:29:00+00:00,223.0
P0835,2026-09-18 18:48:00+00:00,2026-09-18 20:57:00+00:00,129.0
P0836,2026-09-18 18:50:00+00:00,2026-09-18 21:55:00+00:00,185.0
P0837,2026-09-18 18:56:00+00:00,2026-09-18 20:55:00+00:00,119.0
P0838,2026-09-18 19:06:00+00:00,2026-09-18 22:47:00+00:00,221.0
P0839,2026-09-18 19:08:00+00:00,2026-09-18 21:12:00+00:00,124.0
P0840,2026-09-18 19:16:00+00:00,2026-09-18 21:22:00+00:00,126.0
P0841,2026-09-18 19:25:00+00:00,2026-09-18 22:19:00+00:00,174.0
P0842,2026-09-18 19:35:00+00:00,2026-09-18 22:16:00+00:00,161.0
P0843,2026-09-18 19:42:00+00:00,2026-09-18 23:17:00+00:00,215.0
P0844,2026-09-18 19:52:00+00:00,2026-09-18 21:34:00+00:00,102.0
P0845,2026-09-18 19:54:00+00:00,2026-09-18 22:32:00+00:00,158.0
P0846,2026-09-18 19:56:00+00:00,2026-09-18 23:21:00+00:00,205.0
P0847,2026-09-18 20:05:00+00:00,2026-09-18 21:50:00+00:00,105.0
P0848,2026-09-18 20:09:00+00:00,2026-09-18 22:43:00+00:00,154.0
P0849,2026-09-18 20:13:00+00:00,2026-09-19 00:00:00+00:00,227.0
P0850,2026-09-18 20:22:00+00:00,2026-09-18 22:36:00+00:00,134.0
P0851,2026-09-18 20:25:00+00:00,2026-09-18 23:42:00+00:00,197.0
P0852,2026-09-18 20:35:00+00:00,2026-09-19 00:02:00+00:00,207.0
P0853,2026-09-18 20:41:00+00:00,2026-09-19 00:26:00+00:00,225.0
P0854,2026-09-18 20:51:00+00:00,2026-09-18 23:16:00+00:00,145.0
P0855,2026-09-18 20:55:00+00:00,2026-09-18 23:26:00+00:00,151.0
P0856,2026-09-18 21:04:00+00:00,2026-09-18 23:30:00+00:00,146.0
P0857,2026-09-18 21:07:00+00:00,2026-09-18 23:24:00+00:00,137.0
P0858,2026-09-18 21:16:00+00:00,2026-09-19 00:22:00+00:00,186.0
P0859,2026-09-18 21:22:00+00:00,2026-09-18 23:35:00+00:00,133.0
P0860,2026-09-18 21:30:00+00:00,2026-09-19 00:08:00+00:00,158.0
P0861,2026-09-18 21:40:00+00:00,2026-09-19 00:06:00+00:00,146.0
P0862,2026-09-18 21:46:00+00:00,2026-09-18 23:59:00+00:00,133.0
P0863,2026-09-18 21:56:00+00:00,2026-09-18 23:55:00+00:00,119.0
P0864,2026-09-18 22:03:00+00:00,2026-09-19 02:10:00+00:00,247.0
P0865,2026-09-18 22:08:00+00:00,2026-09-19 01:39:00+00:00,211.0
P0866,2026-09-18 22:14:00+00:00,2026-09-19 00:16:00+00:00,122.0
P0867,2026-09-18 22:24:00+00:00,2026-09-19 01:43:00+00:00,199.0
P0868,2026-09-18 22:34:00+00:00,2026-09-19 00:46:00+00:00,132.0
P0869,2026-09-18 22:41:00+00:00,2026-09-19 00:51:00+00:00,130.0
P0870,2026-09-18 22:47:00+00:00,2026-09-19 01:36:00+00:00,169.0
P0871,2026-09-18 22:52:00+00:00,2026-09-19 01:37:00+00:00,165.0
P0872,2026-09-18 22:59:00+00:00,2026-09-19 01:53:00+00:00,174.0
P0873,2026-09-18 23:06:00+00:00,2026-09-19 01:48:00+00:00,162.0
P0874,2026-09-18 23:16:00+00:00,2026-09-19 01:37:00+00:00,141.0
P0875,2026-09-18 23:19:00+00:00,2026-09-19 02:01:00+00:00,162.0
P0876,2026-09-18 23:25:00+00:00,2026-09-19 01:58:00+00:00,153.0
P0877,2026-09-18 23:32:00+00:00,2026-09-19 02:25:00+00:00,173.0
P0878,2026-09-18 23:38:00+00:00,2026-09-19 01:34:00+00:00,116.0
P0879,2026-09-18 23:42:00+00:00,2026-09-19 02:15:00+00:00,153.0
P0880,2026-09-18 23:44:00+00:00,2026-09-19 02:26:00+00:00,162.0
P0881,2026-09-18 23:52:00+00:00,2026-09-19 03:59:00+00:00,247.0
P0882,2026-09-18 23:55:00+00:00,2026-09-19 03:38:00+00:00,223.0
P0883,2026-09-19 00:02:00+00:00,2026-09-19 03:38:00+00:00,216.0
P0884,2026-09-19 00:05:00+00:00,2026-09-19 03:04:00+00:00,179.0
P0885,2026-09-19 00:14:00+00:00,2026-09-19 02:46:00+00:00,152.0
P0886,2026-09-19 00:23:00+00:00,2026-09-19 02:35:00+00:00,132.0
P0887,2026-09-19 00:30:00+00:00,2026-09-19 02:38:00+00:00,128.0
P0888,2026-09-19 00:40:00+00:00,2026-09-19 02:15:00+00:00,95.0
P0889,2026-09-19 00:43:00+00:00,2026-09-19 03:16:00+00:00,153.0
P0890,2026-09-19 00:52:00+00:00,2026-09-19 03:18:00+00:00,146.0
P0891,2026-09-19 01:00:00+00:00,2026-09-19 05:21:00+00:00,261.0
P0892,2026-09-19 01:08:00+00:00,2026-09-19 05:00:00+00:00,232.0
P0893,2026-09-19 01:16:00+00:00,2026-09-19 04:33:00+00:00,197.0
P0894,2026-09-19 01:19:00+00:00,2026-09-19 05:43:00+00:00,264.0
P0895,2026-09-19 01:29:00+00:00,2026-09-19 05:30:00+00:00,241.0
P0896,2026-09-19 01:38:00+00:00,2026-09-19 04:05:00+00:00,147.0
P0897,2026-09-19 01:43:00+00:00,2026-09-19 04:05:00+00:00,142.0
P0898,2026-09-19 01:45:00+00:00,2026-09-19 04:04:00+00:00,139.0
P0899,2026-09-19 01:51:00+00:00,2026-09-19 06:04:00+00:00,253.0
P0900,2026-09-19 01:58:00+00:00,2026-09-19 03:23:00+00:00,85.0
P0901,2026-09-19 02:03:00+00:00,2026-09-19 04:47:00+00:00,164.0
P0902,2026-09-19 02:11:00+00:00,2026-09-19 05:29:00+00:00,198.0
P0903,2026-09-19 02:20:00+00:00,2026-09-19 04:21:00+00:00,121.0
P0904,2026-09-19 02:30:00+00:00,2026-09-19 03:52:00+00:00,82.0
P0905,2026-09-19 02:39:00+00:00,2026-09-19 05:29:00+00:00,170.0
P0906,2026-09-19 02:43:00+00:00,2026-09-19 05:09:00+00:00,146.0
P0907,2026-09-19 02:46:00+00:00,2026-09-19 05:41:00+00:00,175.0
P0908,2026-09-19 02:48:00+00:00,2026-09-19 05:02:00+00:00,134.0
P0909,2026-09-19 02:52:00+00:00,2026-09-19 05:03:00+00:00,131.0
P0910,2026-09-19 03:00:00+00:00,2026-09-19 05:16:00+00:00,136.0
P0911,2026-09-19 03:10:00+00:00,2026-09-19 05:08:00+00:00,118.0
P0912,2026-09-19 03:15:00+00:00,2026-09-19 06:57:00+00:00,222.0
P0913,2026-09-19 03:20:00+00:00,2026-09-19 06:58:00+00:00,218.0
P0914,2026-09-19 03:23:00+00:00,2026-09-19 06:38:00+00:00,195.0
P0915,2026-09-19 03:25:00+00:00,2026-09-19 06:01:00+00:00,156.0
P0916,2026-09-19 03:31:00+00:00,2026-09-19 05:45:00+00:00,134.0
P0917,2026-09-19 03:41:00+00:00,2026-09-19 07:41:00+00:00,240.0
P0918,2026-09-19 03:51:00+00:00,2026-09-19 06:08:00+00:00,137.0
P0919,2026-09-19 03:56:00+00:00,2026-09-19 06:04:00+00:00,128.0
P0920,2026-09-19 04:06:00+00:00,2026-09-19 08:29:00+00:00,263.0
P0921,2026-09-19 04:14:00+00:00,2026-09-19 06:01:00+00:00,107.0
P0922,2026-09-19 04:24:00+00:00,2026-09-19 06:12:00+00:00,108.0
P0923,2026-09-19 04:30:00+00:00,2026-09-19 06:24:00+00:00,114.0
P0924,2026-09-19 04:36:00+00:00,2026-09-19 08:17:00+00:00,221.0
P0925,2026-09-19 04:38:00+00:00,2026-09-19 07:23:00+00:00,165.0
P0926,2026-09-19 04:44:00+00:00,2026-09-19 07:13:00+00:00,149.0
P0927,2026-09-19 04:52:00+00:00,2026-09-19 07:57:00+00:00,185.0
P0928,2026-09-19 05:00:00+00:00,2026-09-19 07:38:00+00:00,158.0
P0929,2026-09-19 05:08:00+00:00,2026-09-19 07:38:00+00:00,150.0
P0930,2026-09-19 05:13:00+00:00,2026-09-19 07:46:00+00:00,153.0
P0931,2026-09-19 05:21:00+00:00,2026-09-19 07:12:00+00:00,111.0
P0932,2026-09-19 05:24:00+00:00,2026-09-19 07:37:00+00:00,133.0
P0933,2026-09-19 05:34:00+00:00,2026-09-19 07:45:00+00:00,131.0
P0934,2026-09-19 05:39:00+00:00,2026-09-19 08:49:00+00:00,190.0
P0935,2026-09-19 05:47:00+00:00,2026-09-19 09:42:00+00:00,235.0
P0936,2026-09-19 05:49:00+00:00,2026-09-19 09:40:00+00:00,231.0
P0937,2026-09-19 05:57:00+00:00,2026-09-19 08:27:00+00:00,150.0
P0938,2026-09-19 06:05:00+00:00,2026-09-19 09:16:00+00:00,191.0
P0939,2026-09-19 06:12:00+00:00,2026-09-19 08:20:00+00:00,128.0
P0940,2026-09-19 06:19:00+00:00,2026-09-19 08:42:00+00:00,143.0
P0941,2026-09-19 06:23:00+00:00,2026-09-19 08:49:00+00:00,146.0
P0942,2026-09-19 06:25:00+00:00,2026-09-19 08:35:00+00:00,130.0
P0943,2026-09-19 06:28:00+00:00,2026-09-19 08:44:00+00:00,136.0
P0944,2026-09-19 06:31:00+00:00,2026-09-19 09:02:00+00:00,151.0
P0945,2026-09-19 06:35:00+00:00,2026-09-19 08:54:00+00:00,139.0
P0946,2026-09-19 06:43:00+00:00,2026-09-19 08:10:00+00:00,87.0
P0947,2026-09-19 06:45:00+00:00,2026-09-19 09:06:00+00:00,141.0
P0948,2026-09-19 06:54:00+00:00,2026-09-19 10:00:00+00:00,186.0
P0949,2026-09-19 06:57:00+00:00,2026-09-19 09:10:00+00:00,133.0
P0950,2026-09-19 06:59:00+00:00,2026-09-19 10:40:00+00:00,221.0
P0951,2026-09-19 07:07:00+00:00,2026-09-19 09:27:00+00:00,140.0
P0952,2026-09-19 07:13:00+00:00,2026-09-19 10:53:00+00:00,220.0
P0953,2026-09-19 07:21:00+00:00,2026-09-19 09:09:00+00:00,108.0
P0954,2026-09-19 07:31:00+00:00,2026-09-19 10:33:00+00:00,182.0
P0955,2026-09-19 07:33:00+00:00,2026-09-19 09:51:00+00:00,138.0
P0956,2026-09-19 07:40:00+00:00,2026-09-19 09:33:00+00:00,113.0
P0957,2026-09-19 07:50:00+00:00,2026-09-19 09:29:00+00:00,99.0
P0958,2026-09-19 07:52:00+00:00,2026-09-19 11:28:00+00:00,216.0
P0959,2026-09-19 08:01:00+00:00,2026-09-19 10:34:00+00:00,153.0
P0960,2026-09-19 08:08:00+00:00,2026-09-19 10:22:00+00:00,134.0
P0961,2026-09-19 08:12:00+00:00,2026-09-19 10:10:00+00:00,118.0
P0962,2026-09-19 08:21:00+00:00,2026-09-19 10:51:00+00:00,150.0
P0963,2026-09-19 08:27:00+00:00,2026-09-19 11:01:00+00:00,154.0
P0964,2026-09-19 08:36:00+00:00,2026-09-19 12:08:00+00:00,212.0
P0965,2026-09-19 08:42:00+00:00,2026-09-19 10:55:00+00:00,133.0
P0966,2026-09-19 08:48:00+00:00,2026-09-19 11:43:00+00:00,175.0
P0967,2026-09-19 08:53:00+00:00,2026-09-19 12:26:00+00:00,213.0
P0968,2026-09-19 09:00:00+00:00,2026-09-19 13:07:00+00:00,247.0
P0969,2026-09-19 09:09:00+00:00,2026-09-19 13:01:00+00:00,232.0
P0970,2026-09-19 09:12:00+00:00,2026-09-19 11:23:00+00:00,131.0
P0971,2026-09-19 09:17:00+00:00,2026-09-19 12:52:00+00:00,215.0
P0972,2026-09-19 09:19:00+00:00,2026-09-19 11:52:00+00:00,153.0
P0973,2026-09-19 09:22:00+00:00,2026-09-19 12:04:00+00:00,162.0
P0974,2026-09-19 09:26:00+00:00,2026-09-19 12:49:00+00:00,203.0
P0975,2026-09-19 09:28:00+00:00,2026-09-19 13:18:00+00:00,230.0
P0976,2026-09-19 09:31:00+00:00,2026-09-19 13:11:00+00:00,220.0
P0977,2026-09-19 09:41:00+00:00,2026-09-19 12:44:00+00:00,183.0
P0978,2026-09-19 09:46:00+00:00,2026-09-19 13:26:00+00:00,220.0
P0979,2026-09-19 09:53:00+00:00,2026-09-19 12:19:00+00:00,146.0
P0980,2026-09-19 09:59:00+00:00,2026-09-19 12:26:00+00:00,147.0
P0981,2026-09-19 10:04:00+00:00,2026-09-19 11:46:00+00:00,102.0
P0982,2026-09-19 10:06:00+00:00,2026-09-19 12:32:00+00:00,146.0
P0983,2026-09-19 10:10:00+00:00,2026-09-19 12:25:00+00:00,135.0
P0984,2026-09-19 10:17:00+00:00,2026-09-19 13:10:00+00:00,173.0
P0985,2026-09-19 10:21:00+00:00,2026-09-19 12:37:00+00:00,136.0
P0986,2026-09-19 10:27:00+00:00,2026-09-19 13:43:00+00:00,196.0
P0987,2026-09-19 10:35:00+00:00,2026-09-19 14:23:00+00:00,228.0
P0988,2026-09-19 10:39:00+00:00,2026-09-19 14:19:00+00:00,220.0
P0989,2026-09-19 10:44:00+00:00,2026-09-19 12:32:00+00:00,108.0
P0990,2026-09-19 10:46:00+00:00,2026-09-19 13:33:00+00:00,167.0
P0991,2026-09-19 10:49:00+00:00,2026-09-19 13:03:00+00:00,134.0
P0992,2026-09-19 10:54:00+00:00,2026-09-19 13:17:00+00:00,143.0
P0993,2026-09-19 11:02:00+00:00,2026-09-19 14:43:00+00:00,221.0
P0994,2026-09-19 11:08:00+00:00,2026-09-19 13:23:00+00:00,135.0
P0995,2026-09-19 11:10:00+00:00,2026-09-19 13:30:00+00:00,140.0
P0996,2026-09-19 11:15:00+00:00,2026-09-19 13:57:00+00:00,162.0
P0997,2026-09-19 11:23:00+00:00,2026-09-19 13:46:00+00:00,143.0
P0998,2026-09-19 11:28:00+00:00,2026-09-19 13:46:00+00:00,138.0
P0999,2026-09-19 11:37:00+00:00,2026-09-19 14:24:00+00:00,167.0
P1000,2026-09-19 11:45:00+00:00,2026-09-19 15:30:00+00:00,225.0
P1001,2026-09-19 11:50:00+00:00,2026-09-19 16:34:00+00:00,284.0
P1002,2026-09-19 11:54:00+00:00,2026-09-19 13:25:00+00:00,91.0
P1003,2026-09-19 12:01:00+00:00,2026-09-19 14:29:00+00:00,148.0
P1004,2026-09-19 12:06:00+00:00,2026-09-19 13:52:00+00:00,106.0
P1005,2026-09-19 12:10:00+00:00,2026-09-19 15:39:00+00:00,209.0
P1006,2026-09-19 12:13:00+00:00,2026-09-19 15:46:00+00:00,213.0
P1007,2026-09-19 12:23:00+00:00,2026-09-19 14:44:00+00:00,141.0
P1008,2026-09-19 12:31:00+00:00,2026-09-19 16:43:00+00:00,252.0
P1009,2026-09-19 12:41:00+00:00,2026-09-19 14:52:00+00:00,131.0
P1010,2026-09-19 12:44:00+00:00,2026-09-19 14:51:00+00:00,127.0
P1011,2026-09-19 12:49:00+00:00,2026-09-19 17:17:00+00:00,268.0
P1012,2026-09-19 12:51:00+00:00,2026-09-19 16:40:00+00:00,229.0
P1013,2026-09-19 13:01:00+00:00,2026-09-19 14:28:00+00:00,87.0
P1014,2026-09-19 13:05:00+00:00,2026-09-19 17:32:00+00:00,267.0
P1015,2026-09-19 13:11:00+00:00,2026-09-19 17:06:00+00:00,235.0
P1016,2026-09-19 13:21:00+00:00,2026-09-19 15:31:00+00:00,130.0
P1017,2026-09-19 13:29:00+00:00,2026-09-19 16:31:00+00:00,182.0
P1018,2026-09-19 13:33:00+00:00,2026-09-19 17:27:00+00:00,234.0
P1019,2026-09-19 13:39:00+00:00,2026-09-19 15:22:00+00:00,103.0
P1020,2026-09-19 13:42:00+00:00,2026-09-19 17:36:00+00:00,234.0
P1021,2026-09-19 13:45:00+00:00,2026-09-19 15:39:00+00:00,114.0
P1022,2026-09-19 13:55:00+00:00,2026-09-19 16:36:00+00:00,161.0
P1023,2026-09-19 14:03:00+00:00,2026-09-19 17:10:00+00:00,187.0
P1024,2026-09-19 14:07:00+00:00,2026-09-19 16:39:00+00:00,152.0
P1025,2026-09-19 14:14:00+00:00,2026-09-19 18:21:00+00:00,247.0
P1026,2026-09-19 14:19:00+00:00,2026-09-19 16:13:00+00:00,114.0
P1027,2026-09-19 14:25:00+00:00,2026-09-19 17:54:00+00:00,209.0
P1028,2026-09-19 14:34:00+00:00,2026-09-19 16:55:00+00:00,141.0
P1029,2026-09-19 14:36:00+00:00,2026-09-19 19:05:00+00:00,269.0
P1030,2026-09-19 14:44:00+00:00,2026-09-19 16:42:00+00:00,118.0
P1031,2026-09-19 14:46:00+00:00,2026-09-19 18:13:00+00:00,207.0
P1032,2026-09-19 14:49:00+00:00,2026-09-19 16:22:00+00:00,93.0
P1033,2026-09-19 14:53:00+00:00,2026-09-19 17:32:00+00:00,159.0
P1034,2026-09-19 14:59:00+00:00,2026-09-19 18:02:00+00:00,183.0
P1035,2026-09-19 15:05:00+00:00,2026-09-19 17:44:00+00:00,159.0
P1036,2026-09-19 15:09:00+00:00,2026-09-19 18:47:00+00:00,218.0
P1037,2026-09-19 15:15:00+00:00,2026-09-19 19:31:00+00:00,256.0
P1038,2026-09-19 15:17:00+00:00,2026-09-19 18:48:00+00:00,211.0
P1039,2026-09-19 15:21:00+00:00,2026-09-19 18:18:00+00:00,177.0
P1040,2026-09-19 15:26:00+00:00,2026-09-19 19:38:00+00:00,252.0
P1041,2026-09-19 15:32:00+00:00,2026-09-19 18:14:00+00:00,162.0
P1042,2026-09-19 15:36:00+00:00,2026-09-19 18:49:00+00:00,193.0
P1043,2026-09-19 15:40:00+00:00,2026-09-19 18:38:00+00:00,178.0
P1044,2026-09-19 15:44:00+00:00,2026-09-19 20:05:00+00:00,261.0
P1045,2026-09-19 15:51:00+00:00,2026-09-19 18:50:00+00:00,179.0
P1046,2026-09-19 15:58:00+00:00,2026-09-19 18:17:00+00:00,139.0
P1047,2026-09-19 16:06:00+00:00,2026-09-19 18:10:00+00:00,124.0
P1048,2026-09-19 16:13:00+00:00,2026-09-19 18:33:00+00:00,140.0
P1049,2026-09-19 16:21:00+00:00,2026-09-19 20:03:00+00:00,222.0
P1050,2026-09-19 16:25:00+00:00,2026-09-19 19:06:00+00:00,161.0
P1051,2026-09-19 16:33:00+00:00,2026-09-19 21:00:00+00:00,267.0
P1052,2026-09-19 16:36:00+00:00,2026-09-19 20:44:00+00:00,248.0
P1053,2026-09-19 16:45:00+00:00,2026-09-19 19:42:00+00:00,177.0
P1054,2026-09-19 16:55:00+00:00,2026-09-19 20:52:00+00:00,237.0
P1055,2026-09-19 17:05:00+00:00,2026-09-19 19:32:00+00:00,147.0
P1056,2026-09-19 17:13:00+00:00,2026-09-19 19:55:00+00:00,162.0
P1057,2026-09-19 17:20:00+00:00,2026-09-19 20:03:00+00:00,163.0
P1058,2026-09-19 17:28:00+00:00,2026-09-19 19:42:00+00:00,134.0
P1059,2026-09-19 17:34:00+00:00,2026-09-19 19:56:00+00:00,142.0
P1060,2026-09-19 17:40:00+00:00,2026-09-19 19:58:00+00:00,138.0
P1061,2026-09-19 17:45:00+00:00,2026-09-19 21:07:00+00:00,202.0
P1062,2026-09-19 17:50:00+00:00,2026-09-19 23:04:00+00:00,314.0
P1063,2026-09-19 17:57:00+00:00,2026-09-19 21:55:00+00:00,238.0
P1064,2026-09-19 18:00:00+00:00,2026-09-19 20:23:00+00:00,143.0
P1065,2026-09-19 18:09:00+00:00,2026-09-19 22:42:00+00:00,273.0
P1066,2026-09-19 18:17:00+00:00,2026-09-19 19:59:00+00:00,102.0
P1067,2026-09-19 18:25:00+00:00,2026-09-19 21:26:00+00:00,181.0
P1068,2026-09-19 18:32:00+00:00,2026-09-19 21:02:00+00:00,150.0
P1069,2026-09-19 18:40:00+00:00,2026-09-19 22:58:00+00:00,258.0
P1070,2026-09-19 18:42:00+00:00,2026-09-19 21:43:00+00:00,181.0
P1071,2026-09-19 18:47:00+00:00,2026-09-19 22:16:00+00:00,209.0
P1072,2026-09-19 18:51:00+00:00,2026-09-19 21:03:00+00:00,132.0
P1073,2026-09-19 19:00:00+00:00,2026-09-19 22:21:00+00:00,201.0
P1074,2026-09-19 19:02:00+00:00,2026-09-19 22:05:00+00:00,183.0
P1075,2026-09-19 19:12:00+00:00,2026-09-19 21:34:00+00:00,142.0
P1076,2026-09-19 19:20:00+00:00,2026-09-19 21:45:00+00:00,145.0
P1077,2026-09-19 19:24:00+00:00,2026-09-19 21:31:00+00:00,127.0
P1078,2026-09-19 19:30:00+00:00,2026-09-19 22:27:00+00:00,177.0
P1079,2026-09-19 19:37:00+00:00,2026-09-19 22:35:00+00:00,178.0
P1080,2026-09-19 19:41:00+00:00,2026-09-19 21:35:00+00:00,114.0
P1081,2026-09-19 19:47:00+00:00,2026-09-20 00:16:00+00:00,269.0
P1082,2026-09-19 19:57:00+00:00,2026-09-19 22:19:00+00:00,142.0
P1083,2026-09-19 20:04:00+00:00,2026-09-19 23:54:00+00:00,230.0
P1084,2026-09-19 20:14:00+00:00,2026-09-19 22:47:00+00:00,153.0
P1085,2026-09-19 20:20:00+00:00,2026-09-19 22:39:00+00:00,139.0
P1086,2026-09-19 20:25:00+00:00,2026-09-20 00:01:00+00:00,216.0
P1087,2026-09-19 20:27:00+00:00,2026-09-20 00:19:00+00:00,232.0
P1088,2026-09-19 20:30:00+00:00,2026-09-19 23:03:00+00:00,153.0
P1089,2026-09-19 20:38:00+00:00,2026-09-19 23:18:00+00:00,160.0
P1090,2026-09-19 20:46:00+00:00,2026-09-19 23:45:00+00:00,179.0
P1091,2026-09-19 20:56:00+00:00,2026-09-20 00:51:00+00:00,235.0
P1092,2026-09-19 21:05:00+00:00,2026-09-20 01:28:00+00:00,263.0
P1093,2026-09-19 21:10:00+00:00,2026-09-20 00:42:00+00:00,212.0
P1094,2026-09-19 21:18:00+00:00,2026-09-20 00:36:00+00:00,198.0
P1095,2026-09-19 21:24:00+00:00,2026-09-20 01:32:00+00:00,248.0
P1096,2026-09-19 21:32:00+00:00,2026-09-20 00:34:00+00:00,182.0
P1097,2026-09-19 21:39:00+00:00,2026-09-20 01:50:00+00:00,251.0
P1098,2026-09-19 21:44:00+00:00,2026-09-20 01:38:00+00:00,234.0
P1099,2026-09-19 21:46:00+00:00,2026-09-20 00:16:00+00:00,150.0
P1100,2026-09-19 21:53:00+00:00,2026-09-20 00:52:00+00:00,179.0
P1101,2026-09-19 22:02:00+00:00,2026-09-20 01:36:00+00:00,214.0
P1102,2026-09-19 22:11:00+00:00,2026-09-20 02:00:00+00:00,229.0
P1103,2026-09-19 22:13:00+00:00,2026-09-20 00:47:00+00:00,154.0
P1104,2026-09-19 22:23:00+00:00,2026-09-20 00:48:00+00:00,145.0
P1105,2026-09-19 22:33:00+00:00,2026-09-20 01:33:00+00:00,180.0
P1106,2026-09-19 22:42:00+00:00,2026-09-20 01:28:00+00:00,166.0
P1107,2026-09-19 22:44:00+00:00,2026-09-20 00:33:00+00:00,109.0
P1108,2026-09-19 22:48:00+00:00,2026-09-20 02:54:00+00:00,246.0
P1109,2026-09-19 22:53:00+00:00,2026-09-20 02:15:00+00:00,202.0
P1110,2026-09-19 22:58:00+00:00,2026-09-20 02:15:00+00:00,197.0
P1111,2026-09-19 23:06:00+00:00,2026-09-20 02:38:00+00:00,212.0
P1112,2026-09-19 23:09:00+00:00,2026-09-20 01:25:00+00:00,136.0
P1113,2026-09-19 23:19:00+00:00,2026-09-20 02:46:00+00:00,207.0
P1114,2026-09-19 23:24:00+00:00,2026-09-20 01:17:00+00:00,113.0
P1115,2026-09-19 23:28:00+00:00,2026-09-20 01:47:00+00:00,139.0
P1116,2026-09-19 23:34:00+00:00,2026-09-20 01:41:00+00:00,127.0
P1117,2026-09-19 23:37:00+00:00,2026-09-20 02:30:00+00:00,173.0
P1118,2026-09-19 23:39:00+00:00,2026-09-20 01:41:00+00:00,122.0
P1119,2026-09-19 23:49:00+00:00,2026-09-20 03:18:00+00:00,209.0
P1120,2026-09-19 23:53:00+00:00,2026-09-20 02:32:00+00:00,159.0
P1121,2026-09-19 23:56:00+00:00,2026-09-20 01:50:00+00:00,114.0
P1122,2026-09-20 00:04:00+00:00,2026-09-20 03:48:00+00:00,224.0
P1123,2026-09-20 00:12:00+00:00,2026-09-20 02:31:00+00:00,139.0
P1124,2026-09-20 00:16:00+00:00,2026-09-20 03:01:00+00:00,165.0
P1125,2026-09-20 00:21:00+00:00,2026-09-20 02:57:00+00:00,156.0
P1126,2026-09-20 00:31:00+00:00,2026-09-20 02:58:00+00:00,147.0
P1127,2026-09-20 00:41:00+00:00,2026-09-20 03:56:00+00:00,195.0
P1128,2026-09-20 00:45:00+00:00,2026-09-20 03:46:00+00:00,181.0
P1129,2026-09-20 00:49:00+00:00,2026-09-20 03:29:00+00:00,160.0
P1130,2026-09-20 00:59:00+00:00,2026-09-20 03:38:00+00:00,159.0
P1131,2026-09-20 01:03:00+00:00,2026-09-20 03:21:00+00:00,138.0
P1132,2026-09-20 01:12:00+00:00,2026-09-20 03:24:00+00:00,132.0
P1133,2026-09-20 01:14:00+00:00,2026-09-20 03:27:00+00:00,133.0
P1134,2026-09-20 01:19:00+00:00,2026-09-20 04:55:00+00:00,216.0
P1135,2026-09-20 01:25:00+00:00,2026-09-20 04:46:00+00:00,201.0
P1136,2026-09-20 01:30:00+00:00,2026-09-20 03:52:00+00:00,142.0
P1137,2026-09-20 01:32:00+00:00,2026-09-20 04:26:00+00:00,174.0
P1138,2026-09-20 01:37:00+00:00,2026-09-20 04:47:00+00:00,190.0
P1139,2026-09-20 01:40:00+00:00,2026-09-20 04:28:00+00:00,168.0
P1140,2026-09-20 01:43:00+00:00,2026-09-20 06:18:00+00:00,275.0
P1141,2026-09-20 01:45:00+00:00,2026-09-20 04:20:00+00:00,155.0
P1142,2026-09-20 01:52:00+00:00,2026-09-20 04:32:00+00:00,160.0
P1143,2026-09-20 01:56:00+00:00,2026-09-20 05:39:00+00:00,223.0
P1144,2026-09-20 02:05:00+00:00,2026-09-20 04:39:00+00:00,154.0
P1145,2026-09-20 02:09:00+00:00,2026-09-20 04:52:00+00:00,163.0
P1146,2026-09-20 02:12:00+00:00,2026-09-20 05:15:00+00:00,183.0
P1147,2026-09-20 02:19:00+00:00,2026-09-20 05:40:00+00:00,201.0
P1148,2026-09-20 02:27:00+00:00,2026-09-20 04:23:00+00:00,116.0
P1149,2026-09-20 02:37:00+00:00,2026-09-20 05:15:00+00:00,158.0
P1150,2026-09-20 02:46:00+00:00,2026-09-20 05:20:00+00:00,154.0
P1151,2026-09-20 02:51:00+00:00,2026-09-20 04:53:00+00:00,122.0
P1152,2026-09-20 03:01:00+00:00,2026-09-20 05:52:00+00:00,171.0
P1153,2026-09-20 03:07:00+00:00,2026-09-20 05:23:00+00:00,136.0
P1154,2026-09-20 03:17:00+00:00,2026-09-20 05:57:00+00:00,160.0
P1155,2026-09-20 03:26:00+00:00,2026-09-20 07:30:00+00:00,244.0
P1156,2026-09-20 03:33:00+00:00,2026-09-20 05:24:00+00:00,111.0
P1157,2026-09-20 03:41:00+00:00,2026-09-20 06:33:00+00:00,172.0
P1158,2026-09-20 03:51:00+00:00,2026-09-20 06:28:00+00:00,157.0
P1159,2026-09-20 03:54:00+00:00,2026-09-20 05:38:00+00:00,104.0
P1160,2026-09-20 03:57:00+00:00,2026-09-20 07:30:00+00:00,213.0
P1161,2026-09-20 04:01:00+00:00,2026-09-20 06:22:00+00:00,141.0
P1162,2026-09-20 04:04:00+00:00,2026-09-20 07:03:00+00:00,179.0
P1163,2026-09-20 04:14:00+00:00,2026-09-20 07:31:00+00:00,197.0
P1164,2026-09-20 04:21:00+00:00,2026-09-20 09:06:00+00:00,285.0
P1165,2026-09-20 04:31:00+00:00,2026-09-20 06:14:00+00:00,103.0
P1166,2026-09-20 04:36:00+00:00,2026-09-20 07:51:00+00:00,195.0
P1167,2026-09-20 04:43:00+00:00,2026-09-20 08:06:00+00:00,203.0
P1168,2026-09-20 04:50:00+00:00,2026-09-20 07:32:00+00:00,162.0
P1169,2026-09-20 04:56:00+00:00,2026-09-20 07:44:00+00:00,168.0
P1170,2026-09-20 05:03:00+00:00,2026-09-20 07:03:00+00:00,120.0
P1171,2026-09-20 05:09:00+00:00,2026-09-20 07:27:00+00:00,138.0
P1172,2026-09-20 05:16:00+00:00,2026-09-20 07:58:00+00:00,162.0
P1173,2026-09-20 05:19:00+00:00,2026-09-20 07:46:00+00:00,147.0
P1174,2026-09-20 05:21:00+00:00,2026-09-20 07:13:00+00:00,112.0
P1175,2026-09-20 05:28:00+00:00,2026-09-20 07:30:00+00:00,122.0
P1176,2026-09-20 05:33:00+00:00,2026-09-20 08:04:00+00:00,151.0
P1177,2026-09-20 05:39:00+00:00,2026-09-20 07:52:00+00:00,133.0
P1178,2026-09-20 05:42:00+00:00,2026-09-20 09:26:00+00:00,224.0
P1179,2026-09-20 05:45:00+00:00,2026-09-20 08:19:00+00:00,154.0
P1180,2026-09-20 05:54:00+00:00,2026-09-20 07:43:00+00:00,109.0
P1181,2026-09-20 06:01:00+00:00,2026-09-20 08:29:00+00:00,148.0
P1182,2026-09-20 06:03:00+00:00,2026-09-20 08:10:00+00:00,127.0
P1183,2026-09-20 06:11:00+00:00,2026-09-20 10:24:00+00:00,253.0
P1184,2026-09-20 06:16:00+00:00,2026-09-20 08:27:00+00:00,131.0
P1185,2026-09-20 06:24:00+00:00,2026-09-20 08:29:00+00:00,125.0
P1186,2026-09-20 06:26:00+00:00,2026-09-20 09:13:00+00:00,167.0
P1187,2026-09-20 06:28:00+00:00,2026-09-20 09:51:00+00:00,203.0
P1188,2026-09-20 06:37:00+00:00,2026-09-20 09:39:00+00:00,182.0
P1189,2026-09-20 06:43:00+00:00,2026-09-20 08:47:00+00:00,124.0
P1190,2026-09-20 06:45:00+00:00,2026-09-20 09:36:00+00:00,171.0
P1191,2026-09-20 06:54:00+00:00,2026-09-20 09:23:00+00:00,149.0
P1192,2026-09-20 06:59:00+00:00,2026-09-20 11:33:00+00:00,274.0
P1193,2026-09-20 07:08:00+00:00,2026-09-20 10:56:00+00:00,228.0
P1194,2026-09-20 07:12:00+00:00,2026-09-20 09:59:00+00:00,167.0
P1195,2026-09-20 07:20:00+00:00,2026-09-20 09:40:00+00:00,140.0
P1196,2026-09-20 07:30:00+00:00,2026-09-20 08:51:00+00:00,81.0
P1197,2026-09-20 07:37:00+00:00,2026-09-20 09:51:00+00:00,134.0
P1198,2026-09-20 07:46:00+00:00,2026-09-20 09:34:00+00:00,108.0
P1199,2026-09-20 07:49:00+00:00,2026-09-20 10:35:00+00:00,166.0
P1200,2026-09-20 07:53:00+00:00,2026-09-20 10:04:00+00:00,131.0
P1201,2026-09-20 08:00:00+00:00,2026-09-20 11:05:00+00:00,185.0
P1202,2026-09-20 08:07:00+00:00,2026-09-20 11:43:00+00:00,216.0
P1203,2026-09-20 08:16:00+00:00,2026-09-20 12:05:00+00:00,229.0
P1204,2026-09-20 08:21:00+00:00,2026-09-20 10:41:00+00:00,140.0
P1205,2026-09-20 08:31:00+00:00,2026-09-20 12:07:00+00:00,216.0
P1206,2026-09-20 08:38:00+00:00,2026-09-20 11:05:00+00:00,147.0
P1207,2026-09-20 08:44:00+00:00,2026-09-20 11:26:00+00:00,162.0
P1208,2026-09-20 08:47:00+00:00,2026-09-20 12:13:00+00:00,206.0
P1209,2026-09-20 08:50:00+00:00,2026-09-20 10:02:00+00:00,72.0
P1210,2026-09-20 08:55:00+00:00,2026-09-20 13:15:00+00:00,260.0
P1211,2026-09-20 08:57:00+00:00,2026-09-20 10:29:00+00:00,92.0
P1212,2026-09-20 09:02:00+00:00,2026-09-20 13:26:00+00:00,264.0
P1213,2026-09-20 09:08:00+00:00,2026-09-20 11:04:00+00:00,116.0
P1214,2026-09-20 09:17:00+00:00,2026-09-20 13:33:00+00:00,256.0
P1215,2026-09-20 09:23:00+00:00,2026-09-20 12:31:00+00:00,188.0
P1216,2026-09-20 09:33:00+00:00,2026-09-20 11:58:00+00:00,145.0
P1217,2026-09-20 09:40:00+00:00,2026-09-20 12:23:00+00:00,163.0
P1218,2026-09-20 09:44:00+00:00,2026-09-20 12:10:00+00:00,146.0
P1219,2026-09-20 09:48:00+00:00,2026-09-20 13:06:00+00:00,198.0
P1220,2026-09-20 09:53:00+00:00,2026-09-20 13:26:00+00:00,213.0
P1221,2026-09-20 09:57:00+00:00,2026-09-20 14:14:00+00:00,257.0
P1222,2026-09-20 10:00:00+00:00,2026-09-20 12:23:00+00:00,143.0
P1223,2026-09-20 10:09:00+00:00,2026-09-20 12:46:00+00:00,157.0
P1224,2026-09-20 10:16:00+00:00,2026-09-20 13:12:00+00:00,176.0
P1225,2026-09-20 10:25:00+00:00,2026-09-20 13:07:00+00:00,162.0
P1226,2026-09-20 10:34:00+00:00,2026-09-20 12:45:00+00:00,131.0
P1227,2026-09-20 10:43:00+00:00,2026-09-20 15:24:00+00:00,281.0
P1228,2026-09-20 10:48:00+00:00,2026-09-20 13:09:00+00:00,141.0
P1229,2026-09-20 10:56:00+00:00,2026-09-20 12:40:00+00:00,104.0
P1230,2026-09-20 10:59:00+00:00,2026-09-20 13:41:00+00:00,162.0
P1231,2026-09-20 11:05:00+00:00,2026-09-20 13:59:00+00:00,174.0
P1232,2026-09-20 11:08:00+00:00,2026-09-20 15:43:00+00:00,275.0
P1233,2026-09-20 11:12:00+00:00,2026-09-20 14:24:00+00:00,192.0
P1234,2026-09-20 11:16:00+00:00,2026-09-20 14:50:00+00:00,214.0
P1235,2026-09-20 11:26:00+00:00,2026-09-20 13:21:00+00:00,115.0
P1236,2026-09-20 11:31:00+00:00,2026-09-20 14:21:00+00:00,170.0
P1237,2026-09-20 11:38:00+00:00,2026-09-20 13:51:00+00:00,133.0
P1238,2026-09-20 11:40:00+00:00,2026-09-20 15:04:00+00:00,204.0
P1239,2026-09-20 11:44:00+00:00,2026-09-20 14:10:00+00:00,146.0
P1240,2026-09-20 11:51:00+00:00,2026-09-20 15:49:00+00:00,238.0
P1241,2026-09-20 11:54:00+00:00,2026-09-20 15:58:00+00:00,244.0
P1242,2026-09-20 12:00:00+00:00,2026-09-20 15:46:00+00:00,226.0
P1243,2026-09-20 12:09:00+00:00,2026-09-20 14:33:00+00:00,144.0
P1244,2026-09-20 12:11:00+00:00,2026-09-20 14:13:00+00:00,122.0
P1245,2026-09-20 12:16:00+00:00,2026-09-20 14:05:00+00:00,109.0
P1246,2026-09-20 12:22:00+00:00,2026-09-20 15:24:00+00:00,182.0
P1247,2026-09-20 12:32:00+00:00,2026-09-20 15:48:00+00:00,196.0
P1248,2026-09-20 12:40:00+00:00,2026-09-20 14:47:00+00:00,127.0
P1249,2026-09-20 12:45:00+00:00,2026-09-20 14:51:00+00:00,126.0
P1250,2026-09-20 12:55:00+00:00,2026-09-20 15:07:00+00:00,132.0
P1251,2026-09-20 13:05:00+00:00,2026-09-20 17:41:00+00:00,276.0
P1252,2026-09-20 13:12:00+00:00,2026-09-20 16:02:00+00:00,170.0
P1253,2026-09-20 13:16:00+00:00,2026-09-20 17:51:00+00:00,275.0
P1254,2026-09-20 13:26:00+00:00,2026-09-20 15:36:00+00:00,130.0
P1255,2026-09-20 13:36:00+00:00,2026-09-20 17:13:00+00:00,217.0
P1256,2026-09-20 13:41:00+00:00,2026-09-20 16:15:00+00:00,154.0
P1257,2026-09-20 13:51:00+00:00,2026-09-20 16:00:00+00:00,129.0
P1258,2026-09-20 13:56:00+00:00,2026-09-20 16:52:00+00:00,176.0
P1259,2026-09-20 13:58:00+00:00,2026-09-20 16:51:00+00:00,173.0
P1260,2026-09-20 14:00:00+00:00,2026-09-20 16:40:00+00:00,160.0
P1261,2026-09-20 14:08:00+00:00,2026-09-20 16:55:00+00:00,167.0
P1262,2026-09-20 14:18:00+00:00,2026-09-20 18:27:00+00:00,249.0
P1263,2026-09-20 14:23:00+00:00,2026-09-20 15:56:00+00:00,93.0
P1264,2026-09-20 14:32:00+00:00,2026-09-20 18:39:00+00:00,247.0
P1265,2026-09-20 14:34:00+00:00,2026-09-20 17:42:00+00:00,188.0
P1266,2026-09-20 14:36:00+00:00,2026-09-20 17:55:00+00:00,199.0
P1267,2026-09-20 14:45:00+00:00,2026-09-20 17:20:00+00:00,155.0
P1268,2026-09-20 14:47:00+00:00,2026-09-20 17:44:00+00:00,177.0
P1269,2026-09-20 14:51:00+00:00,2026-09-20 18:43:00+00:00,232.0
P1270,2026-09-20 14:56:00+00:00,2026-09-20 17:59:00+00:00,183.0
P1271,2026-09-20 15:02:00+00:00,2026-09-20 17:43:00+00:00,161.0
P1272,2026-09-20 15:07:00+00:00,2026-09-20 18:58:00+00:00,231.0
P1273,2026-09-20 15:11:00+00:00,2026-09-20 18:55:00+00:00,224.0
P1274,2026-09-20 15:18:00+00:00,2026-09-20 17:54:00+00:00,156.0
P1275,2026-09-20 15:27:00+00:00,2026-09-20 18:08:00+00:00,161.0
P1276,2026-09-20 15:34:00+00:00,2026-09-20 20:08:00+00:00,274.0
P1277,2026-09-20 15:43:00+00:00,2026-09-20 19:59:00+00:00,256.0
P1278,2026-09-20 15:50:00+00:00,2026-09-20 18:06:00+00:00,136.0
P1279,2026-09-20 15:56:00+00:00,2026-09-20 19:35:00+00:00,219.0
P1280,2026-09-20 16:06:00+00:00,2026-09-20 20:28:00+00:00,262.0
P1281,2026-09-20 16:15:00+00:00,2026-09-20 18:53:00+00:00,158.0
P1282,2026-09-20 16:23:00+00:00,2026-09-20 18:50:00+00:00,147.0
P1283,2026-09-20 16:33:00+00:00,2026-09-20 19:19:00+00:00,166.0
P1284,2026-09-20 16:41:00+00:00,2026-09-20 19:41:00+00:00,180.0
P1285,2026-09-20 16:49:00+00:00,2026-09-20 20:23:00+00:00,214.0
P1286,2026-09-20 16:59:00+00:00,2026-09-20 19:17:00+00:00,138.0
P1287,2026-09-20 17:04:00+00:00,2026-09-20 19:26:00+00:00,142.0
P1288,2026-09-20 17:09:00+00:00,2026-09-20 19:35:00+00:00,146.0
P1289,2026-09-20 17:11:00+00:00,2026-09-20 21:17:00+00:00,246.0
P1290,2026-09-20 17:15:00+00:00,2026-09-20 19:53:00+00:00,158.0
P1291,2026-09-20 17:25:00+00:00,2026-09-20 21:45:00+00:00,260.0
P1292,2026-09-20 17:29:00+00:00,2026-09-20 19:45:00+00:00,136.0
P1293,2026-09-20 17:37:00+00:00,2026-09-20 19:36:00+00:00,119.0
P1294,2026-09-20 17:44:00+00:00,2026-09-20 20:16:00+00:00,152.0
P1295,2026-09-20 17:49:00+00:00,2026-09-20 21:58:00+00:00,249.0
P1296,2026-09-20 17:56:00+00:00,2026-09-20 21:31:00+00:00,215.0
P1297,2026-09-20 18:02:00+00:00,2026-09-20 21:46:00+00:00,224.0
P1298,2026-09-20 18:06:00+00:00,2026-09-20 20:56:00+00:00,170.0
P1299,2026-09-20 18:15:00+00:00,2026-09-20 20:28:00+00:00,133.0
P1300,2026-09-20 18:21:00+00:00,2026-09-20 20:13:00+00:00,112.0
P1301,2026-09-20 18:25:00+00:00,2026-09-20 21:41:00+00:00,196.0
P1302,2026-09-20 18:28:00+00:00,2026-09-20 20:36:00+00:00,128.0
P1303,2026-09-20 18:37:00+00:00,2026-09-20 22:00:00+00:00,203.0
P1304,2026-09-20 18:45:00+00:00,2026-09-20 20:38:00+00:00,113.0
P1305,2026-09-20 18:51:00+00:00,2026-09-20 22:14:00+00:00,203.0
P1306,2026-09-20 19:00:00+00:00,2026-09-20 21:06:00+00:00,126.0
P1307,2026-09-20 19:09:00+00:00,2026-09-20 21:38:00+00:00,149.0
P1308,2026-09-20 19:12:00+00:00,2026-09-20 23:16:00+00:00,244.0
P1309,2026-09-20 19:15:00+00:00,2026-09-20 21:25:00+00:00,130.0
P1310,2026-09-20 19:17:00+00:00,2026-09-21 00:04:00+00:00,287.0
P1311,2026-09-20 19:23:00+00:00,2026-09-20 21:33:00+00:00,130.0
P1312,2026-09-20 19:30:00+00:00,2026-09-20 22:08:00+00:00,158.0
P1313,2026-09-20 19:36:00+00:00,2026-09-20 21:32:00+00:00,116.0
P1314,2026-09-20 19:44:00+00:00,2026-09-20 22:04:00+00:00,140.0
P1315,2026-09-20 19:46:00+00:00,2026-09-20 23:44:00+00:00,238.0
P1316,2026-09-20 19:55:00+00:00,2026-09-20 23:31:00+00:00,216.0
P1317,2026-09-20 20:05:00+00:00,2026-09-20 22:40:00+00:00,155.0
P1318,2026-09-20 20:14:00+00:00,2026-09-20 22:24:00+00:00,130.0
P1319,2026-09-20 20:19:00+00:00,2026-09-20 23:01:00+00:00,162.0
P1320,2026-09-20 20:27:00+00:00,2026-09-20 22:35:00+00:00,128.0
P1321,2026-09-20 20:35:00+00:00,2026-09-20 22:49:00+00:00,134.0
P1322,2026-09-20 20:40:00+00:00,2026-09-20 23:15:00+00:00,155.0
P1323,2026-09-20 20:44:00+00:00,2026-09-21 00:13:00+00:00,209.0
P1324,2026-09-20 20:48:00+00:00,2026-09-20 23:02:00+00:00,134.0
P1325,2026-09-20 20:50:00+00:00,2026-09-21 00:03:00+00:00,193.0
P1326,2026-09-20 20:53:00+00:00,2026-09-21 00:34:00+00:00,221.0
P1327,2026-09-20 21:02:00+00:00,2026-09-20 23:23:00+00:00,141.0
P1328,2026-09-20 21:12:00+00:00,2026-09-21 00:25:00+00:00,193.0
P1329,2026-09-20 21:14:00+00:00,2026-09-20 23:10:00+00:00,116.0
P1330,2026-09-20 21:21:00+00:00,2026-09-20 23:58:00+00:00,157.0
P1331,2026-09-20 21:23:00+00:00,2026-09-20 23:08:00+00:00,105.0
P1332,2026-09-20 21:32:00+00:00,2026-09-21 00:15:00+00:00,163.0
P1333,2026-09-20 21:34:00+00:00,2026-09-20 23:23:00+00:00,109.0
P1334,2026-09-20 21:39:00+00:00,2026-09-20 23:48:00+00:00,129.0
P1335,2026-09-20 21:46:00+00:00,2026-09-21 00:00:00+00:00,134.0
P1336,2026-09-20 21:53:00+00:00,2026-09-21 01:15:00+00:00,202.0
P1337,2026-09-20 22:02:00+00:00,2026-09-21 00:25:00+00:00,143.0
P1338,2026-09-20 22:11:00+00:00,2026-09-21 01:13:00+00:00,182.0
P1339,2026-09-20 22:17:00+00:00,2026-09-21 00:42:00+00:00,145.0
P1340,2026-09-20 22:19:00+00:00,2026-09-21 01:18:00+00:00,179.0
P1341,2026-09-20 22:21:00+00:00,2026-09-21 01:10:00+00:00,169.0
P1342,2026-09-20 22:25:00+00:00,2026-09-21 00:49:00+00:00,144.0
P1343,2026-09-20 22:28:00+00:00,2026-09-21 01:49:00+00:00,201.0
P1344,2026-09-20 22:34:00+00:00,2026-09-21 01:16:00+00:00,162.0
P1345,2026-09-20 22:44:00+00:00,2026-09-21 01:39:00+00:00,175.0
P1346,2026-09-20 22:47:00+00:00,2026-09-21 00:58:00+00:00,131.0
P1347,2026-09-20 22:51:00+00:00,2026-09-21 02:58:00+00:00,247.0
P1348,2026-09-20 22:56:00+00:00,2026-09-21 01:57:00+00:00,181.0
P1349,2026-09-20 23:03:00+00:00,2026-09-21 02:27:00+00:00,204.0
P1350,2026-09-20 23:10:00+00:00,2026-09-21 02:07:00+00:00,177.0
P1351,2026-09-20 23:19:00+00:00,2026-09-21 01:22:00+00:00,123.0
P1352,2026-09-20 23:25:00+00:00,2026-09-21 02:45:00+00:00,200.0
P1353,2026-09-20 23:28:00+00:00,2026-09-21 01:18:00+00:00,110.0
P1354,2026-09-20 23:38:00+00:00,2026-09-21 01:37:00+00:00,119.0
P1355,2026-09-20 23:43:00+00:00,2026-09-21 02:17:00+00:00,154.0
P1356,2026-09-20 23:53:00+00:00,2026-09-21 02:02:00+00:00,129.0
P1357,2026-09-20 23:57:00+00:00,2026-09-21 03:33:00+00:00,216.0
P1358,2026-09-21 00:00:00+00:00,2026-09-21 04:18:00+00:00,258.0
P1359,2026-09-21 00:10:00+00:00,2026-09-21 03:04:00+00:00,174.0
P1360,2026-09-21 00:15:00+00:00,2026-09-21 02:54:00+00:00,159.0
P1361,2026-09-21 00:18:00+00:00,2026-09-21 02:40:00+00:00,142.0
P1362,2026-09-21 00:22:00+00:00,2026-09-21 01:51:00+00:00,89.0
P1363,2026-09-21 00:26:00+00:00,2026-09-21 01:57:00+00:00,91.0
P1364,2026-09-21 00:29:00+00:00,2026-09-21 04:16:00+00:00,227.0
P1365,2026-09-21 00:33:00+00:00,2026-09-21 04:16:00+00:00,223.0
P1366,2026-09-21 00:37:00+00:00,2026-09-21 04:11:00+00:00,214.0
P1367,2026-09-21 00:39:00+00:00,2026-09-21 03:16:00+00:00,157.0
P1368,2026-09-21 00:48:00+00:00,2026-09-21 02:38:00+00:00,110.0
P1369,2026-09-21 00:56:00+00:00,2026-09-21 04:42:00+00:00,226.0
P1370,2026-09-21 00:59:00+00:00,2026-09-21 03:44:00+00:00,165.0
P1371,2026-09-21 01:09:00+00:00,2026-09-21 04:51:00+00:00,222.0
P1372,2026-09-21 01:15:00+00:00,2026-09-21 04:25:00+00:00,190.0
P1373,2026-09-21 01:24:00+00:00,2026-09-21 04:09:00+00:00,165.0
P1374,2026-09-21 01:33:00+00:00,2026-09-21 05:09:00+00:00,216.0
P1375,2026-09-21 01:36:00+00:00,2026-09-21 03:21:00+00:00,105.0
P1376,2026-09-21 01:38:00+00:00,2026-09-21 03:59:00+00:00,141.0
P1377,2026-09-21 01:41:00+00:00,2026-09-21 05:39:00+00:00,238.0
P1378,2026-09-21 01:49:00+00:00,2026-09-21 04:13:00+00:00,144.0
P1379,2026-09-21 01:56:00+00:00,2026-09-21 04:22:00+00:00,146.0
P1380,2026-09-21 02:00:00+00:00,2026-09-21 03:41:00+00:00,101.0
P1381,2026-09-21 02:02:00+00:00,2026-09-21 04:38:00+00:00,156.0
P1382,2026-09-21 02:10:00+00:00,2026-09-21 04:58:00+00:00,168.0
P1383,2026-09-21 02:14:00+00:00,2026-09-21 06:30:00+00:00,256.0
P1384,2026-09-21 02:24:00+00:00,2026-09-21 05:02:00+00:00,158.0
P1385,2026-09-21 02:29:00+00:00,2026-09-21 04:51:00+00:00,142.0
P1386,2026-09-21 02:33:00+00:00,2026-09-21 05:10:00+00:00,157.0
P1387,2026-09-21 02:43:00+00:00,2026-09-21 05:18:00+00:00,155.0
P1388,2026-09-21 02:50:00+00:00,2026-09-21 04:41:00+00:00,111.0
P1389,2026-09-21 02:59:00+00:00,2026-09-21 05:55:00+00:00,176.0
P1390,2026-09-21 03:02:00+00:00,2026-09-21 05:04:00+00:00,122.0
P1391,2026-09-21 03:04:00+00:00,2026-09-21 05:02:00+00:00,118.0
P1392,2026-09-21 03:13:00+00:00,2026-09-21 05:48:00+00:00,155.0
P1393,2026-09-21 03:20:00+00:00,2026-09-21 05:37:00+00:00,137.0
P1394,2026-09-21 03:30:00+00:00,2026-09-21 05:44:00+00:00,134.0
P1395,2026-09-21 03:39:00+00:00,2026-09-21 07:11:00+00:00,212.0
P1396,2026-09-21 03:42:00+00:00,2026-09-21 06:31:00+00:00,169.0
P1397,2026-09-21 03:46:00+00:00,2026-09-21 06:07:00+00:00,141.0
P1398,2026-09-21 03:48:00+00:00,2026-09-21 06:17:00+00:00,149.0
P1399,2026-09-21 03:55:00+00:00,2026-09-21 06:19:00+00:00,144.0
P1400,2026-09-21 03:57:00+00:00,2026-09-21 06:15:00+00:00,138.0
P1401,2026-09-21 04:01:00+00:00,2026-09-21 07:04:00+00:00,183.0
P1402,2026-09-21 04:09:00+00:00,2026-09-21 07:55:00+00:00,226.0
P1403,2026-09-21 04:11:00+00:00,2026-09-21 07:16:00+00:00,185.0
P1404,2026-09-21 04:17:00+00:00,2026-09-21 06:21:00+00:00,124.0
P1405,2026-09-21 04:24:00+00:00,2026-09-21 07:41:00+00:00,197.0
P1406,2026-09-21 04:29:00+00:00,2026-09-21 07:01:00+00:00,152.0
P1407,2026-09-21 04:38:00+00:00,2026-09-21 07:13:00+00:00,155.0
P1408,2026-09-21 04:43:00+00:00,2026-09-21 07:27:00+00:00,164.0
P1409,2026-09-21 04:48:00+00:00,2026-09-21 07:20:00+00:00,152.0
P1410,2026-09-21 04:53:00+00:00,2026-09-21 08:33:00+00:00,220.0
P1411,2026-09-21 04:55:00+00:00,2026-09-21 08:01:00+00:00,186.0
P1412,2026-09-21 05:05:00+00:00,2026-09-21 06:32:00+00:00,87.0
P1413,2026-09-21 05:08:00+00:00,2026-09-21 07:55:00+00:00,167.0
P1414,2026-09-21 05:11:00+00:00,2026-09-21 07:11:00+00:00,120.0
P1415,2026-09-21 05:14:00+00:00,2026-09-21 09:13:00+00:00,239.0
P1416,2026-09-21 05:21:00+00:00,2026-09-21 07:11:00+00:00,110.0
P1417,2026-09-21 05:30:00+00:00,2026-09-21 08:31:00+00:00,181.0
P1418,2026-09-21 05:32:00+00:00,2026-09-21 08:15:00+00:00,163.0
P1419,2026-09-21 05:35:00+00:00,2026-09-21 07:40:00+00:00,125.0
P1420,2026-09-21 05:43:00+00:00,2026-09-21 07:47:00+00:00,124.0
P1421,2026-09-21 05:46:00+00:00,2026-09-21 08:16:00+00:00,150.0
P1422,2026-09-21 05:55:00+00:00,2026-09-21 08:17:00+00:00,142.0
P1423,2026-09-21 05:58:00+00:00,2026-09-21 10:14:00+00:00,256.0
P1424,2026-09-21 06:03:00+00:00,2026-09-21 09:31:00+00:00,208.0
P1425,2026-09-21 06:09:00+00:00,2026-09-21 10:29:00+00:00,260.0
P1426,2026-09-21 06:15:00+00:00,2026-09-21 09:00:00+00:00,165.0
P1427,2026-09-21 06:20:00+00:00,2026-09-21 09:51:00+00:00,211.0
P1428,2026-09-21 06:26:00+00:00,2026-09-21 09:26:00+00:00,180.0
P1429,2026-09-21 06:30:00+00:00,2026-09-21 08:49:00+00:00,139.0
P1430,2026-09-21 06:40:00+00:00,2026-09-21 09:33:00+00:00,173.0
P1431,2026-09-21 06:50:00+00:00,2026-09-21 09:07:00+00:00,137.0
P1432,2026-09-21 06:57:00+00:00,2026-09-21 11:10:00+00:00,253.0
P1433,2026-09-21 07:04:00+00:00,2026-09-21 09:25:00+00:00,141.0
P1434,2026-09-21 07:14:00+00:00,2026-09-21 10:58:00+00:00,224.0
P1435,2026-09-21 07:16:00+00:00,2026-09-21 10:00:00+00:00,164.0
P1436,2026-09-21 07:24:00+00:00,2026-09-21 10:14:00+00:00,170.0
P1437,2026-09-21 07:32:00+00:00,2026-09-21 09:36:00+00:00,124.0
P1438,2026-09-21 07:40:00+00:00,2026-09-21 10:21:00+00:00,161.0
P1439,2026-09-21 07:46:00+00:00,2026-09-21 11:41:00+00:00,235.0
P1440,2026-09-21 07:50:00+00:00,2026-09-21 11:22:00+00:00,212.0
P1441,2026-09-21 08:00:00+00:00,2026-09-21 09:52:00+00:00,112.0
P1442,2026-09-21 08:07:00+00:00,2026-09-21 10:38:00+00:00,151.0
P1443,2026-09-21 08:12:00+00:00,2026-09-21 10:06:00+00:00,114.0
P1444,2026-09-21 08:20:00+00:00,2026-09-21 12:20:00+00:00,240.0
P1445,2026-09-21 08:30:00+00:00,2026-09-21 11:40:00+00:00,190.0
P1446,2026-09-21 08:36:00+00:00,2026-09-21 12:08:00+00:00,212.0
P1447,2026-09-21 08:45:00+00:00,2026-09-21 11:00:00+00:00,135.0
P1448,2026-09-21 08:48:00+00:00,2026-09-21 11:50:00+00:00,182.0
P1449,2026-09-21 08:53:00+00:00,2026-09-21 11:20:00+00:00,147.0
P1450,2026-09-21 09:00:00+00:00,2026-09-21 13:20:00+00:00,260.0
P1451,2026-09-21 09:08:00+00:00,2026-09-21 11:05:00+00:00,117.0
P1452,2026-09-21 09:18:00+00:00,2026-09-21 12:47:00+00:00,209.0
P1453,2026-09-21 09:28:00+00:00,2026-09-21 11:28:00+00:00,120.0
P1454,2026-09-21 09:35:00+00:00,2026-09-21 12:44:00+00:00,189.0
P1455,2026-09-21 09:45:00+00:00,2026-09-21 13:16:00+00:00,211.0
P1456,2026-09-21 09:55:00+00:00,2026-09-21 12:20:00+00:00,145.0
P1457,2026-09-21 10:02:00+00:00,2026-09-21 12:15:00+00:00,133.0
P1458,2026-09-21 10:11:00+00:00,2026-09-21 13:04:00+00:00,173.0
P1459,2026-09-21 10:14:00+00:00,2026-09-21 13:45:00+00:00,211.0
P1460,2026-09-21 10:22:00+00:00,2026-09-21 12:34:00+00:00,132.0
P1461,2026-09-21 10:32:00+00:00,2026-09-21 14:40:00+00:00,248.0
P1462,2026-09-21 10:34:00+00:00,2026-09-21 12:50:00+00:00,136.0
P1463,2026-09-21 10:44:00+00:00,2026-09-21 13:22:00+00:00,158.0
P1464,2026-09-21 10:48:00+00:00,2026-09-21 13:25:00+00:00,157.0
P1465,2026-09-21 10:52:00+00:00,2026-09-21 14:41:00+00:00,229.0
P1466,2026-09-21 10:57:00+00:00,2026-09-21 14:51:00+00:00,234.0
P1467,2026-09-21 11:05:00+00:00,2026-09-21 13:11:00+00:00,126.0
P1468,2026-09-21 11:10:00+00:00,2026-09-21 15:01:00+00:00,231.0
P1469,2026-09-21 11:15:00+00:00,2026-09-21 14:32:00+00:00,197.0
P1470,2026-09-21 11:20:00+00:00,2026-09-21 15:12:00+00:00,232.0
P1471,2026-09-21 11:22:00+00:00,2026-09-21 13:08:00+00:00,106.0
P1472,2026-09-21 11:31:00+00:00,2026-09-21 14:18:00+00:00,167.0
P1473,2026-09-21 11:37:00+00:00,2026-09-21 14:23:00+00:00,166.0
P1474,2026-09-21 11:47:00+00:00,2026-09-21 14:45:00+00:00,178.0
P1475,2026-09-21 11:53:00+00:00,2026-09-21 16:13:00+00:00,260.0
P1476,2026-09-21 12:00:00+00:00,2026-09-21 14:47:00+00:00,167.0
P1477,2026-09-21 12:03:00+00:00,2026-09-21 13:34:00+00:00,91.0
P1478,2026-09-21 12:10:00+00:00,2026-09-21 14:00:00+00:00,110.0
P1479,2026-09-21 12:15:00+00:00,2026-09-21 16:32:00+00:00,257.0
P1480,2026-09-21 12:21:00+00:00,2026-09-21 15:08:00+00:00,167.0
P1481,2026-09-21 12:30:00+00:00,2026-09-21 14:43:00+00:00,133.0
P1482,2026-09-21 12:37:00+00:00,2026-09-21 15:57:00+00:00,200.0
P1483,2026-09-21 12:39:00+00:00,2026-09-21 14:42:00+00:00,123.0
P1484,2026-09-21 12:48:00+00:00,2026-09-21 16:56:00+00:00,248.0
P1485,2026-09-21 12:57:00+00:00,2026-09-21 15:59:00+00:00,182.0
P1486,2026-09-21 12:59:00+00:00,2026-09-21 16:54:00+00:00,235.0
P1487,2026-09-21 13:08:00+00:00,2026-09-21 16:57:00+00:00,229.0
P1488,2026-09-21 13:12:00+00:00,2026-09-21 15:42:00+00:00,150.0
P1489,2026-09-21 13:17:00+00:00,2026-09-21 15:58:00+00:00,161.0
P1490,2026-09-21 13:24:00+00:00,2026-09-21 15:48:00+00:00,144.0
P1491,2026-09-21 13:32:00+00:00,2026-09-21 18:11:00+00:00,279.0
P1492,2026-09-21 13:34:00+00:00,2026-09-21 17:30:00+00:00,236.0
P1493,2026-09-21 13:43:00+00:00,2026-09-21 16:00:00+00:00,137.0
P1494,2026-09-21 13:46:00+00:00,2026-09-21 17:48:00+00:00,242.0
P1495,2026-09-21 13:56:00+00:00,2026-09-21 16:30:00+00:00,154.0
P1496,2026-09-21 14:06:00+00:00,2026-09-21 15:53:00+00:00,107.0
P1497,2026-09-21 14:13:00+00:00,2026-09-21 17:53:00+00:00,220.0
P1498,2026-09-21 14:15:00+00:00,2026-09-21 18:20:00+00:00,245.0
P1499,2026-09-21 14:20:00+00:00,2026-09-21 16:39:00+00:00,139.0
P1500,2026-09-21 14:24:00+00:00,2026-09-21 17:32:00+00:00,188.0
P1501,2026-09-21 14:32:00+00:00,2026-09-21 16:11:00+00:00,99.0
P1502,2026-09-21 14:42:00+00:00,2026-09-21 16:55:00+00:00,133.0
P1503,2026-09-21 14:49:00+00:00,2026-09-21 17:40:00+00:00,171.0
P1504,2026-09-21 14:59:00+00:00,2026-09-21 17:27:00+00:00,148.0
P1505,2026-09-21 15:07:00+00:00,2026-09-21 19:04:00+00:00,237.0
P1506,2026-09-21 15:09:00+00:00,2026-09-21 17:27:00+00:00,138.0
P1507,2026-09-21 15:19:00+00:00,2026-09-21 16:33:00+00:00,74.0
P1508,2026-09-21 15:28:00+00:00,2026-09-21 18:23:00+00:00,175.0
P1509,2026-09-21 15:34:00+00:00,2026-09-21 19:24:00+00:00,230.0
P1510,2026-09-21 15:41:00+00:00,2026-09-21 19:06:00+00:00,205.0
P1511,2026-09-21 15:49:00+00:00,2026-09-21 18:19:00+00:00,150.0
P1512,2026-09-21 15:56:00+00:00,2026-09-21 18:51:00+00:00,175.0
P1513,2026-09-21 15:59:00+00:00,2026-09-21 17:46:00+00:00,107.0
P1514,2026-09-21 16:07:00+00:00,2026-09-21 19:30:00+00:00,203.0
P1515,2026-09-21 16:11:00+00:00,2026-09-21 18:28:00+00:00,137.0
P1516,2026-09-21 16:14:00+00:00,2026-09-21 19:45:00+00:00,211.0
P1517,2026-09-21 16:18:00+00:00,2026-09-21 20:15:00+00:00,237.0
P1518,2026-09-21 16:24:00+00:00,2026-09-21 18:28:00+00:00,124.0
P1519,2026-09-21 16:28:00+00:00,2026-09-21 18:44:00+00:00,136.0
P1520,2026-09-21 16:38:00+00:00,2026-09-21 19:54:00+00:00,196.0
P1521,2026-09-21 16:41:00+00:00,2026-09-21 19:34:00+00:00,173.0
P1522,2026-09-21 16:43:00+00:00,2026-09-21 19:42:00+00:00,179.0
P1523,2026-09-21 16:50:00+00:00,2026-09-21 21:14:00+00:00,264.0
P1524,2026-09-21 16:58:00+00:00,2026-09-21 19:28:00+00:00,150.0
P1525,2026-09-21 17:06:00+00:00,2026-09-21 19:18:00+00:00,132.0
P1526,2026-09-21 17:08:00+00:00,2026-09-21 19:16:00+00:00,128.0
P1527,2026-09-21 17:11:00+00:00,2026-09-21 18:52:00+00:00,101.0
P1528,2026-09-21 17:20:00+00:00,2026-09-21 20:19:00+00:00,179.0
P1529,2026-09-21 17:25:00+00:00,2026-09-21 19:19:00+00:00,114.0
P1530,2026-09-21 17:28:00+00:00,2026-09-21 19:55:00+00:00,147.0
P1531,2026-09-21 17:38:00+00:00,2026-09-21 20:48:00+00:00,190.0
P1532,2026-09-21 17:40:00+00:00,2026-09-21 20:16:00+00:00,156.0
P1533,2026-09-21 17:45:00+00:00,2026-09-21 20:08:00+00:00,143.0
P1534,2026-09-21 17:51:00+00:00,2026-09-21 21:00:00+00:00,189.0
P1535,2026-09-21 17:57:00+00:00,2026-09-21 21:37:00+00:00,220.0
P1536,2026-09-21 18:01:00+00:00,2026-09-21 20:31:00+00:00,150.0
P1537,2026-09-21 18:03:00+00:00,2026-09-21 21:09:00+00:00,186.0
P1538,2026-09-21 18:05:00+00:00,2026-09-21 21:14:00+00:00,189.0
P1539,2026-09-21 18:10:00+00:00,2026-09-21 20:25:00+00:00,135.0
P1540,2026-09-21 18:20:00+00:00,2026-09-21 21:14:00+00:00,174.0
P1541,2026-09-21 18:30:00+00:00,2026-09-21 20:42:00+00:00,132.0
P1542,2026-09-21 18:33:00+00:00,2026-09-21 21:23:00+00:00,170.0
P1543,2026-09-21 18:38:00+00:00,2026-09-21 21:46:00+00:00,188.0
P1544,2026-09-21 18:40:00+00:00,2026-09-21 21:21:00+00:00,161.0
P1545,2026-09-21 18:48:00+00:00,2026-09-21 22:30:00+00:00,222.0
P1546,2026-09-21 18:54:00+00:00,2026-09-21 21:08:00+00:00,134.0
P1547,2026-09-21 18:57:00+00:00,2026-09-21 21:49:00+00:00,172.0
P1548,2026-09-21 19:03:00+00:00,2026-09-21 22:30:00+00:00,207.0
P1549,2026-09-21 19:09:00+00:00,2026-09-21 21:30:00+00:00,141.0
P1550,2026-09-21 19:13:00+00:00,2026-09-21 21:18:00+00:00,125.0
P1551,2026-09-21 19:16:00+00:00,2026-09-21 23:24:00+00:00,248.0
P1552,2026-09-21 19:24:00+00:00,2026-09-21 22:16:00+00:00,172.0
P1553,2026-09-21 19:32:00+00:00,2026-09-21 21:59:00+00:00,147.0
P1554,2026-09-21 19:36:00+00:00,2026-09-21 23:56:00+00:00,260.0
P1555,2026-09-21 19:42:00+00:00,2026-09-22 00:08:00+00:00,266.0
P1556,2026-09-21 19:47:00+00:00,2026-09-21 23:47:00+00:00,240.0
P1557,2026-09-21 19:53:00+00:00,2026-09-21 23:51:00+00:00,238.0
P1558,2026-09-21 19:57:00+00:00,2026-09-22 00:11:00+00:00,254.0
P1559,2026-09-21 20:00:00+00:00,2026-09-21 23:24:00+00:00,204.0
P1560,2026-09-21 20:03:00+00:00,2026-09-21 22:32:00+00:00,149.0
P1561,2026-09-21 20:12:00+00:00,2026-09-21 22:38:00+00:00,146.0
P1562,2026-09-21 20:15:00+00:00,2026-09-21 23:41:00+00:00,206.0
P1563,2026-09-21 20:25:00+00:00,2026-09-22 00:29:00+00:00,244.0
P1564,2026-09-21 20:31:00+00:00,2026-09-21 22:42:00+00:00,131.0
P1565,2026-09-21 20:38:00+00:00,2026-09-21 22:23:00+00:00,105.0
P1566,2026-09-21 20:41:00+00:00,2026-09-21 22:50:00+00:00,129.0
P1567,2026-09-21 20:46:00+00:00,2026-09-21 22:27:00+00:00,101.0
P1568,2026-09-21 20:51:00+00:00,2026-09-21 23:14:00+00:00,143.0
P1569,2026-09-21 20:57:00+00:00,2026-09-21 23:05:00+00:00,128.0
P1570,2026-09-21 21:05:00+00:00,2026-09-21 23:34:00+00:00,149.0
P1571,2026-09-21 21:12:00+00:00,2026-09-22 01:15:00+00:00,243.0
P1572,2026-09-21 21:14:00+00:00,2026-09-22 00:02:00+00:00,168.0
P1573,2026-09-21 21:24:00+00:00,2026-09-22 00:31:00+00:00,187.0
P1574,2026-09-21 21:33:00+00:00,2026-09-21 23:56:00+00:00,143.0
P1575,2026-09-21 21:35:00+00:00,2026-09-21 23:59:00+00:00,144.0
P1576,2026-09-21 21:39:00+00:00,2026-09-22 00:05:00+00:00,146.0
P1577,2026-09-21 21:43:00+00:00,2026-09-22 00:14:00+00:00,151.0
P1578,2026-09-21 21:46:00+00:00,2026-09-22 00:33:00+00:00,167.0
P1579,2026-09-21 21:49:00+00:00,2026-09-22 02:34:00+00:00,285.0
P1580,2026-09-21 21:55:00+00:00,2026-09-22 01:28:00+00:00,213.0
P1581,2026-09-21 22:04:00+00:00,2026-09-22 00:54:00+00:00,170.0
P1582,2026-09-21 22:12:00+00:00,2026-09-22 00:38:00+00:00,146.0
P1583,2026-09-21 22:14:00+00:00,2026-09-22 00:27:00+00:00,133.0
P1584,2026-09-21 22:22:00+00:00,2026-09-22 00:23:00+00:00,121.0
P1585,2026-09-21 22:25:00+00:00,2026-09-22 01:12:00+00:00,167.0
P1586,2026-09-21 22:33:00+00:00,2026-09-22 00:58:00+00:00,145.0
P1587,2026-09-21 22:42:00+00:00,2026-09-22 01:59:00+00:00,197.0
P1588,2026-09-21 22:45:00+00:00,2026-09-22 01:40:00+00:00,175.0
P1589,2026-09-21 22:53:00+00:00,2026-09-22 02:34:00+00:00,221.0
P1590,2026-09-21 22:59:00+00:00,2026-09-22 01:37:00+00:00,158.0
P1591,2026-09-21 23:02:00+00:00,2026-09-22 01:34:00+00:00,152.0
P1592,2026-09-21 23:05:00+00:00,2026-09-22 02:46:00+00:00,221.0
P1593,2026-09-21 23:12:00+00:00,2026-09-22 01:15:00+00:00,123.0
P1594,2026-09-21 23:18:00+00:00,2026-09-22 01:17:00+00:00,119.0
P1595,2026-09-21 23:27:00+00:00,2026-09-22 01:54:00+00:00,147.0
P1596,2026-09-21 23:29:00+00:00,2026-09-22 02:13:00+00:00,164.0
P1597,2026-09-21 23:35:00+00:00,2026-09-22 03:21:00+00:00,226.0
P1598,2026-09-21 23:43:00+00:00,2026-09-22 01:11:00+00:00,88.0
P1599,2026-09-21 23:50:00+00:00,2026-09-22 01:47:00+00:00,117.0
P1600,2026-09-21 23:57:00+00:00,2026-09-22 02:44:00+00:00,167.0
P1601,2026-09-22 00:06:00+00:00,2026-09-22 04:03:00+00:00,237.0
P1602,2026-09-22 00:14:00+00:00,2026-09-22 03:48:00+00:00,214.0
P1603,2026-09-22 00:19:00+00:00,2026-09-22 02:28:00+00:00,129.0
P1604,2026-09-22 00:24:00+00:00,2026-09-22 03:11:00+00:00,167.0
P1605,2026-09-22 00:31:00+00:00,2026-09-22 02:34:00+00:00,123.0
P1606,2026-09-22 00:40:00+00:00,2026-09-22 04:27:00+00:00,227.0
P1607,2026-09-22 00:48:00+00:00,2026-09-22 02:50:00+00:00,122.0
P1608,2026-09-22 00:55:00+00:00,2026-09-22 03:28:00+00:00,153.0
P1609,2026-09-22 00:57:00+00:00,2026-09-22 03:06:00+00:00,129.0
P1610,2026-09-22 01:02:00+00:00,2026-09-22 04:21:00+00:00,199.0
P1611,2026-09-22 01:04:00+00:00,2026-09-22 03:23:00+00:00,139.0
P1612,2026-09-22 01:10:00+00:00,2026-09-22 03:04:00+00:00,114.0
P1613,2026-09-22 01:17:00+00:00,2026-09-22 02:54:00+00:00,97.0
P1614,2026-09-22 01:22:00+00:00,2026-09-22 04:03:00+00:00,161.0
P1615,2026-09-22 01:28:00+00:00,2026-09-22 04:57:00+00:00,209.0
P1616,2026-09-22 01:31:00+00:00,2026-09-22 05:01:00+00:00,210.0
P1617,2026-09-22 01:35:00+00:00,2026-09-22 03:55:00+00:00,140.0
P1618,2026-09-22 01:38:00+00:00,2026-09-22 04:22:00+00:00,164.0
P1619,2026-09-22 01:45:00+00:00,2026-09-22 05:09:00+00:00,204.0
P1620,2026-09-22 01:55:00+00:00,2026-09-22 05:25:00+00:00,210.0
P1621,2026-09-22 02:01:00+00:00,2026-09-22 04:19:00+00:00,138.0
P1622,2026-09-22 02:08:00+00:00,2026-09-22 05:09:00+00:00,181.0
P1623,2026-09-22 02:12:00+00:00,2026-09-22 05:53:00+00:00,221.0
P1624,2026-09-22 02:18:00+00:00,2026-09-22 05:01:00+00:00,163.0
P1625,2026-09-22 02:28:00+00:00,2026-09-22 04:26:00+00:00,118.0
P1626,2026-09-22 02:36:00+00:00,2026-09-22 05:27:00+00:00,171.0
P1627,2026-09-22 02:43:00+00:00,2026-09-22 05:10:00+00:00,147.0
P1628,2026-09-22 02:45:00+00:00,2026-09-22 06:11:00+00:00,206.0
P1629,2026-09-22 02:54:00+00:00,2026-09-22 04:59:00+00:00,125.0
P1630,2026-09-22 02:59:00+00:00,2026-09-22 04:44:00+00:00,105.0
P1631,2026-09-22 03:09:00+00:00,2026-09-22 05:06:00+00:00,117.0
P1632,2026-09-22 03:19:00+00:00,2026-09-22 06:36:00+00:00,197.0
P1633,2026-09-22 03:28:00+00:00,2026-09-22 06:59:00+00:00,211.0
P1634,2026-09-22 03:32:00+00:00,2026-09-22 05:29:00+00:00,117.0
P1635,2026-09-22 03:36:00+00:00,2026-09-22 06:01:00+00:00,145.0
P1636,2026-09-22 03:46:00+00:00,2026-09-22 06:56:00+00:00,190.0
P1637,2026-09-22 03:56:00+00:00,2026-09-22 06:19:00+00:00,143.0
P1638,2026-09-22 04:00:00+00:00,2026-09-22 06:49:00+00:00,169.0
P1639,2026-09-22 04:07:00+00:00,2026-09-22 06:09:00+00:00,122.0
P1640,2026-09-22 04:15:00+00:00,2026-09-22 08:42:00+00:00,267.0
P1641,2026-09-22 04:19:00+00:00,2026-09-22 06:14:00+00:00,115.0
P1642,2026-09-22 04:21:00+00:00,2026-09-22 06:32:00+00:00,131.0
P1643,2026-09-22 04:24:00+00:00,2026-09-22 06:44:00+00:00,140.0
P1644,2026-09-22 04:26:00+00:00,2026-09-22 06:58:00+00:00,152.0
P1645,2026-09-22 04:31:00+00:00,2026-09-22 06:48:00+00:00,137.0
P1646,2026-09-22 04:37:00+00:00,2026-09-22 06:55:00+00:00,138.0
P1647,2026-09-22 04:42:00+00:00,2026-09-22 07:23:00+00:00,161.0
P1648,2026-09-22 04:47:00+00:00,2026-09-22 07:50:00+00:00,183.0
P1649,2026-09-22 04:57:00+00:00,2026-09-22 07:51:00+00:00,174.0
P1650,2026-09-22 05:00:00+00:00,2026-09-22 07:01:00+00:00,121.0
P1651,2026-09-22 05:05:00+00:00,2026-09-22 07:23:00+00:00,138.0
P1652,2026-09-22 05:10:00+00:00,2026-09-22 08:34:00+00:00,204.0
P1653,2026-09-22 05:17:00+00:00,2026-09-22 08:17:00+00:00,180.0
P1654,2026-09-22 05:24:00+00:00,2026-09-22 08:09:00+00:00,165.0
P1655,2026-09-22 05:34:00+00:00,2026-09-22 07:41:00+00:00,127.0
P1656,2026-09-22 05:41:00+00:00,2026-09-22 10:02:00+00:00,261.0
P1657,2026-09-22 05:49:00+00:00,2026-09-22 07:51:00+00:00,122.0
P1658,2026-09-22 05:56:00+00:00,2026-09-22 08:02:00+00:00,126.0
P1659,2026-09-22 06:01:00+00:00,2026-09-22 08:08:00+00:00,127.0
P1660,2026-09-22 06:09:00+00:00,2026-09-22 09:32:00+00:00,203.0
P1661,2026-09-22 06:12:00+00:00,2026-09-22 09:37:00+00:00,205.0
P1662,2026-09-22 06:18:00+00:00,2026-09-22 09:25:00+00:00,187.0
P1663,2026-09-22 06:27:00+00:00,2026-09-22 09:17:00+00:00,170.0
P1664,2026-09-22 06:36:00+00:00,2026-09-22 09:42:00+00:00,186.0
P1665,2026-09-22 06:46:00+00:00,2026-09-22 08:10:00+00:00,84.0
P1666,2026-09-22 06:50:00+00:00,2026-09-22 10:23:00+00:00,213.0
P1667,2026-09-22 06:59:00+00:00,2026-09-22 09:29:00+00:00,150.0
P1668,2026-09-22 07:09:00+00:00,2026-09-22 09:37:00+00:00,148.0
P1669,2026-09-22 07:13:00+00:00,2026-09-22 09:06:00+00:00,113.0
P1670,2026-09-22 07:23:00+00:00,2026-09-22 09:24:00+00:00,121.0
P1671,2026-09-22 07:28:00+00:00,2026-09-22 09:31:00+00:00,123.0
P1672,2026-09-22 07:30:00+00:00,2026-09-22 10:00:00+00:00,150.0
P1673,2026-09-22 07:33:00+00:00,2026-09-22 11:19:00+00:00,226.0
P1674,2026-09-22 07:41:00+00:00,2026-09-22 10:30:00+00:00,169.0
P1675,2026-09-22 07:45:00+00:00,2026-09-22 10:28:00+00:00,163.0
P1676,2026-09-22 07:55:00+00:00,2026-09-22 10:31:00+00:00,156.0
P1677,2026-09-22 08:02:00+00:00,2026-09-22 11:35:00+00:00,213.0
P1678,2026-09-22 08:08:00+00:00,2026-09-22 11:41:00+00:00,213.0
P1679,2026-09-22 08:11:00+00:00,2026-09-22 12:04:00+00:00,233.0
P1680,2026-09-22 08:14:00+00:00,2026-09-22 12:02:00+00:00,228.0
P1681,2026-09-22 08:22:00+00:00,2026-09-22 11:00:00+00:00,158.0
P1682,2026-09-22 08:24:00+00:00,2026-09-22 11:48:00+00:00,204.0
P1683,2026-09-22 08:31:00+00:00,2026-09-22 10:44:00+00:00,133.0
P1684,2026-09-22 08:33:00+00:00,2026-09-22 11:51:00+00:00,198.0
P1685,2026-09-22 08:42:00+00:00,2026-09-22 11:21:00+00:00,159.0
P1686,2026-09-22 08:50:00+00:00,2026-09-22 11:21:00+00:00,151.0
P1687,2026-09-22 08:59:00+00:00,2026-09-22 12:20:00+00:00,201.0
P1688,2026-09-22 09:04:00+00:00,2026-09-22 13:19:00+00:00,255.0
P1689,2026-09-22 09:07:00+00:00,2026-09-22 12:30:00+00:00,203.0
P1690,2026-09-22 09:13:00+00:00,2026-09-22 11:36:00+00:00,143.0
P1691,2026-09-22 09:23:00+00:00,2026-09-22 12:19:00+00:00,176.0
P1692,2026-09-22 09:31:00+00:00,2026-09-22 11:18:00+00:00,107.0
P1693,2026-09-22 09:36:00+00:00,2026-09-22 12:16:00+00:00,160.0
P1694,2026-09-22 09:40:00+00:00,2026-09-22 12:27:00+00:00,167.0
P1695,2026-09-22 09:45:00+00:00,2026-09-22 13:21:00+00:00,216.0
P1696,2026-09-22 09:50:00+00:00,2026-09-22 12:53:00+00:00,183.0
P1697,2026-09-22 09:57:00+00:00,2026-09-22 12:20:00+00:00,143.0
P1698,2026-09-22 10:03:00+00:00,2026-09-22 13:29:00+00:00,206.0
P1699,2026-09-22 10:09:00+00:00,2026-09-22 13:53:00+00:00,224.0
P1700,2026-09-22 10:11:00+00:00,2026-09-22 12:41:00+00:00,150.0
P1701,2026-09-22 10:15:00+00:00,2026-09-22 13:59:00+00:00,224.0
P1702,2026-09-22 10:20:00+00:00,2026-09-22 13:17:00+00:00,177.0
P1703,2026-09-22 10:28:00+00:00,2026-09-22 12:44:00+00:00,136.0
P1704,2026-09-22 10:35:00+00:00,2026-09-22 14:47:00+00:00,252.0
P1705,2026-09-22 10:44:00+00:00,2026-09-22 13:05:00+00:00,141.0
P1706,2026-09-22 10:49:00+00:00,2026-09-22 14:15:00+00:00,206.0
P1707,2026-09-22 10:53:00+00:00,2026-09-22 13:59:00+00:00,186.0
P1708,2026-09-22 10:58:00+00:00,2026-09-22 13:56:00+00:00,178.0
P1709,2026-09-22 11:00:00+00:00,2026-09-22 13:17:00+00:00,137.0
P1710,2026-09-22 11:09:00+00:00,2026-09-22 12:52:00+00:00,103.0
P1711,2026-09-22 11:11:00+00:00,2026-09-22 14:58:00+00:00,227.0
P1712,2026-09-22 11:15:00+00:00,2026-09-22 14:59:00+00:00,224.0
P1713,2026-09-22 11:20:00+00:00,2026-09-22 14:35:00+00:00,195.0
P1714,2026-09-22 11:27:00+00:00,2026-09-22 14:14:00+00:00,167.0
P1715,2026-09-22 11:29:00+00:00,2026-09-22 14:56:00+00:00,207.0
P1716,2026-09-22 11:34:00+00:00,2026-09-22 15:05:00+00:00,211.0
P1717,2026-09-22 11:38:00+00:00,2026-09-22 15:41:00+00:00,243.0
P1718,2026-09-22 11:46:00+00:00,2026-09-22 15:56:00+00:00,250.0
P1719,2026-09-22 11:53:00+00:00,2026-09-22 13:58:00+00:00,125.0
P1720,2026-09-22 12:03:00+00:00,2026-09-22 15:46:00+00:00,223.0
P1721,2026-09-22 12:07:00+00:00,2026-09-22 15:17:00+00:00,190.0
P1722,2026-09-22 12:09:00+00:00,2026-09-22 15:04:00+00:00,175.0
P1723,2026-09-22 12:15:00+00:00,2026-09-22 14:22:00+00:00,127.0
P1724,2026-09-22 12:24:00+00:00,2026-09-22 14:30:00+00:00,126.0
P1725,2026-09-22 12:30:00+00:00,2026-09-22 16:19:00+00:00,229.0
P1726,2026-09-22 12:40:00+00:00,2026-09-22 14:58:00+00:00,138.0
P1727,2026-09-22 12:50:00+00:00,2026-09-22 14:45:00+00:00,115.0
P1728,2026-09-22 13:00:00+00:00,2026-09-22 15:52:00+00:00,172.0
P1729,2026-09-22 13:08:00+00:00,2026-09-22 15:14:00+00:00,126.0
P1730,2026-09-22 13:17:00+00:00,2026-09-22 15:17:00+00:00,120.0
P1731,2026-09-22 13:24:00+00:00,2026-09-22 15:40:00+00:00,136.0
P1732,2026-09-22 13:27:00+00:00,2026-09-22 17:03:00+00:00,216.0
P1733,2026-09-22 13:31:00+00:00,2026-09-22 15:56:00+00:00,145.0
P1734,2026-09-22 13:37:00+00:00,2026-09-22 15:43:00+00:00,126.0
P1735,2026-09-22 13:39:00+00:00,2026-09-22 16:36:00+00:00,177.0
P1736,2026-09-22 13:46:00+00:00,2026-09-22 16:31:00+00:00,165.0
P1737,2026-09-22 13:49:00+00:00,2026-09-22 16:06:00+00:00,137.0
P1738,2026-09-22 13:51:00+00:00,2026-09-22 17:11:00+00:00,200.0
P1739,2026-09-22 14:01:00+00:00,2026-09-22 18:02:00+00:00,241.0
P1740,2026-09-22 14:04:00+00:00,2026-09-22 15:42:00+00:00,98.0
P1741,2026-09-22 14:06:00+00:00,2026-09-22 18:23:00+00:00,257.0
P1742,2026-09-22 14:10:00+00:00,2026-09-22 17:03:00+00:00,173.0
P1743,2026-09-22 14:13:00+00:00,2026-09-22 16:15:00+00:00,122.0
P1744,2026-09-22 14:15:00+00:00,2026-09-22 17:53:00+00:00,218.0
P1745,2026-09-22 14:22:00+00:00,2026-09-22 16:43:00+00:00,141.0
P1746,2026-09-22 14:30:00+00:00,2026-09-22 17:20:00+00:00,170.0
P1747,2026-09-22 14:34:00+00:00,2026-09-22 16:39:00+00:00,125.0
P1748,2026-09-22 14:43:00+00:00,2026-09-22 17:51:00+00:00,188.0
P1749,2026-09-22 14:52:00+00:00,2026-09-22 18:07:00+00:00,195.0
P1750,2026-09-22 14:56:00+00:00,2026-09-22 18:41:00+00:00,225.0
P1751,2026-09-22 15:04:00+00:00,2026-09-22 19:16:00+00:00,252.0
P1752,2026-09-22 15:07:00+00:00,2026-09-22 18:03:00+00:00,176.0
P1753,2026-09-22 15:17:00+00:00,2026-09-22 17:41:00+00:00,144.0
P1754,2026-09-22 15:24:00+00:00,2026-09-22 17:46:00+00:00,142.0
P1755,2026-09-22 15:33:00+00:00,2026-09-22 19:47:00+00:00,254.0
P1756,2026-09-22 15:37:00+00:00,2026-09-22 18:32:00+00:00,175.0
P1757,2026-09-22 15:40:00+00:00,2026-09-22 18:44:00+00:00,184.0
P1758,2026-09-22 15:46:00+00:00,2026-09-22 17:44:00+00:00,118.0
P1759,2026-09-22 15:55:00+00:00,2026-09-22 20:09:00+00:00,254.0
P1760,2026-09-22 16:01:00+00:00,2026-09-22 19:46:00+00:00,225.0
P1761,2026-09-22 16:05:00+00:00,2026-09-22 18:29:00+00:00,144.0
P1762,2026-09-22 16:11:00+00:00,2026-09-22 17:47:00+00:00,96.0
P1763,2026-09-22 16:20:00+00:00,2026-09-22 20:01:00+00:00,221.0
P1764,2026-09-22 16:27:00+00:00,2026-09-22 18:28:00+00:00,121.0
P1765,2026-09-22 16:34:00+00:00,2026-09-22 19:27:00+00:00,173.0
P1766,2026-09-22 16:43:00+00:00,2026-09-22 19:30:00+00:00,167.0
P1767,2026-09-22 16:53:00+00:00,2026-09-22 18:51:00+00:00,118.0
P1768,2026-09-22 16:55:00+00:00,2026-09-22 20:53:00+00:00,238.0
P1769,2026-09-22 17:02:00+00:00,2026-09-22 20:52:00+00:00,230.0
P1770,2026-09-22 17:10:00+00:00,2026-09-22 19:29:00+00:00,139.0
P1771,2026-09-22 17:19:00+00:00,2026-09-22 20:07:00+00:00,168.0
P1772,2026-09-22 17:24:00+00:00,2026-09-22 19:10:00+00:00,106.0
P1773,2026-09-22 17:27:00+00:00,2026-09-22 19:07:00+00:00,100.0
P1774,2026-09-22 17:35:00+00:00,2026-09-22 21:59:00+00:00,264.0
P1775,2026-09-22 17:45:00+00:00,2026-09-22 20:37:00+00:00,172.0
P1776,2026-09-22 17:51:00+00:00,2026-09-22 21:05:00+00:00,194.0
P1777,2026-09-22 17:53:00+00:00,2026-09-22 21:34:00+00:00,221.0
P1778,2026-09-22 18:02:00+00:00,2026-09-22 21:54:00+00:00,232.0
P1779,2026-09-22 18:08:00+00:00,2026-09-22 20:16:00+00:00,128.0
P1780,2026-09-22 18:17:00+00:00,2026-09-22 20:07:00+00:00,110.0
P1781,2026-09-22 18:22:00+00:00,2026-09-22 22:06:00+00:00,224.0
P1782,2026-09-22 18:32:00+00:00,2026-09-22 20:56:00+00:00,144.0
P1783,2026-09-22 18:35:00+00:00,2026-09-22 21:14:00+00:00,159.0
P1784,2026-09-22 18:38:00+00:00,2026-09-22 21:16:00+00:00,158.0
P1785,2026-09-22 18:41:00+00:00,2026-09-22 21:38:00+00:00,177.0
P1786,2026-09-22 18:46:00+00:00,2026-09-22 21:53:00+00:00,187.0
P1787,2026-09-22 18:48:00+00:00,2026-09-22 21:07:00+00:00,139.0
P1788,2026-09-22 18:50:00+00:00,2026-09-22 21:28:00+00:00,158.0
P1789,2026-09-22 18:56:00+00:00,2026-09-22 23:48:00+00:00,292.0
P1790,2026-09-22 19:06:00+00:00,2026-09-22 22:19:00+00:00,193.0
P1791,2026-09-22 19:08:00+00:00,2026-09-22 23:53:00+00:00,285.0
P1792,2026-09-22 19:17:00+00:00,2026-09-22 21:45:00+00:00,148.0
P1793,2026-09-22 19:23:00+00:00,2026-09-22 21:36:00+00:00,133.0
P1794,2026-09-22 19:28:00+00:00,2026-09-22 22:06:00+00:00,158.0
P1795,2026-09-22 19:37:00+00:00,2026-09-22 21:34:00+00:00,117.0
P1796,2026-09-22 19:46:00+00:00,2026-09-22 22:25:00+00:00,159.0
P1797,2026-09-22 19:49:00+00:00,2026-09-22 21:48:00+00:00,119.0
P1798,2026-09-22 19:57:00+00:00,2026-09-22 22:59:00+00:00,182.0
P1799,2026-09-22 20:04:00+00:00,2026-09-23 00:10:00+00:00,246.0
P1800,2026-09-22 20:11:00+00:00,2026-09-23 00:14:00+00:00,243.0
P1801,2026-09-22 20:15:00+00:00,2026-09-22 22:46:00+00:00,151.0
P1802,2026-09-22 20:20:00+00:00,2026-09-22 22:24:00+00:00,124.0
P1803,2026-09-22 20:26:00+00:00,2026-09-22 23:04:00+00:00,158.0
P1804,2026-09-22 20:30:00+00:00,2026-09-22 22:24:00+00:00,114.0
P1805,2026-09-22 20:39:00+00:00,2026-09-22 23:19:00+00:00,160.0
P1806,2026-09-22 20:46:00+00:00,2026-09-22 22:33:00+00:00,107.0
P1807,2026-09-22 20:49:00+00:00,2026-09-23 01:07:00+00:00,258.0
P1808,2026-09-22 20:56:00+00:00,2026-09-22 23:23:00+00:00,147.0
P1809,2026-09-22 20:58:00+00:00,2026-09-23 01:03:00+00:00,245.0
P1810,2026-09-22 21:08:00+00:00,2026-09-23 00:16:00+00:00,188.0
P1811,2026-09-22 21:16:00+00:00,2026-09-22 23:50:00+00:00,154.0
P1812,2026-09-22 21:26:00+00:00,2026-09-22 23:33:00+00:00,127.0
P1813,2026-09-22 21:29:00+00:00,2026-09-22 23:47:00+00:00,138.0
P1814,2026-09-22 21:35:00+00:00,2026-09-23 00:06:00+00:00,151.0
P1815,2026-09-22 21:40:00+00:00,2026-09-23 00:00:00+00:00,140.0
P1816,2026-09-22 21:49:00+00:00,2026-09-23 00:08:00+00:00,139.0
P1817,2026-09-22 21:59:00+00:00,2026-09-23 00:46:00+00:00,167.0
P1818,2026-09-22 22:08:00+00:00,2026-09-23 01:31:00+00:00,203.0
P1819,2026-09-22 22:15:00+00:00,2026-09-23 01:25:00+00:00,190.0
P1820,2026-09-22 22:18:00+00:00,2026-09-23 00:25:00+00:00,127.0
P1821,2026-09-22 22:24:00+00:00,2026-09-23 00:24:00+00:00,120.0
P1822,2026-09-22 22:28:00+00:00,2026-09-23 01:44:00+00:00,196.0
P1823,2026-09-22 22:38:00+00:00,2026-09-23 01:00:00+00:00,142.0
P1824,2026-09-22 22:40:00+00:00,2026-09-23 01:06:00+00:00,146.0
P1825,2026-09-22 22:43:00+00:00,2026-09-23 01:21:00+00:00,158.0
P1826,2026-09-22 22:50:00+00:00,2026-09-23 02:05:00+00:00,195.0
P1827,2026-09-22 22:52:00+00:00,2026-09-23 01:22:00+00:00,150.0
P1828,2026-09-22 23:02:00+00:00,2026-09-23 00:54:00+00:00,112.0
P1829,2026-09-22 23:08:00+00:00,2026-09-23 02:12:00+00:00,184.0
P1830,2026-09-22 23:17:00+00:00,2026-09-23 02:13:00+00:00,176.0
P1831,2026-09-22 23:19:00+00:00,2026-09-23 02:35:00+00:00,196.0
P1832,2026-09-22 23:23:00+00:00,2026-09-23 02:01:00+00:00,158.0
P1833,2026-09-22 23:28:00+00:00,2026-09-23 01:50:00+00:00,142.0
P1834,2026-09-22 23:35:00+00:00,2026-09-23 02:05:00+00:00,150.0
P1835,2026-09-22 23:38:00+00:00,2026-09-23 02:28:00+00:00,170.0
P1836,2026-09-22 23:44:00+00:00,2026-09-23 02:31:00+00:00,167.0
P1837,2026-09-22 23:53:00+00:00,2026-09-23 02:14:00+00:00,141.0
P1838,2026-09-23 00:03:00+00:00,2026-09-23 03:14:00+00:00,191.0
P1839,2026-09-23 00:07:00+00:00,2026-09-23 04:03:00+00:00,236.0
P1840,2026-09-23 00:12:00+00:00,2026-09-23 03:36:00+00:00,204.0
P1841,2026-09-23 00:20:00+00:00,2026-09-23 03:18:00+00:00,178.0
P1842,2026-09-23 00:25:00+00:00,2026-09-23 04:13:00+00:00,228.0
P1843,2026-09-23 00:27:00+00:00,2026-09-23 02:15:00+00:00,108.0
P1844,2026-09-23 00:35:00+00:00,2026-09-23 03:36:00+00:00,181.0
P1845,2026-09-23 00:43:00+00:00,2026-09-23 03:52:00+00:00,189.0
P1846,2026-09-23 00:53:00+00:00,2026-09-23 03:58:00+00:00,185.0
P1847,2026-09-23 01:03:00+00:00,2026-09-23 03:03:00+00:00,120.0
P1848,2026-09-23 01:09:00+00:00,2026-09-23 03:12:00+00:00,123.0
P1849,2026-09-23 01:11:00+00:00,2026-09-23 04:19:00+00:00,188.0
P1850,2026-09-23 01:20:00+00:00,2026-09-23 04:53:00+00:00,213.0
P1851,2026-09-23 01:24:00+00:00,2026-09-23 03:29:00+00:00,125.0
P1852,2026-09-23 01:34:00+00:00,2026-09-23 04:05:00+00:00,151.0
P1853,2026-09-23 01:42:00+00:00,2026-09-23 04:48:00+00:00,186.0
P1854,2026-09-23 01:45:00+00:00,2026-09-23 04:17:00+00:00,152.0
P1855,2026-09-23 01:51:00+00:00,2026-09-23 03:55:00+00:00,124.0
P1856,2026-09-23 01:57:00+00:00,2026-09-23 03:52:00+00:00,115.0
P1857,2026-09-23 01:59:00+00:00,2026-09-23 05:27:00+00:00,208.0
P1858,2026-09-23 02:01:00+00:00,2026-09-23 04:14:00+00:00,133.0
P1859,2026-09-23 02:05:00+00:00,2026-09-23 04:38:00+00:00,153.0
P1860,2026-09-23 02:12:00+00:00,2026-09-23 05:56:00+00:00,224.0
P1861,2026-09-23 02:20:00+00:00,2026-09-23 04:35:00+00:00,135.0
P1862,2026-09-23 02:30:00+00:00,2026-09-23 04:36:00+00:00,126.0
P1863,2026-09-23 02:38:00+00:00,2026-09-23 05:36:00+00:00,178.0
P1864,2026-09-23 02:40:00+00:00,2026-09-23 05:09:00+00:00,149.0
P1865,2026-09-23 02:46:00+00:00,2026-09-23 04:53:00+00:00,127.0
P1866,2026-09-23 02:54:00+00:00,2026-09-23 05:35:00+00:00,161.0
P1867,2026-09-23 02:58:00+00:00,2026-09-23 04:28:00+00:00,90.0
P1868,2026-09-23 03:03:00+00:00,2026-09-23 05:24:00+00:00,141.0
P1869,2026-09-23 03:08:00+00:00,2026-09-23 07:12:00+00:00,244.0
P1870,2026-09-23 03:14:00+00:00,2026-09-23 04:53:00+00:00,99.0
P1871,2026-09-23 03:20:00+00:00,2026-09-23 06:08:00+00:00,168.0
P1872,2026-09-23 03:29:00+00:00,2026-09-23 05:56:00+00:00,147.0
P1873,2026-09-23 03:35:00+00:00,2026-09-23 07:49:00+00:00,254.0
P1874,2026-09-23 03:37:00+00:00,2026-09-23 06:36:00+00:00,179.0
P1875,2026-09-23 03:40:00+00:00,2026-09-23 06:57:00+00:00,197.0
P1876,2026-09-23 03:43:00+00:00,2026-09-23 07:07:00+00:00,204.0
P1877,2026-09-23 03:52:00+00:00,2026-09-23 07:14:00+00:00,202.0
P1878,2026-09-23 03:56:00+00:00,2026-09-23 08:48:00+00:00,292.0
P1879,2026-09-23 04:01:00+00:00,2026-09-23 07:38:00+00:00,217.0
P1880,2026-09-23 04:11:00+00:00,2026-09-23 07:27:00+00:00,196.0
P1881,2026-09-23 04:19:00+00:00,2026-09-23 07:03:00+00:00,164.0
P1882,2026-09-23 04:28:00+00:00,2026-09-23 06:42:00+00:00,134.0
P1883,2026-09-23 04:35:00+00:00,2026-09-23 07:48:00+00:00,193.0
P1884,2026-09-23 04:45:00+00:00,2026-09-23 07:27:00+00:00,162.0
P1885,2026-09-23 04:51:00+00:00,2026-09-23 06:42:00+00:00,111.0
P1886,2026-09-23 04:54:00+00:00,2026-09-23 06:56:00+00:00,122.0
P1887,2026-09-23 05:01:00+00:00,2026-09-23 07:36:00+00:00,155.0
P1888,2026-09-23 05:11:00+00:00,2026-09-23 08:40:00+00:00,209.0
P1889,2026-09-23 05:20:00+00:00,2026-09-23 08:22:00+00:00,182.0
P1890,2026-09-23 05:29:00+00:00,2026-09-23 08:19:00+00:00,170.0
P1891,2026-09-23 05:33:00+00:00,2026-09-23 09:00:00+00:00,207.0
P1892,2026-09-23 05:40:00+00:00,2026-09-23 09:06:00+00:00,206.0
P1893,2026-09-23 05:49:00+00:00,2026-09-23 08:25:00+00:00,156.0
P1894,2026-09-23 05:53:00+00:00,2026-09-23 08:25:00+00:00,152.0
P1895,2026-09-23 05:57:00+00:00,2026-09-23 08:21:00+00:00,144.0
P1896,2026-09-23 05:59:00+00:00,2026-09-23 07:53:00+00:00,114.0
P1897,2026-09-23 06:02:00+00:00,2026-09-23 08:46:00+00:00,164.0
P1898,2026-09-23 06:06:00+00:00,2026-09-23 10:41:00+00:00,275.0
P1899,2026-09-23 06:10:00+00:00,2026-09-23 09:46:00+00:00,216.0
P1900,2026-09-23 06:13:00+00:00,2026-09-23 08:40:00+00:00,147.0
P1901,2026-09-23 06:21:00+00:00,2026-09-23 09:16:00+00:00,175.0
P1902,2026-09-23 06:29:00+00:00,2026-09-23 08:36:00+00:00,127.0
P1903,2026-09-23 06:33:00+00:00,2026-09-23 08:15:00+00:00,102.0
P1904,2026-09-23 06:36:00+00:00,2026-09-23 09:42:00+00:00,186.0
P1905,2026-09-23 06:38:00+00:00,2026-09-23 09:38:00+00:00,180.0
P1906,2026-09-23 06:48:00+00:00,2026-09-23 09:54:00+00:00,186.0
P1907,2026-09-23 06:58:00+00:00,2026-09-23 10:21:00+00:00,203.0
P1908,2026-09-23 07:07:00+00:00,2026-09-23 09:26:00+00:00,139.0
P1909,2026-09-23 07:09:00+00:00,2026-09-23 10:38:00+00:00,209.0
P1910,2026-09-23 07:13:00+00:00,2026-09-23 10:25:00+00:00,192.0
P1911,2026-09-23 07:21:00+00:00,2026-09-23 09:36:00+00:00,135.0
P1912,2026-09-23 07:26:00+00:00,2026-09-23 10:47:00+00:00,201.0
P1913,2026-09-23 07:34:00+00:00,2026-09-23 11:57:00+00:00,263.0
P1914,2026-09-23 07:43:00+00:00,2026-09-23 11:16:00+00:00,213.0
P1915,2026-09-23 07:45:00+00:00,2026-09-23 10:34:00+00:00,169.0
P1916,2026-09-23 07:51:00+00:00,2026-09-23 11:00:00+00:00,189.0
P1917,2026-09-23 07:58:00+00:00,2026-09-23 11:47:00+00:00,229.0
P1918,2026-09-23 08:03:00+00:00,2026-09-23 10:04:00+00:00,121.0
P1919,2026-09-23 08:11:00+00:00,2026-09-23 10:19:00+00:00,128.0
P1920,2026-09-23 08:17:00+00:00,2026-09-23 10:26:00+00:00,129.0
P1921,2026-09-23 08:19:00+00:00,2026-09-23 12:08:00+00:00,229.0
P1922,2026-09-23 08:21:00+00:00,2026-09-23 10:45:00+00:00,144.0
P1923,2026-09-23 08:25:00+00:00,2026-09-23 10:36:00+00:00,131.0
P1924,2026-09-23 08:31:00+00:00,2026-09-23 11:06:00+00:00,155.0
P1925,2026-09-23 08:39:00+00:00,2026-09-23 12:17:00+00:00,218.0
P1926,2026-09-23 08:44:00+00:00,2026-09-23 11:38:00+00:00,174.0
P1927,2026-09-23 08:47:00+00:00,2026-09-23 13:06:00+00:00,259.0
P1928,2026-09-23 08:51:00+00:00,2026-09-23 12:32:00+00:00,221.0
P1929,2026-09-23 09:01:00+00:00,2026-09-23 12:03:00+00:00,182.0
P1930,2026-09-23 09:05:00+00:00,2026-09-23 11:18:00+00:00,133.0
P1931,2026-09-23 09:15:00+00:00,2026-09-23 12:24:00+00:00,189.0
P1932,2026-09-23 09:25:00+00:00,2026-09-23 13:02:00+00:00,217.0
P1933,2026-09-23 09:32:00+00:00,2026-09-23 13:21:00+00:00,229.0
P1934,2026-09-23 09:34:00+00:00,2026-09-23 12:27:00+00:00,173.0
P1935,2026-09-23 09:44:00+00:00,2026-09-23 11:25:00+00:00,101.0
P1936,2026-09-23 09:47:00+00:00,2026-09-23 13:08:00+00:00,201.0
P1937,2026-09-23 09:49:00+00:00,2026-09-23 12:29:00+00:00,160.0
P1938,2026-09-23 09:52:00+00:00,2026-09-23 13:36:00+00:00,224.0
P1939,2026-09-23 09:55:00+00:00,2026-09-23 12:57:00+00:00,182.0
P1940,2026-09-23 10:01:00+00:00,2026-09-23 12:17:00+00:00,136.0
P1941,2026-09-23 10:03:00+00:00,2026-09-23 13:12:00+00:00,189.0
P1942,2026-09-23 10:08:00+00:00,2026-09-23 12:38:00+00:00,150.0
P1943,2026-09-23 10:16:00+00:00,2026-09-23 13:40:00+00:00,204.0
P1944,2026-09-23 10:26:00+00:00,2026-09-23 12:39:00+00:00,133.0
P1945,2026-09-23 10:32:00+00:00,2026-09-23 13:03:00+00:00,151.0
P1946,2026-09-23 10:41:00+00:00,2026-09-23 12:49:00+00:00,128.0
P1947,2026-09-23 10:50:00+00:00,2026-09-23 14:22:00+00:00,212.0
P1948,2026-09-23 10:59:00+00:00,2026-09-23 13:21:00+00:00,142.0
P1949,2026-09-23 11:07:00+00:00,2026-09-23 13:35:00+00:00,148.0
P1950,2026-09-23 11:09:00+00:00,2026-09-23 14:02:00+00:00,173.0
P1951,2026-09-23 11:13:00+00:00,2026-09-23 15:02:00+00:00,229.0
P1952,2026-09-23 11:15:00+00:00,2026-09-23 14:31:00+00:00,196.0
P1953,2026-09-23 11:23:00+00:00,2026-09-23 15:16:00+00:00,233.0
P1954,2026-09-23 11:26:00+00:00,2026-09-23 13:06:00+00:00,100.0
P1955,2026-09-23 11:33:00+00:00,2026-09-23 14:40:00+00:00,187.0
P1956,2026-09-23 11:38:00+00:00,2026-09-23 14:14:00+00:00,156.0
P1957,2026-09-23 11:43:00+00:00,2026-09-23 15:34:00+00:00,231.0
P1958,2026-09-23 11:53:00+00:00,2026-09-23 14:47:00+00:00,174.0
P1959,2026-09-23 11:58:00+00:00,2026-09-23 14:52:00+00:00,174.0
P1960,2026-09-23 12:05:00+00:00,2026-09-23 14:37:00+00:00,152.0
P1961,2026-09-23 12:14:00+00:00,2026-09-23 15:37:00+00:00,203.0
P1962,2026-09-23 12:22:00+00:00,2026-09-23 15:17:00+00:00,175.0
P1963,2026-09-23 12:31:00+00:00,2026-09-23 16:36:00+00:00,245.0
P1964,2026-09-23 12:35:00+00:00,2026-09-23 14:42:00+00:00,127.0
P1965,2026-09-23 12:42:00+00:00,2026-09-23 16:22:00+00:00,220.0
P1966,2026-09-23 12:52:00+00:00,2026-09-23 15:24:00+00:00,152.0
P1967,2026-09-23 12:57:00+00:00,2026-09-23 15:44:00+00:00,167.0
P1968,2026-09-23 13:05:00+00:00,2026-09-23 15:10:00+00:00,125.0
P1969,2026-09-23 13:11:00+00:00,2026-09-23 15:21:00+00:00,130.0
P1970,2026-09-23 13:20:00+00:00,2026-09-23 17:15:00+00:00,235.0
P1971,2026-09-23 13:29:00+00:00,2026-09-23 17:44:00+00:00,255.0
P1972,2026-09-23 13:38:00+00:00,2026-09-23 17:38:00+00:00,240.0
P1973,2026-09-23 13:46:00+00:00,2026-09-23 16:11:00+00:00,145.0
P1974,2026-09-23 13:48:00+00:00,2026-09-23 17:43:00+00:00,235.0
P1975,2026-09-23 13:52:00+00:00,2026-09-23 16:05:00+00:00,133.0
P1976,2026-09-23 13:56:00+00:00,2026-09-23 17:52:00+00:00,236.0
P1977,2026-09-23 14:00:00+00:00,2026-09-23 16:52:00+00:00,172.0
P1978,2026-09-23 14:04:00+00:00,2026-09-23 16:18:00+00:00,134.0
P1979,2026-09-23 14:09:00+00:00,2026-09-23 16:32:00+00:00,143.0
P1980,2026-09-23 14:14:00+00:00,2026-09-23 17:00:00+00:00,166.0
P1981,2026-09-23 14:24:00+00:00,2026-09-23 16:25:00+00:00,121.0
P1982,2026-09-23 14:32:00+00:00,2026-09-23 17:03:00+00:00,151.0
P1983,2026-09-23 14:36:00+00:00,2026-09-23 18:14:00+00:00,218.0
P1984,2026-09-23 14:44:00+00:00,2026-09-23 17:34:00+00:00,170.0
P1985,2026-09-23 14:54:00+00:00,2026-09-23 19:47:00+00:00,293.0
P1986,2026-09-23 14:56:00+00:00,2026-09-23 18:30:00+00:00,214.0
P1987,2026-09-23 14:59:00+00:00,2026-09-23 17:55:00+00:00,176.0
P1988,2026-09-23 15:05:00+00:00,2026-09-23 17:05:00+00:00,120.0
P1989,2026-09-23 15:10:00+00:00,2026-09-23 17:46:00+00:00,156.0
P1990,2026-09-23 15:17:00+00:00,2026-09-23 17:29:00+00:00,132.0
P1991,2026-09-23 15:19:00+00:00,2026-09-23 17:52:00+00:00,153.0
P1992,2026-09-23 15:25:00+00:00,2026-09-23 18:15:00+00:00,170.0
P1993,2026-09-23 15:27:00+00:00,2026-09-23 19:47:00+00:00,260.0
P1994,2026-09-23 15:36:00+00:00,2026-09-23 18:28:00+00:00,172.0
P1995,2026-09-23 15:45:00+00:00,2026-09-23 18:17:00+00:00,152.0
P1996,2026-09-23 15:49:00+00:00,2026-09-23 19:31:00+00:00,222.0
P1997,2026-09-23 15:54:00+00:00,2026-09-23 17:49:00+00:00,115.0
P1998,2026-09-23 16:00:00+00:00,2026-09-23 18:22:00+00:00,142.0
P1999,2026-09-23 16:10:00+00:00,2026-09-23 18:24:00+00:00,134.0
P2000,2026-09-23 16:13:00+00:00,2026-09-23 18:46:00+00:00,153.0
