Case_ID,Activity_Name,Timestamp
P0001,Registration,2026-09-15 08:03:00
P0001,Triage,2026-09-15 08:27:00
P0001,X-Ray,2026-09-15 08:48:00
P0001,Triage,2026-09-15 09:38:00
P0001,X-Ray,2026-09-15 10:26:00
P0001,Doctor Consultation,2026-09-15 10:49:00
P0001,Discharge,2026-09-15 11:09:00
P0002,Registration,2026-09-15 08:08:00
P0002,Triage,2026-09-15 08:50:00
P0002,X-Ray,2026-09-15 09:37:00
P0002,Doctor Consultation,2026-09-15 10:12:00
P0002,Discharge,2026-09-15 11:18:00
P0003,Registration,2026-09-15 08:10:00
P0003,Triage,2026-09-15 08:45:00
P0003,X-Ray,2026-09-15 09:17:00
P0003,Doctor Consultation,2026-09-15 09:47:00
P0003,Discharge,2026-09-15 10:18:00
P0004,Registration,2026-09-15 08:18:00
P0004,Triage,2026-09-15 09:05:00
P0004,X-Ray,2026-09-15 09:21:00
P0004,Triage,2026-09-15 10:17:00
P0004,X-Ray,2026-09-15 10:52:00
P0004,Doctor Consultation,2026-09-15 11:43:00
P0004,Discharge,2026-09-15 12:47:00
P0005,Registration,2026-09-15 08:23:00
P0005,Triage,2026-09-15 08:44:00
P0005,X-Ray,2026-09-15 09:03:00
P0005,Doctor Consultation,2026-09-15 09:27:00
P0005,Discharge,2026-09-15 10:11:00
P0006,Registration,2026-09-15 08:30:00
P0006,Triage,2026-09-15 08:52:00
P0006,X-Ray,2026-09-15 09:29:00
P0006,Triage,2026-09-15 09:58:00
P0006,X-Ray,2026-09-15 10:57:00
P0006,Doctor Consultation,2026-09-15 11:48:00
P0006,Discharge,2026-09-15 12:20:00
P0007,Registration,2026-09-15 08:38:00
P0007,Triage,2026-09-15 09:06:00
P0007,X-Ray,2026-09-15 09:30:00
P0007,Triage,2026-09-15 10:05:00
P0007,X-Ray,2026-09-15 10:38:00
P0007,Doctor Consultation,2026-09-15 11:07:00
P0007,Discharge,2026-09-15 11:45:00
P0008,Registration,2026-09-15 08:46:00
P0008,Triage,2026-09-15 09:05:00
P0008,X-Ray,2026-09-15 09:27:00
P0008,Doctor Consultation,2026-09-15 10:20:00
P0008,Discharge,2026-09-15 11:20:00
P0009,Registration,2026-09-15 08:54:00
P0009,Triage,2026-09-15 09:34:00
P0009,X-Ray,2026-09-15 09:56:00
P0009,Doctor Consultation,2026-09-15 10:18:00
P0009,Discharge,2026-09-15 11:17:00
P0010,Registration,2026-09-15 09:02:00
P0010,Triage,2026-09-15 09:36:00
P0010,X-Ray,2026-09-15 10:24:00
P0010,Doctor Consultation,2026-09-15 11:03:00
P0010,Discharge,2026-09-15 11:25:00
P0011,Registration,2026-09-15 09:09:00
P0011,Triage,2026-09-15 09:29:00
P0011,X-Ray,2026-09-15 09:46:00
P0011,Triage,2026-09-15 10:37:00
P0011,X-Ray,2026-09-15 11:21:00
P0011,Doctor Consultation,2026-09-15 12:17:00
P0011,Discharge,2026-09-15 13:21:00
P0012,Registration,2026-09-15 09:13:00
P0012,Triage,2026-09-15 09:55:00
P0012,X-Ray,2026-09-15 10:13:00
P0012,Doctor Consultation,2026-09-15 10:57:00
P0012,Discharge,2026-09-15 11:28:00
P0013,Registration,2026-09-15 09:20:00
P0013,Triage,2026-09-15 09:44:00
P0013,X-Ray,2026-09-15 10:09:00
P0013,Doctor Consultation,2026-09-15 10:38:00
P0013,Discharge,2026-09-15 11:26:00
P0014,Registration,2026-09-15 09:30:00
P0014,Triage,2026-09-15 10:08:00
P0014,X-Ray,2026-09-15 10:36:00
P0014,Doctor Consultation,2026-09-15 11:28:00
P0014,Discharge,2026-09-15 12:09:00
P0015,Registration,2026-09-15 09:36:00
P0015,Triage,2026-09-15 10:13:00
P0015,X-Ray,2026-09-15 10:59:00
P0015,Doctor Consultation,2026-09-15 11:30:00
P0015,Discharge,2026-09-15 11:56:00
P0016,Registration,2026-09-15 09:38:00
P0016,Triage,2026-09-15 10:23:00
P0016,X-Ray,2026-09-15 10:36:00
P0016,Doctor Consultation,2026-09-15 11:32:00
P0016,Discharge,2026-09-15 12:02:00
P0017,Registration,2026-09-15 09:40:00
P0017,Triage,2026-09-15 10:19:00
P0017,X-Ray,2026-09-15 10:49:00
P0017,Doctor Consultation,2026-09-15 11:45:00
P0017,Discharge,2026-09-15 12:40:00
P0018,Registration,2026-09-15 09:49:00
P0018,Triage,2026-09-15 10:25:00
P0018,X-Ray,2026-09-15 10:44:00
P0018,Triage,2026-09-15 11:27:00
P0018,X-Ray,2026-09-15 12:09:00
P0018,Doctor Consultation,2026-09-15 12:59:00
P0018,Discharge,2026-09-15 13:21:00
P0019,Registration,2026-09-15 09:57:00
P0019,Triage,2026-09-15 10:19:00
P0019,X-Ray,2026-09-15 10:44:00
P0019,Doctor Consultation,2026-09-15 11:35:00
P0019,Discharge,2026-09-15 12:21:00
P0020,Registration,2026-09-15 10:03:00
P0020,Triage,2026-09-15 10:38:00
P0020,X-Ray,2026-09-15 11:02:00
P0020,Doctor Consultation,2026-09-15 11:51:00
P0020,Discharge,2026-09-15 12:11:00
P0021,Registration,2026-09-15 10:07:00
P0021,Triage,2026-09-15 10:30:00
P0021,X-Ray,2026-09-15 10:49:00
P0021,Doctor Consultation,2026-09-15 11:30:00
P0021,Discharge,2026-09-15 12:09:00
P0022,Registration,2026-09-15 10:16:00
P0022,Triage,2026-09-15 10:35:00
P0022,X-Ray,2026-09-15 11:06:00
P0022,Triage,2026-09-15 11:27:00
P0022,X-Ray,2026-09-15 12:20:00
P0022,Doctor Consultation,2026-09-15 12:55:00
P0022,Discharge,2026-09-15 13:14:00
P0023,Registration,2026-09-15 10:26:00
P0023,Triage,2026-09-15 10:37:00
P0023,X-Ray,2026-09-15 11:00:00
P0023,Doctor Consultation,2026-09-15 11:21:00
P0023,Discharge,2026-09-15 11:53:00
P0024,Registration,2026-09-15 10:29:00
P0024,Triage,2026-09-15 11:14:00
P0024,X-Ray,2026-09-15 11:35:00
P0024,Doctor Consultation,2026-09-15 12:04:00
P0024,Discharge,2026-09-15 13:09:00
P0025,Registration,2026-09-15 10:35:00
P0025,Triage,2026-09-15 10:59:00
P0025,X-Ray,2026-09-15 11:38:00
P0025,Triage,2026-09-15 12:14:00
P0025,X-Ray,2026-09-15 12:51:00
P0025,Doctor Consultation,2026-09-15 13:07:00
P0025,Discharge,2026-09-15 14:15:00
P0026,Registration,2026-09-15 10:38:00
P0026,Triage,2026-09-15 10:55:00
P0026,X-Ray,2026-09-15 11:14:00
P0026,Doctor Consultation,2026-09-15 11:55:00
P0026,Discharge,2026-09-15 12:29:00
P0027,Registration,2026-09-15 10:48:00
P0027,Triage,2026-09-15 11:30:00
P0027,X-Ray,2026-09-15 11:50:00
P0027,Doctor Consultation,2026-09-15 12:23:00
P0027,Discharge,2026-09-15 12:47:00
P0028,Registration,2026-09-15 10:54:00
P0028,Triage,2026-09-15 11:23:00
P0028,X-Ray,2026-09-15 12:16:00
P0028,Triage,2026-09-15 13:07:00
P0028,X-Ray,2026-09-15 13:40:00
P0028,Doctor Consultation,2026-09-15 14:00:00
P0028,Discharge,2026-09-15 14:45:00
P0029,Registration,2026-09-15 10:56:00
P0029,Triage,2026-09-15 11:44:00
P0029,X-Ray,2026-09-15 12:08:00
P0029,Triage,2026-09-15 13:05:00
P0029,X-Ray,2026-09-15 13:56:00
P0029,Doctor Consultation,2026-09-15 14:18:00
P0029,Discharge,2026-09-15 14:44:00
P0030,Registration,2026-09-15 11:03:00
P0030,Triage,2026-09-15 11:38:00
P0030,X-Ray,2026-09-15 11:52:00
P0030,Doctor Consultation,2026-09-15 12:34:00
P0030,Discharge,2026-09-15 13:12:00
P0031,Registration,2026-09-15 11:08:00
P0031,Triage,2026-09-15 11:52:00
P0031,X-Ray,2026-09-15 12:47:00
P0031,Doctor Consultation,2026-09-15 13:19:00
P0031,Discharge,2026-09-15 13:50:00
P0032,Registration,2026-09-15 11:10:00
P0032,Triage,2026-09-15 11:45:00
P0032,X-Ray,2026-09-15 12:20:00
P0032,Triage,2026-09-15 12:49:00
P0032,X-Ray,2026-09-15 13:24:00
P0032,Doctor Consultation,2026-09-15 14:09:00
P0032,Discharge,2026-09-15 14:43:00
P0033,Registration,2026-09-15 11:17:00
P0033,Triage,2026-09-15 11:39:00
P0033,X-Ray,2026-09-15 12:01:00
P0033,Triage,2026-09-15 12:43:00
P0033,X-Ray,2026-09-15 13:01:00
P0033,Doctor Consultation,2026-09-15 13:42:00
P0033,Discharge,2026-09-15 14:43:00
P0034,Registration,2026-09-15 11:19:00
P0034,Triage,2026-09-15 11:39:00
P0034,X-Ray,2026-09-15 12:14:00
P0034,Triage,2026-09-15 12:35:00
P0034,X-Ray,2026-09-15 13:21:00
P0034,Doctor Consultation,2026-09-15 14:01:00
P0034,Discharge,2026-09-15 15:07:00
P0035,Registration,2026-09-15 11:27:00
P0035,Triage,2026-09-15 11:51:00
P0035,X-Ray,2026-09-15 12:28:00
P0035,Doctor Consultation,2026-09-15 13:16:00
P0035,Discharge,2026-09-15 14:00:00
P0036,Registration,2026-09-15 11:30:00
P0036,Triage,2026-09-15 12:18:00
P0036,X-Ray,2026-09-15 12:40:00
P0036,Doctor Consultation,2026-09-15 13:31:00
P0036,Discharge,2026-09-15 14:21:00
P0037,Registration,2026-09-15 11:38:00
P0037,Triage,2026-09-15 11:58:00
P0037,X-Ray,2026-09-15 12:38:00
P0037,Doctor Consultation,2026-09-15 13:14:00
P0037,Discharge,2026-09-15 14:03:00
P0038,Registration,2026-09-15 11:44:00
P0038,Triage,2026-09-15 12:31:00
P0038,X-Ray,2026-09-15 13:10:00
P0038,Triage,2026-09-15 14:00:00
P0038,X-Ray,2026-09-15 14:30:00
P0038,Doctor Consultation,2026-09-15 15:23:00
P0038,Discharge,2026-09-15 15:48:00
P0039,Registration,2026-09-15 11:54:00
P0039,Triage,2026-09-15 12:08:00
P0039,X-Ray,2026-09-15 12:40:00
P0039,Doctor Consultation,2026-09-15 13:10:00
P0039,Discharge,2026-09-15 13:30:00
P0040,Registration,2026-09-15 11:59:00
P0040,Triage,2026-09-15 12:35:00
P0040,X-Ray,2026-09-15 13:31:00
P0040,Doctor Consultation,2026-09-15 14:07:00
P0040,Discharge,2026-09-15 15:05:00
P0041,Registration,2026-09-15 12:04:00
P0041,Triage,2026-09-15 12:17:00
P0041,X-Ray,2026-09-15 12:47:00
P0041,Triage,2026-09-15 13:37:00
P0041,X-Ray,2026-09-15 13:57:00
P0041,Doctor Consultation,2026-09-15 14:35:00
P0041,Discharge,2026-09-15 15:22:00
P0042,Registration,2026-09-15 12:13:00
P0042,Triage,2026-09-15 12:50:00
P0042,X-Ray,2026-09-15 13:41:00
P0042,Doctor Consultation,2026-09-15 14:37:00
P0042,Discharge,2026-09-15 15:16:00
P0043,Registration,2026-09-15 12:22:00
P0043,Triage,2026-09-15 13:10:00
P0043,X-Ray,2026-09-15 13:57:00
P0043,Triage,2026-09-15 14:59:00
P0043,X-Ray,2026-09-15 15:29:00
P0043,Doctor Consultation,2026-09-15 15:55:00
P0043,Discharge,2026-09-15 16:34:00
P0044,Registration,2026-09-15 12:29:00
P0044,Triage,2026-09-15 12:44:00
P0044,X-Ray,2026-09-15 13:10:00
P0044,Triage,2026-09-15 13:40:00
P0044,X-Ray,2026-09-15 13:57:00
P0044,Doctor Consultation,2026-09-15 14:44:00
P0044,Discharge,2026-09-15 15:43:00
P0045,Registration,2026-09-15 12:37:00
P0045,Triage,2026-09-15 13:11:00
P0045,X-Ray,2026-09-15 13:31:00
P0045,Triage,2026-09-15 14:19:00
P0045,X-Ray,2026-09-15 14:36:00
P0045,Doctor Consultation,2026-09-15 15:15:00
P0045,Discharge,2026-09-15 16:08:00
P0046,Registration,2026-09-15 12:46:00
P0046,Triage,2026-09-15 13:27:00
P0046,X-Ray,2026-09-15 14:01:00
P0046,Triage,2026-09-15 14:46:00
P0046,X-Ray,2026-09-15 15:27:00
P0046,Doctor Consultation,2026-09-15 16:23:00
P0046,Discharge,2026-09-15 17:03:00
P0047,Registration,2026-09-15 12:49:00
P0047,Triage,2026-09-15 13:26:00
P0047,X-Ray,2026-09-15 13:41:00
P0047,Doctor Consultation,2026-09-15 14:24:00
P0047,Discharge,2026-09-15 15:02:00
P0048,Registration,2026-09-15 12:56:00
P0048,Triage,2026-09-15 13:23:00
P0048,X-Ray,2026-09-15 13:55:00
P0048,Triage,2026-09-15 14:41:00
P0048,X-Ray,2026-09-15 15:25:00
P0048,Doctor Consultation,2026-09-15 16:02:00
P0048,Discharge,2026-09-15 16:28:00
P0049,Registration,2026-09-15 12:58:00
P0049,Triage,2026-09-15 13:07:00
P0049,X-Ray,2026-09-15 13:35:00
P0049,Doctor Consultation,2026-09-15 14:01:00
P0049,Discharge,2026-09-15 14:38:00
P0050,Registration,2026-09-15 13:07:00
P0050,Triage,2026-09-15 13:26:00
P0050,X-Ray,2026-09-15 14:23:00
P0050,Doctor Consultation,2026-09-15 14:49:00
P0050,Discharge,2026-09-15 15:19:00
P0051,Registration,2026-09-15 13:13:00
P0051,Triage,2026-09-15 13:48:00
P0051,X-Ray,2026-09-15 14:05:00
P0051,Doctor Consultation,2026-09-15 15:09:00
P0051,Discharge,2026-09-15 15:37:00
P0052,Registration,2026-09-15 13:16:00
P0052,Triage,2026-09-15 13:45:00
P0052,X-Ray,2026-09-15 14:30:00
P0052,Doctor Consultation,2026-09-15 15:18:00
P0052,Discharge,2026-09-15 16:07:00
P0053,Registration,2026-09-15 13:18:00
P0053,Triage,2026-09-15 13:34:00
P0053,X-Ray,2026-09-15 14:13:00
P0053,Doctor Consultation,2026-09-15 15:07:00
P0053,Discharge,2026-09-15 15:53:00
P0054,Registration,2026-09-15 13:28:00
P0054,Triage,2026-09-15 14:16:00
P0054,X-Ray,2026-09-15 15:04:00
P0054,Doctor Consultation,2026-09-15 15:53:00
P0054,Discharge,2026-09-15 16:36:00
P0055,Registration,2026-09-15 13:31:00
P0055,Triage,2026-09-15 13:56:00
P0055,X-Ray,2026-09-15 14:49:00
P0055,Triage,2026-09-15 15:37:00
P0055,X-Ray,2026-09-15 15:53:00
P0055,Doctor Consultation,2026-09-15 16:35:00
P0055,Discharge,2026-09-15 17:26:00
P0056,Registration,2026-09-15 13:38:00
P0056,Triage,2026-09-15 14:04:00
P0056,X-Ray,2026-09-15 14:40:00
P0056,Doctor Consultation,2026-09-15 15:03:00
P0056,Discharge,2026-09-15 15:29:00
P0057,Registration,2026-09-15 13:46:00
P0057,Triage,2026-09-15 14:24:00
P0057,X-Ray,2026-09-15 15:15:00
P0057,Doctor Consultation,2026-09-15 15:38:00
P0057,Discharge,2026-09-15 16:13:00
P0058,Registration,2026-09-15 13:54:00
P0058,Triage,2026-09-15 14:40:00
P0058,X-Ray,2026-09-15 15:25:00
P0058,Doctor Consultation,2026-09-15 16:21:00
P0058,Discharge,2026-09-15 17:14:00
P0059,Registration,2026-09-15 14:01:00
P0059,Triage,2026-09-15 14:29:00
P0059,X-Ray,2026-09-15 14:57:00
P0059,Doctor Consultation,2026-09-15 15:25:00
P0059,Discharge,2026-09-15 15:57:00
P0060,Registration,2026-09-15 14:06:00
P0060,Triage,2026-09-15 14:33:00
P0060,X-Ray,2026-09-15 15:25:00
P0060,Triage,2026-09-15 16:07:00
P0060,X-Ray,2026-09-15 16:30:00
P0060,Doctor Consultation,2026-09-15 17:03:00
P0060,Discharge,2026-09-15 17:40:00
P0061,Registration,2026-09-15 14:08:00
P0061,Triage,2026-09-15 14:33:00
P0061,X-Ray,2026-09-15 14:46:00
P0061,Doctor Consultation,2026-09-15 15:27:00
P0061,Discharge,2026-09-15 16:26:00
P0062,Registration,2026-09-15 14:11:00
P0062,Triage,2026-09-15 14:50:00
P0062,X-Ray,2026-09-15 15:35:00
P0062,Doctor Consultation,2026-09-15 16:06:00
P0062,Discharge,2026-09-15 16:38:00
P0063,Registration,2026-09-15 14:14:00
P0063,Triage,2026-09-15 14:55:00
P0063,X-Ray,2026-09-15 15:42:00
P0063,Doctor Consultation,2026-09-15 16:10:00
P0063,Discharge,2026-09-15 16:38:00
P0064,Registration,2026-09-15 14:17:00
P0064,Triage,2026-09-15 14:59:00
P0064,X-Ray,2026-09-15 15:53:00
P0064,Doctor Consultation,2026-09-15 16:56:00
P0064,Discharge,2026-09-15 17:51:00
P0065,Registration,2026-09-15 14:26:00
P0065,Triage,2026-09-15 15:12:00
P0065,X-Ray,2026-09-15 15:47:00
P0065,Doctor Consultation,2026-09-15 16:50:00
P0065,Discharge,2026-09-15 17:45:00
P0066,Registration,2026-09-15 14:31:00
P0066,Triage,2026-09-15 14:45:00
P0066,X-Ray,2026-09-15 15:12:00
P0066,Doctor Consultation,2026-09-15 16:04:00
P0066,Discharge,2026-09-15 16:31:00
P0067,Registration,2026-09-15 14:39:00
P0067,Triage,2026-09-15 15:07:00
P0067,X-Ray,2026-09-15 15:31:00
P0067,Doctor Consultation,2026-09-15 16:08:00
P0067,Discharge,2026-09-15 16:41:00
P0068,Registration,2026-09-15 14:45:00
P0068,Triage,2026-09-15 15:20:00
P0068,X-Ray,2026-09-15 16:05:00
P0068,Doctor Consultation,2026-09-15 16:32:00
P0068,Discharge,2026-09-15 17:04:00
P0069,Registration,2026-09-15 14:47:00
P0069,Triage,2026-09-15 15:34:00
P0069,X-Ray,2026-09-15 16:11:00
P0069,Triage,2026-09-15 16:40:00
P0069,X-Ray,2026-09-15 17:16:00
P0069,Doctor Consultation,2026-09-15 17:54:00
P0069,Discharge,2026-09-15 18:52:00
P0070,Registration,2026-09-15 14:49:00
P0070,Triage,2026-09-15 15:36:00
P0070,X-Ray,2026-09-15 15:51:00
P0070,Doctor Consultation,2026-09-15 16:21:00
P0070,Discharge,2026-09-15 16:53:00
P0071,Registration,2026-09-15 14:53:00
P0071,Triage,2026-09-15 15:20:00
P0071,X-Ray,2026-09-15 16:09:00
P0071,Doctor Consultation,2026-09-15 17:10:00
P0071,Discharge,2026-09-15 17:45:00
P0072,Registration,2026-09-15 15:00:00
P0072,Triage,2026-09-15 15:15:00
P0072,X-Ray,2026-09-15 15:48:00
P0072,Doctor Consultation,2026-09-15 16:40:00
P0072,Discharge,2026-09-15 17:29:00
P0073,Registration,2026-09-15 15:09:00
P0073,Triage,2026-09-15 15:38:00
P0073,X-Ray,2026-09-15 16:14:00
P0073,Triage,2026-09-15 16:37:00
P0073,X-Ray,2026-09-15 17:31:00
P0073,Doctor Consultation,2026-09-15 18:19:00
P0073,Discharge,2026-09-15 18:47:00
P0074,Registration,2026-09-15 15:18:00
P0074,Triage,2026-09-15 15:38:00
P0074,X-Ray,2026-09-15 16:27:00
P0074,Doctor Consultation,2026-09-15 17:02:00
P0074,Discharge,2026-09-15 18:02:00
P0075,Registration,2026-09-15 15:20:00
P0075,Triage,2026-09-15 15:38:00
P0075,X-Ray,2026-09-15 16:27:00
P0075,Doctor Consultation,2026-09-15 17:17:00
P0075,Discharge,2026-09-15 17:50:00
P0076,Registration,2026-09-15 15:23:00
P0076,Triage,2026-09-15 15:39:00
P0076,X-Ray,2026-09-15 16:14:00
P0076,Doctor Consultation,2026-09-15 16:54:00
P0076,Discharge,2026-09-15 17:52:00
P0077,Registration,2026-09-15 15:28:00
P0077,Triage,2026-09-15 16:00:00
P0077,X-Ray,2026-09-15 16:51:00
P0077,Doctor Consultation,2026-09-15 17:22:00
P0077,Discharge,2026-09-15 17:56:00
P0078,Registration,2026-09-15 15:35:00
P0078,Triage,2026-09-15 15:44:00
P0078,X-Ray,2026-09-15 16:17:00
P0078,Doctor Consultation,2026-09-15 17:18:00
P0078,Discharge,2026-09-15 17:57:00
P0079,Registration,2026-09-15 15:45:00
P0079,Triage,2026-09-15 16:29:00
P0079,X-Ray,2026-09-15 17:11:00
P0079,Doctor Consultation,2026-09-15 17:53:00
P0079,Discharge,2026-09-15 18:29:00
P0080,Registration,2026-09-15 15:50:00
P0080,Triage,2026-09-15 16:02:00
P0080,X-Ray,2026-09-15 16:47:00
P0080,Doctor Consultation,2026-09-15 17:32:00
P0080,Discharge,2026-09-15 18:22:00
P0081,Registration,2026-09-15 15:54:00
P0081,Triage,2026-09-15 16:09:00
P0081,X-Ray,2026-09-15 16:32:00
P0081,Doctor Consultation,2026-09-15 17:24:00
P0081,Discharge,2026-09-15 17:48:00
P0082,Registration,2026-09-15 15:58:00
P0082,Triage,2026-09-15 16:28:00
P0082,X-Ray,2026-09-15 17:12:00
P0082,Triage,2026-09-15 17:42:00
P0082,X-Ray,2026-09-15 18:31:00
P0082,Doctor Consultation,2026-09-15 19:12:00
P0082,Discharge,2026-09-15 20:16:00
P0083,Registration,2026-09-15 16:01:00
P0083,Triage,2026-09-15 16:24:00
P0083,X-Ray,2026-09-15 17:02:00
P0083,Triage,2026-09-15 17:58:00
P0083,X-Ray,2026-09-15 18:37:00
P0083,Doctor Consultation,2026-09-15 19:13:00
P0083,Discharge,2026-09-15 19:30:00
P0084,Registration,2026-09-15 16:03:00
P0084,Triage,2026-09-15 16:39:00
P0084,X-Ray,2026-09-15 17:06:00
P0084,Triage,2026-09-15 17:55:00
P0084,X-Ray,2026-09-15 18:25:00
P0084,Doctor Consultation,2026-09-15 18:53:00
P0084,Discharge,2026-09-15 19:49:00
P0085,Registration,2026-09-15 16:08:00
P0085,Triage,2026-09-15 16:30:00
P0085,X-Ray,2026-09-15 17:27:00
P0085,Doctor Consultation,2026-09-15 18:15:00
P0085,Discharge,2026-09-15 18:38:00
P0086,Registration,2026-09-15 16:14:00
P0086,Triage,2026-09-15 16:26:00
P0086,X-Ray,2026-09-15 17:05:00
P0086,Doctor Consultation,2026-09-15 17:48:00
P0086,Discharge,2026-09-15 18:32:00
P0087,Registration,2026-09-15 16:20:00
P0087,Triage,2026-09-15 17:00:00
P0087,X-Ray,2026-09-15 17:26:00
P0087,Triage,2026-09-15 18:23:00
P0087,X-Ray,2026-09-15 19:14:00
P0087,Doctor Consultation,2026-09-15 19:51:00
P0087,Discharge,2026-09-15 20:31:00
P0088,Registration,2026-09-15 16:22:00
P0088,Triage,2026-09-15 17:07:00
P0088,X-Ray,2026-09-15 17:42:00
P0088,Doctor Consultation,2026-09-15 18:38:00
P0088,Discharge,2026-09-15 19:18:00
P0089,Registration,2026-09-15 16:28:00
P0089,Triage,2026-09-15 17:16:00
P0089,X-Ray,2026-09-15 18:07:00
P0089,Doctor Consultation,2026-09-15 18:34:00
P0089,Discharge,2026-09-15 19:26:00
P0090,Registration,2026-09-15 16:35:00
P0090,Triage,2026-09-15 17:00:00
P0090,X-Ray,2026-09-15 17:41:00
P0090,Doctor Consultation,2026-09-15 18:10:00
P0090,Discharge,2026-09-15 19:03:00
P0091,Registration,2026-09-15 16:45:00
P0091,Triage,2026-09-15 17:04:00
P0091,X-Ray,2026-09-15 17:48:00
P0091,Doctor Consultation,2026-09-15 18:28:00
P0091,Discharge,2026-09-15 19:15:00
P0092,Registration,2026-09-15 16:49:00
P0092,Triage,2026-09-15 17:22:00
P0092,X-Ray,2026-09-15 18:03:00
P0092,Doctor Consultation,2026-09-15 18:44:00
P0092,Discharge,2026-09-15 19:15:00
P0093,Registration,2026-09-15 16:58:00
P0093,Triage,2026-09-15 17:44:00
P0093,X-Ray,2026-09-15 18:40:00
P0093,Doctor Consultation,2026-09-15 19:06:00
P0093,Discharge,2026-09-15 19:58:00
P0094,Registration,2026-09-15 17:08:00
P0094,Triage,2026-09-15 17:20:00
P0094,X-Ray,2026-09-15 18:09:00
P0094,Triage,2026-09-15 18:54:00
P0094,X-Ray,2026-09-15 19:13:00
P0094,Doctor Consultation,2026-09-15 19:30:00
P0094,Discharge,2026-09-15 20:25:00
P0095,Registration,2026-09-15 17:11:00
P0095,Triage,2026-09-15 17:43:00
P0095,X-Ray,2026-09-15 18:23:00
P0095,Triage,2026-09-15 19:22:00
P0095,X-Ray,2026-09-15 20:15:00
P0095,Doctor Consultation,2026-09-15 20:58:00
P0095,Discharge,2026-09-15 21:47:00
P0096,Registration,2026-09-15 17:17:00
P0096,Triage,2026-09-15 17:39:00
P0096,X-Ray,2026-09-15 18:24:00
P0096,Triage,2026-09-15 19:05:00
P0096,X-Ray,2026-09-15 19:39:00
P0096,Doctor Consultation,2026-09-15 20:24:00
P0096,Discharge,2026-09-15 21:05:00
P0097,Registration,2026-09-15 17:22:00
P0097,Triage,2026-09-15 17:37:00
P0097,X-Ray,2026-09-15 18:10:00
P0097,Doctor Consultation,2026-09-15 19:15:00
P0097,Discharge,2026-09-15 19:33:00
P0098,Registration,2026-09-15 17:27:00
P0098,Triage,2026-09-15 17:39:00
P0098,X-Ray,2026-09-15 18:10:00
P0098,Doctor Consultation,2026-09-15 18:47:00
P0098,Discharge,2026-09-15 19:30:00
P0099,Registration,2026-09-15 17:29:00
P0099,Triage,2026-09-15 17:45:00
P0099,X-Ray,2026-09-15 18:19:00
P0099,Triage,2026-09-15 18:43:00
P0099,X-Ray,2026-09-15 19:04:00
P0099,Doctor Consultation,2026-09-15 19:21:00
P0099,Discharge,2026-09-15 20:02:00
P0100,Registration,2026-09-15 17:31:00
P0100,Triage,2026-09-15 17:46:00
P0100,X-Ray,2026-09-15 18:35:00
P0100,Triage,2026-09-15 18:55:00
P0100,X-Ray,2026-09-15 19:40:00
P0100,Doctor Consultation,2026-09-15 20:32:00
P0100,Discharge,2026-09-15 21:18:00
P0101,Registration,2026-09-15 17:33:00
P0101,Triage,2026-09-15 18:11:00
P0101,X-Ray,2026-09-15 18:32:00
P0101,Doctor Consultation,2026-09-15 19:17:00
P0101,Discharge,2026-09-15 20:11:00
P0102,Registration,2026-09-15 17:42:00
P0102,Triage,2026-09-15 17:56:00
P0102,X-Ray,2026-09-15 18:27:00
P0102,Doctor Consultation,2026-09-15 19:00:00
P0102,Discharge,2026-09-15 19:25:00
P0103,Registration,2026-09-15 17:52:00
P0103,Triage,2026-09-15 18:40:00
P0103,X-Ray,2026-09-15 19:16:00
P0103,Doctor Consultation,2026-09-15 20:10:00
P0103,Discharge,2026-09-15 20:44:00
P0104,Registration,2026-09-15 18:02:00
P0104,Triage,2026-09-15 18:37:00
P0104,X-Ray,2026-09-15 19:08:00
P0104,Doctor Consultation,2026-09-15 19:50:00
P0104,Discharge,2026-09-15 20:44:00
P0105,Registration,2026-09-15 18:05:00
P0105,Triage,2026-09-15 18:30:00
P0105,X-Ray,2026-09-15 18:54:00
P0105,Triage,2026-09-15 19:49:00
P0105,X-Ray,2026-09-15 20:05:00
P0105,Doctor Consultation,2026-09-15 20:26:00
P0105,Discharge,2026-09-15 21:00:00
P0106,Registration,2026-09-15 18:09:00
P0106,Triage,2026-09-15 18:25:00
P0106,X-Ray,2026-09-15 19:03:00
P0106,Doctor Consultation,2026-09-15 19:55:00
P0106,Discharge,2026-09-15 20:29:00
P0107,Registration,2026-09-15 18:16:00
P0107,Triage,2026-09-15 18:33:00
P0107,X-Ray,2026-09-15 19:23:00
P0107,Triage,2026-09-15 19:47:00
P0107,X-Ray,2026-09-15 20:37:00
P0107,Doctor Consultation,2026-09-15 21:04:00
P0107,Discharge,2026-09-15 22:03:00
P0108,Registration,2026-09-15 18:24:00
P0108,Triage,2026-09-15 19:09:00
P0108,X-Ray,2026-09-15 19:46:00
P0108,Doctor Consultation,2026-09-15 20:12:00
P0108,Discharge,2026-09-15 20:54:00
P0109,Registration,2026-09-15 18:31:00
P0109,Triage,2026-09-15 19:15:00
P0109,X-Ray,2026-09-15 20:00:00
P0109,Triage,2026-09-15 20:25:00
P0109,X-Ray,2026-09-15 20:46:00
P0109,Doctor Consultation,2026-09-15 21:35:00
P0109,Discharge,2026-09-15 22:20:00
P0110,Registration,2026-09-15 18:40:00
P0110,Triage,2026-09-15 19:08:00
P0110,X-Ray,2026-09-15 19:59:00
P0110,Triage,2026-09-15 20:28:00
P0110,X-Ray,2026-09-15 20:47:00
P0110,Doctor Consultation,2026-09-15 21:43:00
P0110,Discharge,2026-09-15 22:04:00
P0111,Registration,2026-09-15 18:49:00
P0111,Triage,2026-09-15 19:37:00
P0111,X-Ray,2026-09-15 20:20:00
P0111,Doctor Consultation,2026-09-15 20:52:00
P0111,Discharge,2026-09-15 21:32:00
P0112,Registration,2026-09-15 18:52:00
P0112,Triage,2026-09-15 19:35:00
P0112,X-Ray,2026-09-15 20:14:00
P0112,Triage,2026-09-15 20:43:00
P0112,X-Ray,2026-09-15 21:37:00
P0112,Doctor Consultation,2026-09-15 21:52:00
P0112,Discharge,2026-09-15 22:32:00
P0113,Registration,2026-09-15 18:56:00
P0113,Triage,2026-09-15 19:25:00
P0113,X-Ray,2026-09-15 19:36:00
P0113,Doctor Consultation,2026-09-15 20:25:00
P0113,Discharge,2026-09-15 20:53:00
P0114,Registration,2026-09-15 19:06:00
P0114,Triage,2026-09-15 19:19:00
P0114,X-Ray,2026-09-15 19:37:00
P0114,Doctor Consultation,2026-09-15 19:59:00
P0114,Discharge,2026-09-15 20:32:00
P0115,Registration,2026-09-15 19:14:00
P0115,Triage,2026-09-15 19:42:00
P0115,X-Ray,2026-09-15 20:18:00
P0115,Doctor Consultation,2026-09-15 20:53:00
P0115,Discharge,2026-09-15 21:52:00
P0116,Registration,2026-09-15 19:21:00
P0116,Triage,2026-09-15 19:43:00
P0116,X-Ray,2026-09-15 20:36:00
P0116,Triage,2026-09-15 21:30:00
P0116,X-Ray,2026-09-15 22:06:00
P0116,Doctor Consultation,2026-09-15 22:46:00
P0116,Discharge,2026-09-15 23:29:00
P0117,Registration,2026-09-15 19:24:00
P0117,Triage,2026-09-15 20:04:00
P0117,X-Ray,2026-09-15 20:34:00
P0117,Doctor Consultation,2026-09-15 21:16:00
P0117,Discharge,2026-09-15 21:50:00
P0118,Registration,2026-09-15 19:28:00
P0118,Triage,2026-09-15 20:14:00
P0118,X-Ray,2026-09-15 20:30:00
P0118,Triage,2026-09-15 21:27:00
P0118,X-Ray,2026-09-15 22:13:00
P0118,Doctor Consultation,2026-09-15 23:14:00
P0118,Discharge,2026-09-16 00:19:00
P0119,Registration,2026-09-15 19:35:00
P0119,Triage,2026-09-15 20:12:00
P0119,X-Ray,2026-09-15 21:09:00
P0119,Triage,2026-09-15 21:45:00
P0119,X-Ray,2026-09-15 22:07:00
P0119,Doctor Consultation,2026-09-15 22:59:00
P0119,Discharge,2026-09-15 23:35:00
P0120,Registration,2026-09-15 19:44:00
P0120,Triage,2026-09-15 20:11:00
P0120,X-Ray,2026-09-15 20:27:00
P0120,Triage,2026-09-15 21:29:00
P0120,X-Ray,2026-09-15 22:11:00
P0120,Doctor Consultation,2026-09-15 23:10:00
P0120,Discharge,2026-09-15 23:54:00
P0121,Registration,2026-09-15 19:51:00
P0121,Triage,2026-09-15 20:02:00
P0121,X-Ray,2026-09-15 20:25:00
P0121,Doctor Consultation,2026-09-15 20:50:00
P0121,Discharge,2026-09-15 21:12:00
P0122,Registration,2026-09-15 20:00:00
P0122,Triage,2026-09-15 20:31:00
P0122,X-Ray,2026-09-15 21:04:00
P0122,Doctor Consultation,2026-09-15 21:51:00
P0122,Discharge,2026-09-15 22:54:00
P0123,Registration,2026-09-15 20:07:00
P0123,Triage,2026-09-15 20:49:00
P0123,X-Ray,2026-09-15 21:33:00
P0123,Triage,2026-09-15 22:08:00
P0123,X-Ray,2026-09-15 23:06:00
P0123,Doctor Consultation,2026-09-15 23:44:00
P0123,Discharge,2026-09-16 00:38:00
P0124,Registration,2026-09-15 20:14:00
P0124,Triage,2026-09-15 20:32:00
P0124,X-Ray,2026-09-15 20:56:00
P0124,Triage,2026-09-15 21:50:00
P0124,X-Ray,2026-09-15 22:27:00
P0124,Doctor Consultation,2026-09-15 23:17:00
P0124,Discharge,2026-09-16 00:01:00
P0125,Registration,2026-09-15 20:16:00
P0125,Triage,2026-09-15 20:37:00
P0125,X-Ray,2026-09-15 21:23:00
P0125,Doctor Consultation,2026-09-15 21:55:00
P0125,Discharge,2026-09-15 22:23:00
P0126,Registration,2026-09-15 20:22:00
P0126,Triage,2026-09-15 21:01:00
P0126,X-Ray,2026-09-15 21:52:00
P0126,Doctor Consultation,2026-09-15 22:28:00
P0126,Discharge,2026-09-15 23:25:00
P0127,Registration,2026-09-15 20:26:00
P0127,Triage,2026-09-15 21:02:00
P0127,X-Ray,2026-09-15 21:38:00
P0127,Triage,2026-09-15 22:13:00
P0127,X-Ray,2026-09-15 23:09:00
P0127,Doctor Consultation,2026-09-15 23:56:00
P0127,Discharge,2026-09-16 00:52:00
P0128,Registration,2026-09-15 20:32:00
P0128,Triage,2026-09-15 20:54:00
P0128,X-Ray,2026-09-15 21:45:00
P0128,Doctor Consultation,2026-09-15 22:36:00
P0128,Discharge,2026-09-15 23:24:00
P0129,Registration,2026-09-15 20:36:00
P0129,Triage,2026-09-15 21:00:00
P0129,X-Ray,2026-09-15 21:40:00
P0129,Doctor Consultation,2026-09-15 22:35:00
P0129,Discharge,2026-09-15 23:26:00
P0130,Registration,2026-09-15 20:42:00
P0130,Triage,2026-09-15 21:07:00
P0130,X-Ray,2026-09-15 21:56:00
P0130,Triage,2026-09-15 22:40:00
P0130,X-Ray,2026-09-15 23:05:00
P0130,Doctor Consultation,2026-09-15 23:49:00
P0130,Discharge,2026-09-16 00:30:00
P0131,Registration,2026-09-15 20:50:00
P0131,Triage,2026-09-15 21:22:00
P0131,X-Ray,2026-09-15 21:56:00
P0131,Doctor Consultation,2026-09-15 22:15:00
P0131,Discharge,2026-09-15 22:46:00
P0132,Registration,2026-09-15 20:54:00
P0132,Triage,2026-09-15 21:33:00
P0132,X-Ray,2026-09-15 22:15:00
P0132,Triage,2026-09-15 23:16:00
P0132,X-Ray,2026-09-15 23:31:00
P0132,Doctor Consultation,2026-09-16 00:02:00
P0132,Discharge,2026-09-16 00:32:00
P0133,Registration,2026-09-15 20:57:00
P0133,Triage,2026-09-15 21:24:00
P0133,X-Ray,2026-09-15 21:38:00
P0133,Doctor Consultation,2026-09-15 22:22:00
P0133,Discharge,2026-09-15 22:55:00
P0134,Registration,2026-09-15 21:06:00
P0134,Triage,2026-09-15 21:53:00
P0134,X-Ray,2026-09-15 22:47:00
P0134,Doctor Consultation,2026-09-15 23:14:00
P0134,Discharge,2026-09-16 00:05:00
P0135,Registration,2026-09-15 21:13:00
P0135,Triage,2026-09-15 21:34:00
P0135,X-Ray,2026-09-15 21:59:00
P0135,Triage,2026-09-15 22:45:00
P0135,X-Ray,2026-09-15 23:29:00
P0135,Doctor Consultation,2026-09-16 00:24:00
P0135,Discharge,2026-09-16 01:03:00
P0136,Registration,2026-09-15 21:15:00
P0136,Triage,2026-09-15 21:40:00
P0136,X-Ray,2026-09-15 22:12:00
P0136,Doctor Consultation,2026-09-15 22:50:00
P0136,Discharge,2026-09-15 23:52:00
P0137,Registration,2026-09-15 21:22:00
P0137,Triage,2026-09-15 22:05:00
P0137,X-Ray,2026-09-15 22:31:00
P0137,Triage,2026-09-15 23:25:00
P0137,X-Ray,2026-09-16 00:22:00
P0137,Doctor Consultation,2026-09-16 00:47:00
P0137,Discharge,2026-09-16 01:33:00
P0138,Registration,2026-09-15 21:28:00
P0138,Triage,2026-09-15 21:38:00
P0138,X-Ray,2026-09-15 22:12:00
P0138,Triage,2026-09-15 23:00:00
P0138,X-Ray,2026-09-15 23:48:00
P0138,Doctor Consultation,2026-09-16 00:09:00
P0138,Discharge,2026-09-16 00:48:00
P0139,Registration,2026-09-15 21:30:00
P0139,Triage,2026-09-15 21:56:00
P0139,X-Ray,2026-09-15 22:30:00
P0139,Doctor Consultation,2026-09-15 23:16:00
P0139,Discharge,2026-09-16 00:09:00
P0140,Registration,2026-09-15 21:34:00
P0140,Triage,2026-09-15 22:07:00
P0140,X-Ray,2026-09-15 22:42:00
P0140,Doctor Consultation,2026-09-15 23:25:00
P0140,Discharge,2026-09-16 00:09:00
P0141,Registration,2026-09-15 21:44:00
P0141,Triage,2026-09-15 21:56:00
P0141,X-Ray,2026-09-15 22:29:00
P0141,Triage,2026-09-15 23:16:00
P0141,X-Ray,2026-09-16 00:02:00
P0141,Doctor Consultation,2026-09-16 00:47:00
P0141,Discharge,2026-09-16 01:41:00
P0142,Registration,2026-09-15 21:51:00
P0142,Triage,2026-09-15 22:18:00
P0142,X-Ray,2026-09-15 22:41:00
P0142,Doctor Consultation,2026-09-15 23:37:00
P0142,Discharge,2026-09-16 00:27:00
P0143,Registration,2026-09-15 21:53:00
P0143,Triage,2026-09-15 22:05:00
P0143,X-Ray,2026-09-15 22:21:00
P0143,Triage,2026-09-15 23:02:00
P0143,X-Ray,2026-09-15 23:41:00
P0143,Doctor Consultation,2026-09-16 00:07:00
P0143,Discharge,2026-09-16 00:54:00
P0144,Registration,2026-09-15 22:00:00
P0144,Triage,2026-09-15 22:43:00
P0144,X-Ray,2026-09-15 23:28:00
P0144,Doctor Consultation,2026-09-16 00:13:00
P0144,Discharge,2026-09-16 00:55:00
P0145,Registration,2026-09-15 22:03:00
P0145,Triage,2026-09-15 22:42:00
P0145,X-Ray,2026-09-15 23:24:00
P0145,Triage,2026-09-15 23:54:00
P0145,X-Ray,2026-09-16 00:24:00
P0145,Doctor Consultation,2026-09-16 00:59:00
P0145,Discharge,2026-09-16 01:54:00
P0146,Registration,2026-09-15 22:06:00
P0146,Triage,2026-09-15 22:41:00
P0146,X-Ray,2026-09-15 23:21:00
P0146,Triage,2026-09-15 23:57:00
P0146,X-Ray,2026-09-16 00:39:00
P0146,Doctor Consultation,2026-09-16 01:30:00
P0146,Discharge,2026-09-16 02:13:00
P0147,Registration,2026-09-15 22:10:00
P0147,Triage,2026-09-15 22:25:00
P0147,X-Ray,2026-09-15 22:46:00
P0147,Doctor Consultation,2026-09-15 23:35:00
P0147,Discharge,2026-09-16 00:13:00
P0148,Registration,2026-09-15 22:19:00
P0148,Triage,2026-09-15 23:06:00
P0148,X-Ray,2026-09-15 23:21:00
P0148,Doctor Consultation,2026-09-16 00:05:00
P0148,Discharge,2026-09-16 01:08:00
P0149,Registration,2026-09-15 22:27:00
P0149,Triage,2026-09-15 22:42:00
P0149,X-Ray,2026-09-15 23:01:00
P0149,Doctor Consultation,2026-09-15 23:52:00
P0149,Discharge,2026-09-16 00:26:00
P0150,Registration,2026-09-15 22:31:00
P0150,Triage,2026-09-15 22:45:00
P0150,X-Ray,2026-09-15 23:12:00
P0150,Doctor Consultation,2026-09-15 23:41:00
P0150,Discharge,2026-09-16 00:21:00
P0151,Registration,2026-09-15 22:38:00
P0151,Triage,2026-09-15 22:52:00
P0151,X-Ray,2026-09-15 23:18:00
P0151,Doctor Consultation,2026-09-16 00:18:00
P0151,Discharge,2026-09-16 00:49:00
P0152,Registration,2026-09-15 22:48:00
P0152,Triage,2026-09-15 23:33:00
P0152,X-Ray,2026-09-16 00:01:00
P0152,Triage,2026-09-16 00:57:00
P0152,X-Ray,2026-09-16 01:37:00
P0152,Doctor Consultation,2026-09-16 02:03:00
P0152,Discharge,2026-09-16 02:23:00
P0153,Registration,2026-09-15 22:54:00
P0153,Triage,2026-09-15 23:43:00
P0153,X-Ray,2026-09-16 00:04:00
P0153,Doctor Consultation,2026-09-16 01:06:00
P0153,Discharge,2026-09-16 01:49:00
P0154,Registration,2026-09-15 22:59:00
P0154,Triage,2026-09-15 23:28:00
P0154,X-Ray,2026-09-15 23:49:00
P0154,Doctor Consultation,2026-09-16 00:14:00
P0154,Discharge,2026-09-16 01:09:00
P0155,Registration,2026-09-15 23:08:00
P0155,Triage,2026-09-15 23:36:00
P0155,X-Ray,2026-09-16 00:13:00
P0155,Triage,2026-09-16 00:42:00
P0155,X-Ray,2026-09-16 01:29:00
P0155,Doctor Consultation,2026-09-16 01:58:00
P0155,Discharge,2026-09-16 02:38:00
P0156,Registration,2026-09-15 23:11:00
P0156,Triage,2026-09-15 23:28:00
P0156,X-Ray,2026-09-15 23:42:00
P0156,Triage,2026-09-16 00:25:00
P0156,X-Ray,2026-09-16 01:10:00
P0156,Doctor Consultation,2026-09-16 01:38:00
P0156,Discharge,2026-09-16 02:39:00
P0157,Registration,2026-09-15 23:16:00
P0157,Triage,2026-09-15 23:58:00
P0157,X-Ray,2026-09-16 00:46:00
P0157,Doctor Consultation,2026-09-16 01:36:00
P0157,Discharge,2026-09-16 01:56:00
P0158,Registration,2026-09-15 23:26:00
P0158,Triage,2026-09-15 23:47:00
P0158,X-Ray,2026-09-16 00:28:00
P0158,Doctor Consultation,2026-09-16 00:46:00
P0158,Discharge,2026-09-16 01:41:00
P0159,Registration,2026-09-15 23:32:00
P0159,Triage,2026-09-16 00:06:00
P0159,X-Ray,2026-09-16 00:34:00
P0159,Doctor Consultation,2026-09-16 01:19:00
P0159,Discharge,2026-09-16 01:47:00
P0160,Registration,2026-09-15 23:34:00
P0160,Triage,2026-09-16 00:05:00
P0160,X-Ray,2026-09-16 00:41:00
P0160,Doctor Consultation,2026-09-16 01:21:00
P0160,Discharge,2026-09-16 02:25:00
P0161,Registration,2026-09-15 23:37:00
P0161,Triage,2026-09-16 00:09:00
P0161,X-Ray,2026-09-16 00:45:00
P0161,Triage,2026-09-16 01:31:00
P0161,X-Ray,2026-09-16 01:55:00
P0161,Doctor Consultation,2026-09-16 02:51:00
P0161,Discharge,2026-09-16 03:50:00
P0162,Registration,2026-09-15 23:39:00
P0162,Triage,2026-09-16 00:18:00
P0162,X-Ray,2026-09-16 01:05:00
P0162,Triage,2026-09-16 02:00:00
P0162,X-Ray,2026-09-16 02:26:00
P0162,Doctor Consultation,2026-09-16 03:25:00
P0162,Discharge,2026-09-16 04:00:00
P0163,Registration,2026-09-15 23:45:00
P0163,Triage,2026-09-16 00:31:00
P0163,X-Ray,2026-09-16 01:15:00
P0163,Doctor Consultation,2026-09-16 01:53:00
P0163,Discharge,2026-09-16 02:25:00
P0164,Registration,2026-09-15 23:51:00
P0164,Triage,2026-09-16 00:36:00
P0164,X-Ray,2026-09-16 01:09:00
P0164,Doctor Consultation,2026-09-16 02:11:00
P0164,Discharge,2026-09-16 02:36:00
P0165,Registration,2026-09-15 23:55:00
P0165,Triage,2026-09-16 00:14:00
P0165,X-Ray,2026-09-16 00:49:00
P0165,Doctor Consultation,2026-09-16 01:40:00
P0165,Discharge,2026-09-16 02:10:00
P0166,Registration,2026-09-16 00:04:00
P0166,Triage,2026-09-16 00:38:00
P0166,X-Ray,2026-09-16 01:17:00
P0166,Triage,2026-09-16 02:19:00
P0166,X-Ray,2026-09-16 02:39:00
P0166,Doctor Consultation,2026-09-16 03:29:00
P0166,Discharge,2026-09-16 04:25:00
P0167,Registration,2026-09-16 00:13:00
P0167,Triage,2026-09-16 00:33:00
P0167,X-Ray,2026-09-16 01:24:00
P0167,Doctor Consultation,2026-09-16 02:18:00
P0167,Discharge,2026-09-16 03:00:00
P0168,Registration,2026-09-16 00:18:00
P0168,Triage,2026-09-16 01:02:00
P0168,X-Ray,2026-09-16 01:30:00
P0168,Doctor Consultation,2026-09-16 02:07:00
P0168,Discharge,2026-09-16 02:59:00
P0169,Registration,2026-09-16 00:27:00
P0169,Triage,2026-09-16 00:54:00
P0169,X-Ray,2026-09-16 01:41:00
P0169,Triage,2026-09-16 02:40:00
P0169,X-Ray,2026-09-16 03:21:00
P0169,Doctor Consultation,2026-09-16 03:50:00
P0169,Discharge,2026-09-16 04:16:00
P0170,Registration,2026-09-16 00:30:00
P0170,Triage,2026-09-16 00:56:00
P0170,X-Ray,2026-09-16 01:26:00
P0170,Triage,2026-09-16 02:18:00
P0170,X-Ray,2026-09-16 03:07:00
P0170,Doctor Consultation,2026-09-16 03:34:00
P0170,Discharge,2026-09-16 04:31:00
P0171,Registration,2026-09-16 00:35:00
P0171,Triage,2026-09-16 01:23:00
P0171,X-Ray,2026-09-16 01:39:00
P0171,Triage,2026-09-16 02:21:00
P0171,X-Ray,2026-09-16 03:06:00
P0171,Doctor Consultation,2026-09-16 03:30:00
P0171,Discharge,2026-09-16 04:20:00
P0172,Registration,2026-09-16 00:43:00
P0172,Triage,2026-09-16 01:23:00
P0172,X-Ray,2026-09-16 01:55:00
P0172,Doctor Consultation,2026-09-16 02:34:00
P0172,Discharge,2026-09-16 03:01:00
P0173,Registration,2026-09-16 00:48:00
P0173,Triage,2026-09-16 01:06:00
P0173,X-Ray,2026-09-16 01:33:00
P0173,Doctor Consultation,2026-09-16 02:13:00
P0173,Discharge,2026-09-16 02:54:00
P0174,Registration,2026-09-16 00:50:00
P0174,Triage,2026-09-16 01:18:00
P0174,X-Ray,2026-09-16 02:01:00
P0174,Triage,2026-09-16 03:00:00
P0174,X-Ray,2026-09-16 03:49:00
P0174,Doctor Consultation,2026-09-16 04:38:00
P0174,Discharge,2026-09-16 05:24:00
P0175,Registration,2026-09-16 00:53:00
P0175,Triage,2026-09-16 01:19:00
P0175,X-Ray,2026-09-16 01:31:00
P0175,Triage,2026-09-16 02:09:00
P0175,X-Ray,2026-09-16 02:40:00
P0175,Doctor Consultation,2026-09-16 03:36:00
P0175,Discharge,2026-09-16 04:30:00
P0176,Registration,2026-09-16 00:56:00
P0176,Triage,2026-09-16 01:14:00
P0176,X-Ray,2026-09-16 01:56:00
P0176,Doctor Consultation,2026-09-16 02:31:00
P0176,Discharge,2026-09-16 03:02:00
P0177,Registration,2026-09-16 01:01:00
P0177,Triage,2026-09-16 01:31:00
P0177,X-Ray,2026-09-16 02:22:00
P0177,Doctor Consultation,2026-09-16 02:46:00
P0177,Discharge,2026-09-16 03:32:00
P0178,Registration,2026-09-16 01:03:00
P0178,Triage,2026-09-16 01:32:00
P0178,X-Ray,2026-09-16 02:09:00
P0178,Doctor Consultation,2026-09-16 03:06:00
P0178,Discharge,2026-09-16 03:37:00
P0179,Registration,2026-09-16 01:10:00
P0179,Triage,2026-09-16 01:26:00
P0179,X-Ray,2026-09-16 01:52:00
P0179,Doctor Consultation,2026-09-16 02:52:00
P0179,Discharge,2026-09-16 03:44:00
P0180,Registration,2026-09-16 01:20:00
P0180,Triage,2026-09-16 01:43:00
P0180,X-Ray,2026-09-16 02:41:00
P0180,Doctor Consultation,2026-09-16 03:30:00
P0180,Discharge,2026-09-16 04:32:00
P0181,Registration,2026-09-16 01:23:00
P0181,Triage,2026-09-16 01:33:00
P0181,X-Ray,2026-09-16 02:23:00
P0181,Doctor Consultation,2026-09-16 03:17:00
P0181,Discharge,2026-09-16 03:46:00
P0182,Registration,2026-09-16 01:33:00
P0182,Triage,2026-09-16 02:18:00
P0182,X-Ray,2026-09-16 02:40:00
P0182,Doctor Consultation,2026-09-16 03:31:00
P0182,Discharge,2026-09-16 04:16:00
P0183,Registration,2026-09-16 01:43:00
P0183,Triage,2026-09-16 02:25:00
P0183,X-Ray,2026-09-16 03:01:00
P0183,Doctor Consultation,2026-09-16 03:41:00
P0183,Discharge,2026-09-16 04:04:00
P0184,Registration,2026-09-16 01:46:00
P0184,Triage,2026-09-16 01:59:00
P0184,X-Ray,2026-09-16 02:20:00
P0184,Triage,2026-09-16 03:06:00
P0184,X-Ray,2026-09-16 03:34:00
P0184,Doctor Consultation,2026-09-16 04:06:00
P0184,Discharge,2026-09-16 04:51:00
P0185,Registration,2026-09-16 01:54:00
P0185,Triage,2026-09-16 02:28:00
P0185,X-Ray,2026-09-16 03:13:00
P0185,Doctor Consultation,2026-09-16 03:52:00
P0185,Discharge,2026-09-16 04:21:00
P0186,Registration,2026-09-16 02:04:00
P0186,Triage,2026-09-16 02:12:00
P0186,X-Ray,2026-09-16 02:41:00
P0186,Triage,2026-09-16 03:37:00
P0186,X-Ray,2026-09-16 04:27:00
P0186,Doctor Consultation,2026-09-16 05:02:00
P0186,Discharge,2026-09-16 05:53:00
P0187,Registration,2026-09-16 02:08:00
P0187,Triage,2026-09-16 02:17:00
P0187,X-Ray,2026-09-16 03:03:00
P0187,Triage,2026-09-16 03:28:00
P0187,X-Ray,2026-09-16 03:54:00
P0187,Doctor Consultation,2026-09-16 04:16:00
P0187,Discharge,2026-09-16 05:00:00
P0188,Registration,2026-09-16 02:13:00
P0188,Triage,2026-09-16 02:51:00
P0188,X-Ray,2026-09-16 03:38:00
P0188,Doctor Consultation,2026-09-16 03:59:00
P0188,Discharge,2026-09-16 04:50:00
P0189,Registration,2026-09-16 02:18:00
P0189,Triage,2026-09-16 03:03:00
P0189,X-Ray,2026-09-16 03:42:00
P0189,Doctor Consultation,2026-09-16 04:19:00
P0189,Discharge,2026-09-16 05:11:00
P0190,Registration,2026-09-16 02:26:00
P0190,Triage,2026-09-16 03:08:00
P0190,X-Ray,2026-09-16 03:38:00
P0190,Triage,2026-09-16 04:30:00
P0190,X-Ray,2026-09-16 05:19:00
P0190,Doctor Consultation,2026-09-16 05:56:00
P0190,Discharge,2026-09-16 06:56:00
P0191,Registration,2026-09-16 02:34:00
P0191,Triage,2026-09-16 03:07:00
P0191,X-Ray,2026-09-16 03:53:00
P0191,Doctor Consultation,2026-09-16 04:30:00
P0191,Discharge,2026-09-16 05:11:00
P0192,Registration,2026-09-16 02:43:00
P0192,Triage,2026-09-16 03:19:00
P0192,X-Ray,2026-09-16 04:10:00
P0192,Doctor Consultation,2026-09-16 04:51:00
P0192,Discharge,2026-09-16 05:29:00
P0193,Registration,2026-09-16 02:50:00
P0193,Triage,2026-09-16 03:23:00
P0193,X-Ray,2026-09-16 04:08:00
P0193,Doctor Consultation,2026-09-16 04:29:00
P0193,Discharge,2026-09-16 05:16:00
P0194,Registration,2026-09-16 02:53:00
P0194,Triage,2026-09-16 03:31:00
P0194,X-Ray,2026-09-16 04:05:00
P0194,Triage,2026-09-16 04:24:00
P0194,X-Ray,2026-09-16 04:49:00
P0194,Doctor Consultation,2026-09-16 05:35:00
P0194,Discharge,2026-09-16 06:35:00
P0195,Registration,2026-09-16 03:01:00
P0195,Triage,2026-09-16 03:28:00
P0195,X-Ray,2026-09-16 04:13:00
P0195,Doctor Consultation,2026-09-16 04:58:00
P0195,Discharge,2026-09-16 05:38:00
P0196,Registration,2026-09-16 03:11:00
P0196,Triage,2026-09-16 03:27:00
P0196,X-Ray,2026-09-16 04:04:00
P0196,Doctor Consultation,2026-09-16 04:45:00
P0196,Discharge,2026-09-16 05:36:00
P0197,Registration,2026-09-16 03:16:00
P0197,Triage,2026-09-16 03:39:00
P0197,X-Ray,2026-09-16 04:34:00
P0197,Doctor Consultation,2026-09-16 05:24:00
P0197,Discharge,2026-09-16 05:57:00
P0198,Registration,2026-09-16 03:23:00
P0198,Triage,2026-09-16 04:02:00
P0198,X-Ray,2026-09-16 04:41:00
P0198,Triage,2026-09-16 05:31:00
P0198,X-Ray,2026-09-16 06:22:00
P0198,Doctor Consultation,2026-09-16 06:54:00
P0198,Discharge,2026-09-16 07:30:00
P0199,Registration,2026-09-16 03:33:00
P0199,Triage,2026-09-16 04:13:00
P0199,X-Ray,2026-09-16 04:27:00
P0199,Doctor Consultation,2026-09-16 04:55:00
P0199,Discharge,2026-09-16 05:36:00
P0200,Registration,2026-09-16 03:38:00
P0200,Triage,2026-09-16 03:46:00
P0200,X-Ray,2026-09-16 04:31:00
P0200,Triage,2026-09-16 05:16:00
P0200,X-Ray,2026-09-16 06:05:00
P0200,Doctor Consultation,2026-09-16 07:09:00
P0200,Discharge,2026-09-16 08:10:00
P0201,Registration,2026-09-16 03:40:00
P0201,Triage,2026-09-16 03:50:00
P0201,X-Ray,2026-09-16 04:33:00
P0201,Doctor Consultation,2026-09-16 05:26:00
P0201,Discharge,2026-09-16 05:51:00
P0202,Registration,2026-09-16 03:44:00
P0202,Triage,2026-09-16 04:24:00
P0202,X-Ray,2026-09-16 04:51:00
P0202,Triage,2026-09-16 05:48:00
P0202,X-Ray,2026-09-16 06:22:00
P0202,Doctor Consultation,2026-09-16 06:59:00
P0202,Discharge,2026-09-16 07:31:00
P0203,Registration,2026-09-16 03:52:00
P0203,Triage,2026-09-16 04:14:00
P0203,X-Ray,2026-09-16 04:33:00
P0203,Doctor Consultation,2026-09-16 05:00:00
P0203,Discharge,2026-09-16 05:42:00
P0204,Registration,2026-09-16 04:00:00
P0204,Triage,2026-09-16 04:47:00
P0204,X-Ray,2026-09-16 05:07:00
P0204,Doctor Consultation,2026-09-16 05:54:00
P0204,Discharge,2026-09-16 06:43:00
P0205,Registration,2026-09-16 04:10:00
P0205,Triage,2026-09-16 04:31:00
P0205,X-Ray,2026-09-16 05:20:00
P0205,Doctor Consultation,2026-09-16 05:41:00
P0205,Discharge,2026-09-16 06:15:00
P0206,Registration,2026-09-16 04:14:00
P0206,Triage,2026-09-16 04:24:00
P0206,X-Ray,2026-09-16 05:14:00
P0206,Doctor Consultation,2026-09-16 05:56:00
P0206,Discharge,2026-09-16 06:32:00
P0207,Registration,2026-09-16 04:19:00
P0207,Triage,2026-09-16 05:03:00
P0207,X-Ray,2026-09-16 05:42:00
P0207,Doctor Consultation,2026-09-16 06:04:00
P0207,Discharge,2026-09-16 06:33:00
P0208,Registration,2026-09-16 04:27:00
P0208,Triage,2026-09-16 04:55:00
P0208,X-Ray,2026-09-16 05:53:00
P0208,Triage,2026-09-16 06:42:00
P0208,X-Ray,2026-09-16 06:58:00
P0208,Doctor Consultation,2026-09-16 07:40:00
P0208,Discharge,2026-09-16 08:40:00
P0209,Registration,2026-09-16 04:34:00
P0209,Triage,2026-09-16 05:11:00
P0209,X-Ray,2026-09-16 06:00:00
P0209,Doctor Consultation,2026-09-16 06:49:00
P0209,Discharge,2026-09-16 07:45:00
P0210,Registration,2026-09-16 04:39:00
P0210,Triage,2026-09-16 05:03:00
P0210,X-Ray,2026-09-16 05:39:00
P0210,Doctor Consultation,2026-09-16 06:13:00
P0210,Discharge,2026-09-16 07:00:00
P0211,Registration,2026-09-16 04:42:00
P0211,Triage,2026-09-16 05:19:00
P0211,X-Ray,2026-09-16 05:51:00
P0211,Triage,2026-09-16 06:15:00
P0211,X-Ray,2026-09-16 06:37:00
P0211,Doctor Consultation,2026-09-16 07:26:00
P0211,Discharge,2026-09-16 08:00:00
P0212,Registration,2026-09-16 04:45:00
P0212,Triage,2026-09-16 05:30:00
P0212,X-Ray,2026-09-16 06:09:00
P0212,Doctor Consultation,2026-09-16 06:30:00
P0212,Discharge,2026-09-16 07:20:00
P0213,Registration,2026-09-16 04:48:00
P0213,Triage,2026-09-16 05:32:00
P0213,X-Ray,2026-09-16 06:00:00
P0213,Doctor Consultation,2026-09-16 06:49:00
P0213,Discharge,2026-09-16 07:17:00
P0214,Registration,2026-09-16 04:54:00
P0214,Triage,2026-09-16 05:06:00
P0214,X-Ray,2026-09-16 05:45:00
P0214,Triage,2026-09-16 06:30:00
P0214,X-Ray,2026-09-16 07:14:00
P0214,Doctor Consultation,2026-09-16 07:53:00
P0214,Discharge,2026-09-16 08:31:00
P0215,Registration,2026-09-16 04:59:00
P0215,Triage,2026-09-16 05:26:00
P0215,X-Ray,2026-09-16 06:01:00
P0215,Doctor Consultation,2026-09-16 07:00:00
P0215,Discharge,2026-09-16 07:48:00
P0216,Registration,2026-09-16 05:06:00
P0216,Triage,2026-09-16 05:33:00
P0216,X-Ray,2026-09-16 06:26:00
P0216,Doctor Consultation,2026-09-16 07:14:00
P0216,Discharge,2026-09-16 07:50:00
P0217,Registration,2026-09-16 05:13:00
P0217,Triage,2026-09-16 05:59:00
P0217,X-Ray,2026-09-16 06:32:00
P0217,Triage,2026-09-16 07:10:00
P0217,X-Ray,2026-09-16 07:49:00
P0217,Doctor Consultation,2026-09-16 08:41:00
P0217,Discharge,2026-09-16 09:39:00
P0218,Registration,2026-09-16 05:23:00
P0218,Triage,2026-09-16 05:46:00
P0218,X-Ray,2026-09-16 06:21:00
P0218,Triage,2026-09-16 07:03:00
P0218,X-Ray,2026-09-16 07:54:00
P0218,Doctor Consultation,2026-09-16 08:51:00
P0218,Discharge,2026-09-16 09:30:00
P0219,Registration,2026-09-16 05:27:00
P0219,Triage,2026-09-16 05:41:00
P0219,X-Ray,2026-09-16 06:36:00
P0219,Doctor Consultation,2026-09-16 07:35:00
P0219,Discharge,2026-09-16 08:36:00
P0220,Registration,2026-09-16 05:37:00
P0220,Triage,2026-09-16 06:20:00
P0220,X-Ray,2026-09-16 07:19:00
P0220,Triage,2026-09-16 07:41:00
P0220,X-Ray,2026-09-16 08:16:00
P0220,Doctor Consultation,2026-09-16 09:12:00
P0220,Discharge,2026-09-16 10:04:00
P0221,Registration,2026-09-16 05:44:00
P0221,Triage,2026-09-16 06:00:00
P0221,X-Ray,2026-09-16 06:16:00
P0221,Doctor Consultation,2026-09-16 06:49:00
P0221,Discharge,2026-09-16 07:39:00
P0222,Registration,2026-09-16 05:52:00
P0222,Triage,2026-09-16 06:22:00
P0222,X-Ray,2026-09-16 07:02:00
P0222,Doctor Consultation,2026-09-16 07:36:00
P0222,Discharge,2026-09-16 08:09:00
P0223,Registration,2026-09-16 05:56:00
P0223,Triage,2026-09-16 06:34:00
P0223,X-Ray,2026-09-16 07:20:00
P0223,Triage,2026-09-16 08:04:00
P0223,X-Ray,2026-09-16 08:27:00
P0223,Doctor Consultation,2026-09-16 09:17:00
P0223,Discharge,2026-09-16 09:46:00
P0224,Registration,2026-09-16 05:58:00
P0224,Triage,2026-09-16 06:06:00
P0224,X-Ray,2026-09-16 06:27:00
P0224,Doctor Consultation,2026-09-16 07:02:00
P0224,Discharge,2026-09-16 07:57:00
P0225,Registration,2026-09-16 06:08:00
P0225,Triage,2026-09-16 06:47:00
P0225,X-Ray,2026-09-16 07:25:00
P0225,Triage,2026-09-16 08:01:00
P0225,X-Ray,2026-09-16 08:53:00
P0225,Doctor Consultation,2026-09-16 09:45:00
P0225,Discharge,2026-09-16 10:13:00
P0226,Registration,2026-09-16 06:17:00
P0226,Triage,2026-09-16 06:27:00
P0226,X-Ray,2026-09-16 06:53:00
P0226,Doctor Consultation,2026-09-16 07:16:00
P0226,Discharge,2026-09-16 08:08:00
P0227,Registration,2026-09-16 06:24:00
P0227,Triage,2026-09-16 06:41:00
P0227,X-Ray,2026-09-16 07:26:00
P0227,Triage,2026-09-16 08:29:00
P0227,X-Ray,2026-09-16 09:22:00
P0227,Doctor Consultation,2026-09-16 10:22:00
P0227,Discharge,2026-09-16 11:26:00
P0228,Registration,2026-09-16 06:31:00
P0228,Triage,2026-09-16 07:20:00
P0228,X-Ray,2026-09-16 07:51:00
P0228,Doctor Consultation,2026-09-16 08:52:00
P0228,Discharge,2026-09-16 09:17:00
P0229,Registration,2026-09-16 06:34:00
P0229,Triage,2026-09-16 06:52:00
P0229,X-Ray,2026-09-16 07:16:00
P0229,Triage,2026-09-16 08:03:00
P0229,X-Ray,2026-09-16 08:57:00
P0229,Doctor Consultation,2026-09-16 09:50:00
P0229,Discharge,2026-09-16 10:44:00
P0230,Registration,2026-09-16 06:43:00
P0230,Triage,2026-09-16 07:26:00
P0230,X-Ray,2026-09-16 08:09:00
P0230,Doctor Consultation,2026-09-16 08:36:00
P0230,Discharge,2026-09-16 09:16:00
P0231,Registration,2026-09-16 06:45:00
P0231,Triage,2026-09-16 07:23:00
P0231,X-Ray,2026-09-16 07:47:00
P0231,Doctor Consultation,2026-09-16 08:43:00
P0231,Discharge,2026-09-16 09:39:00
P0232,Registration,2026-09-16 06:53:00
P0232,Triage,2026-09-16 07:34:00
P0232,X-Ray,2026-09-16 07:51:00
P0232,Doctor Consultation,2026-09-16 08:16:00
P0232,Discharge,2026-09-16 08:56:00
P0233,Registration,2026-09-16 06:59:00
P0233,Triage,2026-09-16 07:18:00
P0233,X-Ray,2026-09-16 08:11:00
P0233,Triage,2026-09-16 09:08:00
P0233,X-Ray,2026-09-16 09:33:00
P0233,Doctor Consultation,2026-09-16 10:04:00
P0233,Discharge,2026-09-16 11:01:00
P0234,Registration,2026-09-16 07:09:00
P0234,Triage,2026-09-16 07:44:00
P0234,X-Ray,2026-09-16 08:15:00
P0234,Doctor Consultation,2026-09-16 08:42:00
P0234,Discharge,2026-09-16 09:23:00
P0235,Registration,2026-09-16 07:18:00
P0235,Triage,2026-09-16 07:53:00
P0235,X-Ray,2026-09-16 08:19:00
P0235,Triage,2026-09-16 09:14:00
P0235,X-Ray,2026-09-16 10:08:00
P0235,Doctor Consultation,2026-09-16 11:00:00
P0235,Discharge,2026-09-16 11:59:00
P0236,Registration,2026-09-16 07:23:00
P0236,Triage,2026-09-16 08:06:00
P0236,X-Ray,2026-09-16 08:55:00
P0236,Doctor Consultation,2026-09-16 09:52:00
P0236,Discharge,2026-09-16 10:32:00
P0237,Registration,2026-09-16 07:29:00
P0237,Triage,2026-09-16 07:44:00
P0237,X-Ray,2026-09-16 08:03:00
P0237,Doctor Consultation,2026-09-16 08:30:00
P0237,Discharge,2026-09-16 09:04:00
P0238,Registration,2026-09-16 07:36:00
P0238,Triage,2026-09-16 08:17:00
P0238,X-Ray,2026-09-16 09:05:00
P0238,Doctor Consultation,2026-09-16 09:47:00
P0238,Discharge,2026-09-16 10:39:00
P0239,Registration,2026-09-16 07:39:00
P0239,Triage,2026-09-16 08:11:00
P0239,X-Ray,2026-09-16 08:46:00
P0239,Doctor Consultation,2026-09-16 09:35:00
P0239,Discharge,2026-09-16 10:25:00
P0240,Registration,2026-09-16 07:42:00
P0240,Triage,2026-09-16 08:32:00
P0240,X-Ray,2026-09-16 09:14:00
P0240,Doctor Consultation,2026-09-16 10:04:00
P0240,Discharge,2026-09-16 10:44:00
P0241,Registration,2026-09-16 07:47:00
P0241,Triage,2026-09-16 08:14:00
P0241,X-Ray,2026-09-16 09:04:00
P0241,Doctor Consultation,2026-09-16 09:36:00
P0241,Discharge,2026-09-16 10:27:00
P0242,Registration,2026-09-16 07:49:00
P0242,Triage,2026-09-16 08:00:00
P0242,X-Ray,2026-09-16 08:21:00
P0242,Triage,2026-09-16 09:12:00
P0242,X-Ray,2026-09-16 09:49:00
P0242,Doctor Consultation,2026-09-16 10:15:00
P0242,Discharge,2026-09-16 10:49:00
P0243,Registration,2026-09-16 07:52:00
P0243,Triage,2026-09-16 08:06:00
P0243,X-Ray,2026-09-16 08:31:00
P0243,Doctor Consultation,2026-09-16 09:11:00
P0243,Discharge,2026-09-16 09:49:00
P0244,Registration,2026-09-16 07:55:00
P0244,Triage,2026-09-16 08:15:00
P0244,X-Ray,2026-09-16 08:36:00
P0244,Doctor Consultation,2026-09-16 09:30:00
P0244,Discharge,2026-09-16 10:25:00
P0245,Registration,2026-09-16 07:57:00
P0245,Triage,2026-09-16 08:13:00
P0245,X-Ray,2026-09-16 08:37:00
P0245,Triage,2026-09-16 09:03:00
P0245,X-Ray,2026-09-16 09:40:00
P0245,Doctor Consultation,2026-09-16 10:02:00
P0245,Discharge,2026-09-16 10:40:00
P0246,Registration,2026-09-16 08:03:00
P0246,Triage,2026-09-16 08:20:00
P0246,X-Ray,2026-09-16 09:04:00
P0246,Triage,2026-09-16 09:28:00
P0246,X-Ray,2026-09-16 09:57:00
P0246,Doctor Consultation,2026-09-16 10:41:00
P0246,Discharge,2026-09-16 11:42:00
P0247,Registration,2026-09-16 08:11:00
P0247,Triage,2026-09-16 08:34:00
P0247,X-Ray,2026-09-16 08:51:00
P0247,Doctor Consultation,2026-09-16 09:15:00
P0247,Discharge,2026-09-16 10:04:00
P0248,Registration,2026-09-16 08:18:00
P0248,Triage,2026-09-16 08:43:00
P0248,X-Ray,2026-09-16 09:08:00
P0248,Doctor Consultation,2026-09-16 10:01:00
P0248,Discharge,2026-09-16 10:26:00
P0249,Registration,2026-09-16 08:23:00
P0249,Triage,2026-09-16 08:56:00
P0249,X-Ray,2026-09-16 09:13:00
P0249,Doctor Consultation,2026-09-16 10:02:00
P0249,Discharge,2026-09-16 10:36:00
P0250,Registration,2026-09-16 08:32:00
P0250,Triage,2026-09-16 09:12:00
P0250,X-Ray,2026-09-16 09:45:00
P0250,Doctor Consultation,2026-09-16 10:13:00
P0250,Discharge,2026-09-16 11:16:00
P0251,Registration,2026-09-16 08:39:00
P0251,Triage,2026-09-16 09:17:00
P0251,X-Ray,2026-09-16 09:29:00
P0251,Doctor Consultation,2026-09-16 09:57:00
P0251,Discharge,2026-09-16 10:28:00
P0252,Registration,2026-09-16 08:41:00
P0252,Triage,2026-09-16 09:23:00
P0252,X-Ray,2026-09-16 10:17:00
P0252,Doctor Consultation,2026-09-16 11:06:00
P0252,Discharge,2026-09-16 11:59:00
P0253,Registration,2026-09-16 08:51:00
P0253,Triage,2026-09-16 09:16:00
P0253,X-Ray,2026-09-16 09:46:00
P0253,Doctor Consultation,2026-09-16 10:34:00
P0253,Discharge,2026-09-16 11:04:00
P0254,Registration,2026-09-16 08:59:00
P0254,Triage,2026-09-16 09:25:00
P0254,X-Ray,2026-09-16 09:56:00
P0254,Doctor Consultation,2026-09-16 10:26:00
P0254,Discharge,2026-09-16 11:10:00
P0255,Registration,2026-09-16 09:08:00
P0255,Triage,2026-09-16 09:34:00
P0255,X-Ray,2026-09-16 10:05:00
P0255,Doctor Consultation,2026-09-16 10:21:00
P0255,Discharge,2026-09-16 10:40:00
P0256,Registration,2026-09-16 09:17:00
P0256,Triage,2026-09-16 09:36:00
P0256,X-Ray,2026-09-16 09:59:00
P0256,Doctor Consultation,2026-09-16 10:25:00
P0256,Discharge,2026-09-16 11:01:00
P0257,Registration,2026-09-16 09:23:00
P0257,Triage,2026-09-16 10:08:00
P0257,X-Ray,2026-09-16 10:32:00
P0257,Doctor Consultation,2026-09-16 11:23:00
P0257,Discharge,2026-09-16 11:52:00
P0258,Registration,2026-09-16 09:27:00
P0258,Triage,2026-09-16 09:42:00
P0258,X-Ray,2026-09-16 10:08:00
P0258,Doctor Consultation,2026-09-16 10:58:00
P0258,Discharge,2026-09-16 11:15:00
P0259,Registration,2026-09-16 09:32:00
P0259,Triage,2026-09-16 10:05:00
P0259,X-Ray,2026-09-16 10:28:00
P0259,Triage,2026-09-16 11:18:00
P0259,X-Ray,2026-09-16 12:04:00
P0259,Doctor Consultation,2026-09-16 12:42:00
P0259,Discharge,2026-09-16 13:30:00
P0260,Registration,2026-09-16 09:38:00
P0260,Triage,2026-09-16 09:54:00
P0260,X-Ray,2026-09-16 10:15:00
P0260,Doctor Consultation,2026-09-16 10:46:00
P0260,Discharge,2026-09-16 11:27:00
P0261,Registration,2026-09-16 09:47:00
P0261,Triage,2026-09-16 10:16:00
P0261,X-Ray,2026-09-16 11:02:00
P0261,Doctor Consultation,2026-09-16 11:24:00
P0261,Discharge,2026-09-16 12:02:00
P0262,Registration,2026-09-16 09:53:00
P0262,Triage,2026-09-16 10:30:00
P0262,X-Ray,2026-09-16 11:22:00
P0262,Doctor Consultation,2026-09-16 11:56:00
P0262,Discharge,2026-09-16 12:27:00
P0263,Registration,2026-09-16 10:01:00
P0263,Triage,2026-09-16 10:50:00
P0263,X-Ray,2026-09-16 11:21:00
P0263,Triage,2026-09-16 12:00:00
P0263,X-Ray,2026-09-16 12:20:00
P0263,Doctor Consultation,2026-09-16 13:11:00
P0263,Discharge,2026-09-16 13:59:00
P0264,Registration,2026-09-16 10:03:00
P0264,Triage,2026-09-16 10:28:00
P0264,X-Ray,2026-09-16 10:41:00
P0264,Doctor Consultation,2026-09-16 11:32:00
P0264,Discharge,2026-09-16 12:23:00
P0265,Registration,2026-09-16 10:06:00
P0265,Triage,2026-09-16 10:54:00
P0265,X-Ray,2026-09-16 11:14:00
P0265,Doctor Consultation,2026-09-16 12:14:00
P0265,Discharge,2026-09-16 12:57:00
P0266,Registration,2026-09-16 10:11:00
P0266,Triage,2026-09-16 10:45:00
P0266,X-Ray,2026-09-16 11:20:00
P0266,Triage,2026-09-16 11:59:00
P0266,X-Ray,2026-09-16 12:16:00
P0266,Doctor Consultation,2026-09-16 12:42:00
P0266,Discharge,2026-09-16 13:09:00
P0267,Registration,2026-09-16 10:15:00
P0267,Triage,2026-09-16 10:50:00
P0267,X-Ray,2026-09-16 11:35:00
P0267,Doctor Consultation,2026-09-16 12:08:00
P0267,Discharge,2026-09-16 12:56:00
P0268,Registration,2026-09-16 10:21:00
P0268,Triage,2026-09-16 10:38:00
P0268,X-Ray,2026-09-16 11:17:00
P0268,Doctor Consultation,2026-09-16 11:43:00
P0268,Discharge,2026-09-16 12:24:00
P0269,Registration,2026-09-16 10:24:00
P0269,Triage,2026-09-16 10:58:00
P0269,X-Ray,2026-09-16 11:19:00
P0269,Doctor Consultation,2026-09-16 12:03:00
P0269,Discharge,2026-09-16 12:37:00
P0270,Registration,2026-09-16 10:32:00
P0270,Triage,2026-09-16 10:46:00
P0270,X-Ray,2026-09-16 11:09:00
P0270,Doctor Consultation,2026-09-16 11:33:00
P0270,Discharge,2026-09-16 11:51:00
P0271,Registration,2026-09-16 10:36:00
P0271,Triage,2026-09-16 11:09:00
P0271,X-Ray,2026-09-16 12:09:00
P0271,Triage,2026-09-16 12:39:00
P0271,X-Ray,2026-09-16 13:35:00
P0271,Doctor Consultation,2026-09-16 13:58:00
P0271,Discharge,2026-09-16 14:17:00
P0272,Registration,2026-09-16 10:45:00
P0272,Triage,2026-09-16 11:13:00
P0272,X-Ray,2026-09-16 11:26:00
P0272,Doctor Consultation,2026-09-16 11:51:00
P0272,Discharge,2026-09-16 12:47:00
P0273,Registration,2026-09-16 10:53:00
P0273,Triage,2026-09-16 11:30:00
P0273,X-Ray,2026-09-16 12:04:00
P0273,Doctor Consultation,2026-09-16 12:33:00
P0273,Discharge,2026-09-16 13:13:00
P0274,Registration,2026-09-16 10:57:00
P0274,Triage,2026-09-16 11:23:00
P0274,X-Ray,2026-09-16 12:06:00
P0274,Triage,2026-09-16 12:59:00
P0274,X-Ray,2026-09-16 13:14:00
P0274,Doctor Consultation,2026-09-16 13:57:00
P0274,Discharge,2026-09-16 14:42:00
P0275,Registration,2026-09-16 11:07:00
P0275,Triage,2026-09-16 11:38:00
P0275,X-Ray,2026-09-16 12:23:00
P0275,Triage,2026-09-16 13:17:00
P0275,X-Ray,2026-09-16 14:08:00
P0275,Doctor Consultation,2026-09-16 14:51:00
P0275,Discharge,2026-09-16 15:35:00
P0276,Registration,2026-09-16 11:09:00
P0276,Triage,2026-09-16 11:18:00
P0276,X-Ray,2026-09-16 11:35:00
P0276,Triage,2026-09-16 12:30:00
P0276,X-Ray,2026-09-16 13:22:00
P0276,Doctor Consultation,2026-09-16 13:50:00
P0276,Discharge,2026-09-16 14:23:00
P0277,Registration,2026-09-16 11:15:00
P0277,Triage,2026-09-16 11:36:00
P0277,X-Ray,2026-09-16 12:19:00
P0277,Doctor Consultation,2026-09-16 12:50:00
P0277,Discharge,2026-09-16 13:25:00
P0278,Registration,2026-09-16 11:22:00
P0278,Triage,2026-09-16 11:51:00
P0278,X-Ray,2026-09-16 12:46:00
P0278,Doctor Consultation,2026-09-16 13:39:00
P0278,Discharge,2026-09-16 14:31:00
P0279,Registration,2026-09-16 11:26:00
P0279,Triage,2026-09-16 11:36:00
P0279,X-Ray,2026-09-16 12:27:00
P0279,Doctor Consultation,2026-09-16 12:46:00
P0279,Discharge,2026-09-16 13:16:00
P0280,Registration,2026-09-16 11:31:00
P0280,Triage,2026-09-16 11:51:00
P0280,X-Ray,2026-09-16 12:09:00
P0280,Doctor Consultation,2026-09-16 12:33:00
P0280,Discharge,2026-09-16 12:59:00
P0281,Registration,2026-09-16 11:34:00
P0281,Triage,2026-09-16 12:21:00
P0281,X-Ray,2026-09-16 12:53:00
P0281,Doctor Consultation,2026-09-16 13:32:00
P0281,Discharge,2026-09-16 14:01:00
P0282,Registration,2026-09-16 11:43:00
P0282,Triage,2026-09-16 12:26:00
P0282,X-Ray,2026-09-16 13:07:00
P0282,Doctor Consultation,2026-09-16 14:02:00
P0282,Discharge,2026-09-16 14:46:00
P0283,Registration,2026-09-16 11:49:00
P0283,Triage,2026-09-16 12:32:00
P0283,X-Ray,2026-09-16 13:24:00
P0283,Triage,2026-09-16 13:50:00
P0283,X-Ray,2026-09-16 14:29:00
P0283,Doctor Consultation,2026-09-16 15:07:00
P0283,Discharge,2026-09-16 15:56:00
P0284,Registration,2026-09-16 11:56:00
P0284,Triage,2026-09-16 12:26:00
P0284,X-Ray,2026-09-16 12:51:00
P0284,Doctor Consultation,2026-09-16 13:21:00
P0284,Discharge,2026-09-16 14:14:00
P0285,Registration,2026-09-16 12:02:00
P0285,Triage,2026-09-16 12:31:00
P0285,X-Ray,2026-09-16 12:51:00
P0285,Triage,2026-09-16 13:09:00
P0285,X-Ray,2026-09-16 13:53:00
P0285,Doctor Consultation,2026-09-16 14:24:00
P0285,Discharge,2026-09-16 15:23:00
P0286,Registration,2026-09-16 12:09:00
P0286,Triage,2026-09-16 12:46:00
P0286,X-Ray,2026-09-16 13:19:00
P0286,Doctor Consultation,2026-09-16 14:04:00
P0286,Discharge,2026-09-16 14:23:00
P0287,Registration,2026-09-16 12:11:00
P0287,Triage,2026-09-16 12:22:00
P0287,X-Ray,2026-09-16 12:47:00
P0287,Triage,2026-09-16 13:18:00
P0287,X-Ray,2026-09-16 14:04:00
P0287,Doctor Consultation,2026-09-16 14:41:00
P0287,Discharge,2026-09-16 15:12:00
P0288,Registration,2026-09-16 12:15:00
P0288,Triage,2026-09-16 12:35:00
P0288,X-Ray,2026-09-16 12:51:00
P0288,Doctor Consultation,2026-09-16 13:24:00
P0288,Discharge,2026-09-16 14:11:00
P0289,Registration,2026-09-16 12:21:00
P0289,Triage,2026-09-16 12:31:00
P0289,X-Ray,2026-09-16 13:23:00
P0289,Triage,2026-09-16 14:17:00
P0289,X-Ray,2026-09-16 14:32:00
P0289,Doctor Consultation,2026-09-16 14:52:00
P0289,Discharge,2026-09-16 15:25:00
P0290,Registration,2026-09-16 12:30:00
P0290,Triage,2026-09-16 12:50:00
P0290,X-Ray,2026-09-16 13:42:00
P0290,Triage,2026-09-16 14:06:00
P0290,X-Ray,2026-09-16 14:30:00
P0290,Doctor Consultation,2026-09-16 15:14:00
P0290,Discharge,2026-09-16 16:15:00
P0291,Registration,2026-09-16 12:33:00
P0291,Triage,2026-09-16 12:54:00
P0291,X-Ray,2026-09-16 13:33:00
P0291,Doctor Consultation,2026-09-16 14:04:00
P0291,Discharge,2026-09-16 14:35:00
P0292,Registration,2026-09-16 12:42:00
P0292,Triage,2026-09-16 13:07:00
P0292,X-Ray,2026-09-16 13:29:00
P0292,Doctor Consultation,2026-09-16 13:52:00
P0292,Discharge,2026-09-16 14:31:00
P0293,Registration,2026-09-16 12:47:00
P0293,Triage,2026-09-16 13:30:00
P0293,X-Ray,2026-09-16 14:20:00
P0293,Doctor Consultation,2026-09-16 15:15:00
P0293,Discharge,2026-09-16 16:07:00
P0294,Registration,2026-09-16 12:50:00
P0294,Triage,2026-09-16 13:29:00
P0294,X-Ray,2026-09-16 14:21:00
P0294,Doctor Consultation,2026-09-16 15:24:00
P0294,Discharge,2026-09-16 15:50:00
P0295,Registration,2026-09-16 12:54:00
P0295,Triage,2026-09-16 13:15:00
P0295,X-Ray,2026-09-16 13:36:00
P0295,Doctor Consultation,2026-09-16 14:18:00
P0295,Discharge,2026-09-16 15:02:00
P0296,Registration,2026-09-16 12:58:00
P0296,Triage,2026-09-16 13:27:00
P0296,X-Ray,2026-09-16 13:43:00
P0296,Doctor Consultation,2026-09-16 14:39:00
P0296,Discharge,2026-09-16 15:41:00
P0297,Registration,2026-09-16 13:04:00
P0297,Triage,2026-09-16 13:50:00
P0297,X-Ray,2026-09-16 14:42:00
P0297,Doctor Consultation,2026-09-16 15:10:00
P0297,Discharge,2026-09-16 15:47:00
P0298,Registration,2026-09-16 13:07:00
P0298,Triage,2026-09-16 13:32:00
P0298,X-Ray,2026-09-16 14:12:00
P0298,Doctor Consultation,2026-09-16 14:49:00
P0298,Discharge,2026-09-16 15:47:00
P0299,Registration,2026-09-16 13:09:00
P0299,Triage,2026-09-16 13:28:00
P0299,X-Ray,2026-09-16 14:25:00
P0299,Triage,2026-09-16 15:15:00
P0299,X-Ray,2026-09-16 15:50:00
P0299,Doctor Consultation,2026-09-16 16:25:00
P0299,Discharge,2026-09-16 17:11:00
P0300,Registration,2026-09-16 13:16:00
P0300,Triage,2026-09-16 13:44:00
P0300,X-Ray,2026-09-16 14:29:00
P0300,Triage,2026-09-16 15:00:00
P0300,X-Ray,2026-09-16 15:21:00
P0300,Doctor Consultation,2026-09-16 16:08:00
P0300,Discharge,2026-09-16 16:50:00
P0301,Registration,2026-09-16 13:19:00
P0301,Triage,2026-09-16 13:53:00
P0301,X-Ray,2026-09-16 14:43:00
P0301,Triage,2026-09-16 15:06:00
P0301,X-Ray,2026-09-16 15:34:00
P0301,Doctor Consultation,2026-09-16 16:09:00
P0301,Discharge,2026-09-16 16:44:00
P0302,Registration,2026-09-16 13:23:00
P0302,Triage,2026-09-16 13:34:00
P0302,X-Ray,2026-09-16 13:49:00
P0302,Triage,2026-09-16 14:14:00
P0302,X-Ray,2026-09-16 14:41:00
P0302,Doctor Consultation,2026-09-16 15:23:00
P0302,Discharge,2026-09-16 16:24:00
P0303,Registration,2026-09-16 13:26:00
P0303,Triage,2026-09-16 13:57:00
P0303,X-Ray,2026-09-16 14:52:00
P0303,Doctor Consultation,2026-09-16 15:25:00
P0303,Discharge,2026-09-16 16:32:00
P0304,Registration,2026-09-16 13:33:00
P0304,Triage,2026-09-16 13:47:00
P0304,X-Ray,2026-09-16 14:02:00
P0304,Triage,2026-09-16 14:26:00
P0304,X-Ray,2026-09-16 15:14:00
P0304,Doctor Consultation,2026-09-16 15:46:00
P0304,Discharge,2026-09-16 16:21:00
P0305,Registration,2026-09-16 13:41:00
P0305,Triage,2026-09-16 14:18:00
P0305,X-Ray,2026-09-16 14:41:00
P0305,Doctor Consultation,2026-09-16 15:05:00
P0305,Discharge,2026-09-16 15:43:00
P0306,Registration,2026-09-16 13:47:00
P0306,Triage,2026-09-16 14:19:00
P0306,X-Ray,2026-09-16 14:52:00
P0306,Doctor Consultation,2026-09-16 15:39:00
P0306,Discharge,2026-09-16 16:36:00
P0307,Registration,2026-09-16 13:50:00
P0307,Triage,2026-09-16 14:34:00
P0307,X-Ray,2026-09-16 15:32:00
P0307,Triage,2026-09-16 16:14:00
P0307,X-Ray,2026-09-16 16:34:00
P0307,Doctor Consultation,2026-09-16 17:00:00
P0307,Discharge,2026-09-16 17:42:00
P0308,Registration,2026-09-16 13:56:00
P0308,Triage,2026-09-16 14:17:00
P0308,X-Ray,2026-09-16 15:02:00
P0308,Triage,2026-09-16 15:23:00
P0308,X-Ray,2026-09-16 16:07:00
P0308,Doctor Consultation,2026-09-16 16:52:00
P0308,Discharge,2026-09-16 17:12:00
P0309,Registration,2026-09-16 14:02:00
P0309,Triage,2026-09-16 14:37:00
P0309,X-Ray,2026-09-16 14:55:00
P0309,Triage,2026-09-16 15:55:00
P0309,X-Ray,2026-09-16 16:29:00
P0309,Doctor Consultation,2026-09-16 17:21:00
P0309,Discharge,2026-09-16 18:13:00
P0310,Registration,2026-09-16 14:06:00
P0310,Triage,2026-09-16 14:32:00
P0310,X-Ray,2026-09-16 15:13:00
P0310,Doctor Consultation,2026-09-16 15:46:00
P0310,Discharge,2026-09-16 16:27:00
P0311,Registration,2026-09-16 14:11:00
P0311,Triage,2026-09-16 14:46:00
P0311,X-Ray,2026-09-16 15:24:00
P0311,Doctor Consultation,2026-09-16 16:20:00
P0311,Discharge,2026-09-16 17:13:00
P0312,Registration,2026-09-16 14:20:00
P0312,Triage,2026-09-16 14:57:00
P0312,X-Ray,2026-09-16 15:42:00
P0312,Triage,2026-09-16 16:22:00
P0312,X-Ray,2026-09-16 16:59:00
P0312,Doctor Consultation,2026-09-16 17:23:00
P0312,Discharge,2026-09-16 17:50:00
P0313,Registration,2026-09-16 14:27:00
P0313,Triage,2026-09-16 14:46:00
P0313,X-Ray,2026-09-16 15:12:00
P0313,Doctor Consultation,2026-09-16 15:59:00
P0313,Discharge,2026-09-16 17:04:00
P0314,Registration,2026-09-16 14:34:00
P0314,Triage,2026-09-16 15:09:00
P0314,X-Ray,2026-09-16 15:36:00
P0314,Doctor Consultation,2026-09-16 16:29:00
P0314,Discharge,2026-09-16 17:20:00
P0315,Registration,2026-09-16 14:38:00
P0315,Triage,2026-09-16 15:13:00
P0315,X-Ray,2026-09-16 15:59:00
P0315,Doctor Consultation,2026-09-16 16:20:00
P0315,Discharge,2026-09-16 17:10:00
P0316,Registration,2026-09-16 14:45:00
P0316,Triage,2026-09-16 15:27:00
P0316,X-Ray,2026-09-16 15:41:00
P0316,Doctor Consultation,2026-09-16 16:06:00
P0316,Discharge,2026-09-16 16:42:00
P0317,Registration,2026-09-16 14:51:00
P0317,Triage,2026-09-16 15:33:00
P0317,X-Ray,2026-09-16 16:11:00
P0317,Triage,2026-09-16 16:32:00
P0317,X-Ray,2026-09-16 17:01:00
P0317,Doctor Consultation,2026-09-16 17:49:00
P0317,Discharge,2026-09-16 18:41:00
P0318,Registration,2026-09-16 14:58:00
P0318,Triage,2026-09-16 15:30:00
P0318,X-Ray,2026-09-16 15:53:00
P0318,Doctor Consultation,2026-09-16 16:15:00
P0318,Discharge,2026-09-16 16:51:00
P0319,Registration,2026-09-16 15:03:00
P0319,Triage,2026-09-16 15:18:00
P0319,X-Ray,2026-09-16 15:35:00
P0319,Doctor Consultation,2026-09-16 16:36:00
P0319,Discharge,2026-09-16 17:33:00
P0320,Registration,2026-09-16 15:05:00
P0320,Triage,2026-09-16 15:15:00
P0320,X-Ray,2026-09-16 15:52:00
P0320,Doctor Consultation,2026-09-16 16:38:00
P0320,Discharge,2026-09-16 17:31:00
P0321,Registration,2026-09-16 15:14:00
P0321,Triage,2026-09-16 16:02:00
P0321,X-Ray,2026-09-16 16:31:00
P0321,Doctor Consultation,2026-09-16 16:58:00
P0321,Discharge,2026-09-16 18:00:00
P0322,Registration,2026-09-16 15:22:00
P0322,Triage,2026-09-16 16:01:00
P0322,X-Ray,2026-09-16 16:27:00
P0322,Doctor Consultation,2026-09-16 16:53:00
P0322,Discharge,2026-09-16 17:42:00
P0323,Registration,2026-09-16 15:27:00
P0323,Triage,2026-09-16 15:57:00
P0323,X-Ray,2026-09-16 16:31:00
P0323,Doctor Consultation,2026-09-16 16:50:00
P0323,Discharge,2026-09-16 17:33:00
P0324,Registration,2026-09-16 15:34:00
P0324,Triage,2026-09-16 15:46:00
P0324,X-Ray,2026-09-16 16:33:00
P0324,Triage,2026-09-16 17:29:00
P0324,X-Ray,2026-09-16 17:46:00
P0324,Doctor Consultation,2026-09-16 18:13:00
P0324,Discharge,2026-09-16 18:47:00
P0325,Registration,2026-09-16 15:43:00
P0325,Triage,2026-09-16 16:08:00
P0325,X-Ray,2026-09-16 16:28:00
P0325,Doctor Consultation,2026-09-16 16:55:00
P0325,Discharge,2026-09-16 17:29:00
P0326,Registration,2026-09-16 15:50:00
P0326,Triage,2026-09-16 16:03:00
P0326,X-Ray,2026-09-16 16:13:00
P0326,Doctor Consultation,2026-09-16 16:40:00
P0326,Discharge,2026-09-16 17:27:00
P0327,Registration,2026-09-16 15:56:00
P0327,Triage,2026-09-16 16:26:00
P0327,X-Ray,2026-09-16 16:52:00
P0327,Doctor Consultation,2026-09-16 17:33:00
P0327,Discharge,2026-09-16 18:29:00
P0328,Registration,2026-09-16 16:04:00
P0328,Triage,2026-09-16 16:40:00
P0328,X-Ray,2026-09-16 17:10:00
P0328,Doctor Consultation,2026-09-16 17:34:00
P0328,Discharge,2026-09-16 18:00:00
P0329,Registration,2026-09-16 16:12:00
P0329,Triage,2026-09-16 16:58:00
P0329,X-Ray,2026-09-16 17:46:00
P0329,Doctor Consultation,2026-09-16 18:42:00
P0329,Discharge,2026-09-16 19:31:00
P0330,Registration,2026-09-16 16:16:00
P0330,Triage,2026-09-16 16:33:00
P0330,X-Ray,2026-09-16 17:17:00
P0330,Doctor Consultation,2026-09-16 17:36:00
P0330,Discharge,2026-09-16 18:19:00
P0331,Registration,2026-09-16 16:26:00
P0331,Triage,2026-09-16 16:55:00
P0331,X-Ray,2026-09-16 17:46:00
P0331,Doctor Consultation,2026-09-16 18:16:00
P0331,Discharge,2026-09-16 18:59:00
P0332,Registration,2026-09-16 16:33:00
P0332,Triage,2026-09-16 16:52:00
P0332,X-Ray,2026-09-16 17:49:00
P0332,Doctor Consultation,2026-09-16 18:04:00
P0332,Discharge,2026-09-16 18:56:00
P0333,Registration,2026-09-16 16:42:00
P0333,Triage,2026-09-16 17:20:00
P0333,X-Ray,2026-09-16 17:50:00
P0333,Doctor Consultation,2026-09-16 18:27:00
P0333,Discharge,2026-09-16 19:15:00
P0334,Registration,2026-09-16 16:52:00
P0334,Triage,2026-09-16 17:17:00
P0334,X-Ray,2026-09-16 17:57:00
P0334,Doctor Consultation,2026-09-16 18:55:00
P0334,Discharge,2026-09-16 19:29:00
P0335,Registration,2026-09-16 17:01:00
P0335,Triage,2026-09-16 17:12:00
P0335,X-Ray,2026-09-16 17:48:00
P0335,Triage,2026-09-16 18:11:00
P0335,X-Ray,2026-09-16 19:04:00
P0335,Doctor Consultation,2026-09-16 19:24:00
P0335,Discharge,2026-09-16 20:20:00
P0336,Registration,2026-09-16 17:10:00
P0336,Triage,2026-09-16 17:22:00
P0336,X-Ray,2026-09-16 18:04:00
P0336,Doctor Consultation,2026-09-16 18:59:00
P0336,Discharge,2026-09-16 19:52:00
P0337,Registration,2026-09-16 17:13:00
P0337,Triage,2026-09-16 17:21:00
P0337,X-Ray,2026-09-16 17:58:00
P0337,Triage,2026-09-16 18:41:00
P0337,X-Ray,2026-09-16 19:32:00
P0337,Doctor Consultation,2026-09-16 19:58:00
P0337,Discharge,2026-09-16 20:24:00
P0338,Registration,2026-09-16 17:17:00
P0338,Triage,2026-09-16 17:33:00
P0338,X-Ray,2026-09-16 18:26:00
P0338,Doctor Consultation,2026-09-16 18:56:00
P0338,Discharge,2026-09-16 19:39:00
P0339,Registration,2026-09-16 17:26:00
P0339,Triage,2026-09-16 17:55:00
P0339,X-Ray,2026-09-16 18:32:00
P0339,Doctor Consultation,2026-09-16 19:27:00
P0339,Discharge,2026-09-16 20:13:00
P0340,Registration,2026-09-16 17:36:00
P0340,Triage,2026-09-16 17:46:00
P0340,X-Ray,2026-09-16 18:07:00
P0340,Triage,2026-09-16 18:57:00
P0340,X-Ray,2026-09-16 19:46:00
P0340,Doctor Consultation,2026-09-16 20:20:00
P0340,Discharge,2026-09-16 20:48:00
P0341,Registration,2026-09-16 17:44:00
P0341,Triage,2026-09-16 18:25:00
P0341,X-Ray,2026-09-16 19:07:00
P0341,Doctor Consultation,2026-09-16 19:46:00
P0341,Discharge,2026-09-16 20:34:00
P0342,Registration,2026-09-16 17:50:00
P0342,Triage,2026-09-16 18:06:00
P0342,X-Ray,2026-09-16 19:00:00
P0342,Doctor Consultation,2026-09-16 19:42:00
P0342,Discharge,2026-09-16 20:42:00
P0343,Registration,2026-09-16 17:55:00
P0343,Triage,2026-09-16 18:26:00
P0343,X-Ray,2026-09-16 18:54:00
P0343,Triage,2026-09-16 19:30:00
P0343,X-Ray,2026-09-16 20:22:00
P0343,Doctor Consultation,2026-09-16 21:07:00
P0343,Discharge,2026-09-16 21:47:00
P0344,Registration,2026-09-16 18:03:00
P0344,Triage,2026-09-16 18:39:00
P0344,X-Ray,2026-09-16 19:22:00
P0344,Doctor Consultation,2026-09-16 19:39:00
P0344,Discharge,2026-09-16 20:15:00
P0345,Registration,2026-09-16 18:05:00
P0345,Triage,2026-09-16 18:31:00
P0345,X-Ray,2026-09-16 19:07:00
P0345,Triage,2026-09-16 19:27:00
P0345,X-Ray,2026-09-16 19:54:00
P0345,Doctor Consultation,2026-09-16 20:19:00
P0345,Discharge,2026-09-16 21:13:00
P0346,Registration,2026-09-16 18:15:00
P0346,Triage,2026-09-16 18:40:00
P0346,X-Ray,2026-09-16 19:16:00
P0346,Doctor Consultation,2026-09-16 19:44:00
P0346,Discharge,2026-09-16 20:35:00
P0347,Registration,2026-09-16 18:22:00
P0347,Triage,2026-09-16 18:29:00
P0347,X-Ray,2026-09-16 18:55:00
P0347,Doctor Consultation,2026-09-16 19:47:00
P0347,Discharge,2026-09-16 20:49:00
P0348,Registration,2026-09-16 18:32:00
P0348,Triage,2026-09-16 18:52:00
P0348,X-Ray,2026-09-16 19:34:00
P0348,Doctor Consultation,2026-09-16 19:55:00
P0348,Discharge,2026-09-16 20:26:00
P0349,Registration,2026-09-16 18:40:00
P0349,Triage,2026-09-16 19:24:00
P0349,X-Ray,2026-09-16 19:46:00
P0349,Triage,2026-09-16 20:40:00
P0349,X-Ray,2026-09-16 20:54:00
P0349,Doctor Consultation,2026-09-16 21:43:00
P0349,Discharge,2026-09-16 22:04:00
P0350,Registration,2026-09-16 18:47:00
P0350,Triage,2026-09-16 19:27:00
P0350,X-Ray,2026-09-16 20:21:00
P0350,Doctor Consultation,2026-09-16 20:45:00
P0350,Discharge,2026-09-16 21:43:00
P0351,Registration,2026-09-16 18:51:00
P0351,Triage,2026-09-16 19:25:00
P0351,X-Ray,2026-09-16 20:17:00
P0351,Doctor Consultation,2026-09-16 20:43:00
P0351,Discharge,2026-09-16 21:23:00
P0352,Registration,2026-09-16 18:58:00
P0352,Triage,2026-09-16 19:20:00
P0352,X-Ray,2026-09-16 20:12:00
P0352,Triage,2026-09-16 21:09:00
P0352,X-Ray,2026-09-16 21:29:00
P0352,Doctor Consultation,2026-09-16 22:07:00
P0352,Discharge,2026-09-16 22:51:00
P0353,Registration,2026-09-16 19:00:00
P0353,Triage,2026-09-16 19:33:00
P0353,X-Ray,2026-09-16 20:08:00
P0353,Doctor Consultation,2026-09-16 21:01:00
P0353,Discharge,2026-09-16 21:26:00
P0354,Registration,2026-09-16 19:10:00
P0354,Triage,2026-09-16 19:51:00
P0354,X-Ray,2026-09-16 20:19:00
P0354,Doctor Consultation,2026-09-16 20:56:00
P0354,Discharge,2026-09-16 21:53:00
P0355,Registration,2026-09-16 19:13:00
P0355,Triage,2026-09-16 20:00:00
P0355,X-Ray,2026-09-16 20:24:00
P0355,Triage,2026-09-16 21:29:00
P0355,X-Ray,2026-09-16 22:09:00
P0355,Doctor Consultation,2026-09-16 22:38:00
P0355,Discharge,2026-09-16 23:10:00
P0356,Registration,2026-09-16 19:15:00
P0356,Triage,2026-09-16 19:26:00
P0356,X-Ray,2026-09-16 19:41:00
P0356,Doctor Consultation,2026-09-16 20:07:00
P0356,Discharge,2026-09-16 21:05:00
P0357,Registration,2026-09-16 19:20:00
P0357,Triage,2026-09-16 19:54:00
P0357,X-Ray,2026-09-16 20:51:00
P0357,Doctor Consultation,2026-09-16 21:39:00
P0357,Discharge,2026-09-16 22:05:00
P0358,Registration,2026-09-16 19:23:00
P0358,Triage,2026-09-16 20:07:00
P0358,X-Ray,2026-09-16 20:21:00
P0358,Doctor Consultation,2026-09-16 21:13:00
P0358,Discharge,2026-09-16 21:49:00
P0359,Registration,2026-09-16 19:26:00
P0359,Triage,2026-09-16 20:00:00
P0359,X-Ray,2026-09-16 20:17:00
P0359,Triage,2026-09-16 20:49:00
P0359,X-Ray,2026-09-16 21:21:00
P0359,Doctor Consultation,2026-09-16 22:03:00
P0359,Discharge,2026-09-16 23:07:00
P0360,Registration,2026-09-16 19:32:00
P0360,Triage,2026-09-16 19:41:00
P0360,X-Ray,2026-09-16 20:34:00
P0360,Doctor Consultation,2026-09-16 20:58:00
P0360,Discharge,2026-09-16 21:14:00
P0361,Registration,2026-09-16 19:42:00
P0361,Triage,2026-09-16 20:08:00
P0361,X-Ray,2026-09-16 20:43:00
P0361,Doctor Consultation,2026-09-16 21:27:00
P0361,Discharge,2026-09-16 21:56:00
P0362,Registration,2026-09-16 19:47:00
P0362,Triage,2026-09-16 20:08:00
P0362,X-Ray,2026-09-16 20:30:00
P0362,Doctor Consultation,2026-09-16 21:31:00
P0362,Discharge,2026-09-16 22:22:00
P0363,Registration,2026-09-16 19:57:00
P0363,Triage,2026-09-16 20:20:00
P0363,X-Ray,2026-09-16 20:43:00
P0363,Triage,2026-09-16 21:38:00
P0363,X-Ray,2026-09-16 22:15:00
P0363,Doctor Consultation,2026-09-16 22:47:00
P0363,Discharge,2026-09-16 23:23:00
P0364,Registration,2026-09-16 20:02:00
P0364,Triage,2026-09-16 20:33:00
P0364,X-Ray,2026-09-16 21:11:00
P0364,Triage,2026-09-16 21:44:00
P0364,X-Ray,2026-09-16 22:39:00
P0364,Doctor Consultation,2026-09-16 23:19:00
P0364,Discharge,2026-09-16 23:57:00
P0365,Registration,2026-09-16 20:09:00
P0365,Triage,2026-09-16 20:44:00
P0365,X-Ray,2026-09-16 21:21:00
P0365,Triage,2026-09-16 21:59:00
P0365,X-Ray,2026-09-16 22:45:00
P0365,Doctor Consultation,2026-09-16 23:29:00
P0365,Discharge,2026-09-17 00:24:00
P0366,Registration,2026-09-16 20:13:00
P0366,Triage,2026-09-16 20:37:00
P0366,X-Ray,2026-09-16 21:23:00
P0366,Doctor Consultation,2026-09-16 21:57:00
P0366,Discharge,2026-09-16 22:18:00
P0367,Registration,2026-09-16 20:23:00
P0367,Triage,2026-09-16 21:10:00
P0367,X-Ray,2026-09-16 21:25:00
P0367,Doctor Consultation,2026-09-16 22:04:00
P0367,Discharge,2026-09-16 22:43:00
P0368,Registration,2026-09-16 20:31:00
P0368,Triage,2026-09-16 20:48:00
P0368,X-Ray,2026-09-16 21:37:00
P0368,Triage,2026-09-16 22:05:00
P0368,X-Ray,2026-09-16 22:44:00
P0368,Doctor Consultation,2026-09-16 23:07:00
P0368,Discharge,2026-09-17 00:08:00
P0369,Registration,2026-09-16 20:41:00
P0369,Triage,2026-09-16 21:00:00
P0369,X-Ray,2026-09-16 21:55:00
P0369,Triage,2026-09-16 22:29:00
P0369,X-Ray,2026-09-16 23:08:00
P0369,Doctor Consultation,2026-09-16 23:37:00
P0369,Discharge,2026-09-17 00:21:00
P0370,Registration,2026-09-16 20:47:00
P0370,Triage,2026-09-16 21:07:00
P0370,X-Ray,2026-09-16 21:48:00
P0370,Doctor Consultation,2026-09-16 22:39:00
P0370,Discharge,2026-09-16 23:10:00
P0371,Registration,2026-09-16 20:54:00
P0371,Triage,2026-09-16 21:19:00
P0371,X-Ray,2026-09-16 22:12:00
P0371,Triage,2026-09-16 22:47:00
P0371,X-Ray,2026-09-16 23:27:00
P0371,Doctor Consultation,2026-09-17 00:24:00
P0371,Discharge,2026-09-17 01:14:00
P0372,Registration,2026-09-16 21:02:00
P0372,Triage,2026-09-16 21:43:00
P0372,X-Ray,2026-09-16 22:21:00
P0372,Doctor Consultation,2026-09-16 23:12:00
P0372,Discharge,2026-09-17 00:20:00
P0373,Registration,2026-09-16 21:12:00
P0373,Triage,2026-09-16 21:32:00
P0373,X-Ray,2026-09-16 21:49:00
P0373,Doctor Consultation,2026-09-16 22:29:00
P0373,Discharge,2026-09-16 22:59:00
P0374,Registration,2026-09-16 21:16:00
P0374,Triage,2026-09-16 21:37:00
P0374,X-Ray,2026-09-16 22:14:00
P0374,Doctor Consultation,2026-09-16 23:00:00
P0374,Discharge,2026-09-17 00:00:00
P0375,Registration,2026-09-16 21:20:00
P0375,Triage,2026-09-16 21:31:00
P0375,X-Ray,2026-09-16 21:46:00
P0375,Doctor Consultation,2026-09-16 22:39:00
P0375,Discharge,2026-09-16 23:07:00
P0376,Registration,2026-09-16 21:24:00
P0376,Triage,2026-09-16 21:44:00
P0376,X-Ray,2026-09-16 22:27:00
P0376,Triage,2026-09-16 23:27:00
P0376,X-Ray,2026-09-16 23:48:00
P0376,Doctor Consultation,2026-09-17 00:31:00
P0376,Discharge,2026-09-17 01:01:00
P0377,Registration,2026-09-16 21:33:00
P0377,Triage,2026-09-16 21:55:00
P0377,X-Ray,2026-09-16 22:49:00
P0377,Doctor Consultation,2026-09-16 23:43:00
P0377,Discharge,2026-09-17 00:42:00
P0378,Registration,2026-09-16 21:37:00
P0378,Triage,2026-09-16 22:15:00
P0378,X-Ray,2026-09-16 23:11:00
P0378,Doctor Consultation,2026-09-16 23:41:00
P0378,Discharge,2026-09-17 00:32:00
P0379,Registration,2026-09-16 21:40:00
P0379,Triage,2026-09-16 21:59:00
P0379,X-Ray,2026-09-16 22:24:00
P0379,Triage,2026-09-16 23:11:00
P0379,X-Ray,2026-09-17 00:08:00
P0379,Doctor Consultation,2026-09-17 00:57:00
P0379,Discharge,2026-09-17 01:20:00
P0380,Registration,2026-09-16 21:44:00
P0380,Triage,2026-09-16 22:18:00
P0380,X-Ray,2026-09-16 23:02:00
P0380,Doctor Consultation,2026-09-16 23:24:00
P0380,Discharge,2026-09-17 00:06:00
P0381,Registration,2026-09-16 21:52:00
P0381,Triage,2026-09-16 22:26:00
P0381,X-Ray,2026-09-16 22:54:00
P0381,Doctor Consultation,2026-09-16 23:30:00
P0381,Discharge,2026-09-17 00:05:00
P0382,Registration,2026-09-16 21:58:00
P0382,Triage,2026-09-16 22:41:00
P0382,X-Ray,2026-09-16 23:06:00
P0382,Triage,2026-09-16 23:29:00
P0382,X-Ray,2026-09-16 23:58:00
P0382,Doctor Consultation,2026-09-17 00:44:00
P0382,Discharge,2026-09-17 01:16:00
P0383,Registration,2026-09-16 22:06:00
P0383,Triage,2026-09-16 22:31:00
P0383,X-Ray,2026-09-16 23:16:00
P0383,Doctor Consultation,2026-09-17 00:03:00
P0383,Discharge,2026-09-17 00:51:00
P0384,Registration,2026-09-16 22:14:00
P0384,Triage,2026-09-16 22:35:00
P0384,X-Ray,2026-09-16 23:25:00
P0384,Doctor Consultation,2026-09-17 00:18:00
P0384,Discharge,2026-09-17 01:00:00
P0385,Registration,2026-09-16 22:22:00
P0385,Triage,2026-09-16 22:43:00
P0385,X-Ray,2026-09-16 23:10:00
P0385,Doctor Consultation,2026-09-16 23:39:00
P0385,Discharge,2026-09-17 00:27:00
P0386,Registration,2026-09-16 22:26:00
P0386,Triage,2026-09-16 22:38:00
P0386,X-Ray,2026-09-16 23:20:00
P0386,Doctor Consultation,2026-09-17 00:11:00
P0386,Discharge,2026-09-17 00:32:00
P0387,Registration,2026-09-16 22:31:00
P0387,Triage,2026-09-16 23:02:00
P0387,X-Ray,2026-09-16 23:57:00
P0387,Doctor Consultation,2026-09-17 00:55:00
P0387,Discharge,2026-09-17 01:57:00
P0388,Registration,2026-09-16 22:35:00
P0388,Triage,2026-09-16 22:45:00
P0388,X-Ray,2026-09-16 23:31:00
P0388,Doctor Consultation,2026-09-17 00:02:00
P0388,Discharge,2026-09-17 00:56:00
P0389,Registration,2026-09-16 22:39:00
P0389,Triage,2026-09-16 23:03:00
P0389,X-Ray,2026-09-16 23:23:00
P0389,Doctor Consultation,2026-09-16 23:45:00
P0389,Discharge,2026-09-17 00:33:00
P0390,Registration,2026-09-16 22:47:00
P0390,Triage,2026-09-16 23:28:00
P0390,X-Ray,2026-09-16 23:42:00
P0390,Doctor Consultation,2026-09-17 00:33:00
P0390,Discharge,2026-09-17 01:32:00
P0391,Registration,2026-09-16 22:54:00
P0391,Triage,2026-09-16 23:17:00
P0391,X-Ray,2026-09-16 23:48:00
P0391,Doctor Consultation,2026-09-17 00:35:00
P0391,Discharge,2026-09-17 01:06:00
P0392,Registration,2026-09-16 23:02:00
P0392,Triage,2026-09-16 23:41:00
P0392,X-Ray,2026-09-17 00:16:00
P0392,Doctor Consultation,2026-09-17 01:04:00
P0392,Discharge,2026-09-17 02:01:00
P0393,Registration,2026-09-16 23:11:00
P0393,Triage,2026-09-16 23:36:00
P0393,X-Ray,2026-09-17 00:20:00
P0393,Doctor Consultation,2026-09-17 01:14:00
P0393,Discharge,2026-09-17 01:59:00
P0394,Registration,2026-09-16 23:17:00
P0394,Triage,2026-09-16 23:39:00
P0394,X-Ray,2026-09-17 00:20:00
P0394,Triage,2026-09-17 01:13:00
P0394,X-Ray,2026-09-17 01:31:00
P0394,Doctor Consultation,2026-09-17 02:05:00
P0394,Discharge,2026-09-17 02:34:00
P0395,Registration,2026-09-16 23:24:00
P0395,Triage,2026-09-17 00:02:00
P0395,X-Ray,2026-09-17 00:39:00
P0395,Triage,2026-09-17 01:33:00
P0395,X-Ray,2026-09-17 01:58:00
P0395,Doctor Consultation,2026-09-17 02:35:00
P0395,Discharge,2026-09-17 03:17:00
P0396,Registration,2026-09-16 23:29:00
P0396,Triage,2026-09-16 23:51:00
P0396,X-Ray,2026-09-17 00:19:00
P0396,Doctor Consultation,2026-09-17 01:05:00
P0396,Discharge,2026-09-17 01:30:00
P0397,Registration,2026-09-16 23:32:00
P0397,Triage,2026-09-17 00:21:00
P0397,X-Ray,2026-09-17 01:05:00
P0397,Doctor Consultation,2026-09-17 01:50:00
P0397,Discharge,2026-09-17 02:55:00
P0398,Registration,2026-09-16 23:41:00
P0398,Triage,2026-09-17 00:21:00
P0398,X-Ray,2026-09-17 01:05:00
P0398,Doctor Consultation,2026-09-17 01:49:00
P0398,Discharge,2026-09-17 02:47:00
P0399,Registration,2026-09-16 23:43:00
P0399,Triage,2026-09-17 00:23:00
P0399,X-Ray,2026-09-17 00:43:00
P0399,Doctor Consultation,2026-09-17 01:28:00
P0399,Discharge,2026-09-17 02:06:00
P0400,Registration,2026-09-16 23:46:00
P0400,Triage,2026-09-17 00:16:00
P0400,X-Ray,2026-09-17 00:26:00
P0400,Doctor Consultation,2026-09-17 01:04:00
P0400,Discharge,2026-09-17 02:08:00
P0401,Registration,2026-09-16 23:53:00
P0401,Triage,2026-09-17 00:13:00
P0401,X-Ray,2026-09-17 00:47:00
P0401,Doctor Consultation,2026-09-17 01:22:00
P0401,Discharge,2026-09-17 02:31:00
P0402,Registration,2026-09-17 00:00:00
P0402,Triage,2026-09-17 00:23:00
P0402,X-Ray,2026-09-17 01:02:00
P0402,Triage,2026-09-17 01:47:00
P0402,X-Ray,2026-09-17 02:29:00
P0402,Doctor Consultation,2026-09-17 03:22:00
P0402,Discharge,2026-09-17 04:17:00
P0403,Registration,2026-09-17 00:03:00
P0403,Triage,2026-09-17 00:46:00
P0403,X-Ray,2026-09-17 01:26:00
P0403,Doctor Consultation,2026-09-17 01:53:00
P0403,Discharge,2026-09-17 02:42:00
P0404,Registration,2026-09-17 00:07:00
P0404,Triage,2026-09-17 00:55:00
P0404,X-Ray,2026-09-17 01:47:00
P0404,Doctor Consultation,2026-09-17 02:38:00
P0404,Discharge,2026-09-17 03:18:00
P0405,Registration,2026-09-17 00:15:00
P0405,Triage,2026-09-17 00:26:00
P0405,X-Ray,2026-09-17 00:55:00
P0405,Triage,2026-09-17 01:57:00
P0405,X-Ray,2026-09-17 02:36:00
P0405,Doctor Consultation,2026-09-17 03:12:00
P0405,Discharge,2026-09-17 04:01:00
P0406,Registration,2026-09-17 00:22:00
P0406,Triage,2026-09-17 00:51:00
P0406,X-Ray,2026-09-17 01:49:00
P0406,Triage,2026-09-17 02:43:00
P0406,X-Ray,2026-09-17 03:36:00
P0406,Doctor Consultation,2026-09-17 04:11:00
P0406,Discharge,2026-09-17 04:57:00
P0407,Registration,2026-09-17 00:31:00
P0407,Triage,2026-09-17 01:20:00
P0407,X-Ray,2026-09-17 02:03:00
P0407,Doctor Consultation,2026-09-17 02:37:00
P0407,Discharge,2026-09-17 03:37:00
P0408,Registration,2026-09-17 00:39:00
P0408,Triage,2026-09-17 00:53:00
P0408,X-Ray,2026-09-17 01:14:00
P0408,Doctor Consultation,2026-09-17 01:48:00
P0408,Discharge,2026-09-17 02:33:00
P0409,Registration,2026-09-17 00:45:00
P0409,Triage,2026-09-17 01:12:00
P0409,X-Ray,2026-09-17 01:52:00
P0409,Doctor Consultation,2026-09-17 02:49:00
P0409,Discharge,2026-09-17 03:44:00
P0410,Registration,2026-09-17 00:49:00
P0410,Triage,2026-09-17 01:12:00
P0410,X-Ray,2026-09-17 01:48:00
P0410,Doctor Consultation,2026-09-17 02:17:00
P0410,Discharge,2026-09-17 03:02:00
P0411,Registration,2026-09-17 00:52:00
P0411,Triage,2026-09-17 01:37:00
P0411,X-Ray,2026-09-17 01:48:00
P0411,Triage,2026-09-17 02:42:00
P0411,X-Ray,2026-09-17 02:59:00
P0411,Doctor Consultation,2026-09-17 03:57:00
P0411,Discharge,2026-09-17 04:21:00
P0412,Registration,2026-09-17 00:58:00
P0412,Triage,2026-09-17 01:35:00
P0412,X-Ray,2026-09-17 02:03:00
P0412,Triage,2026-09-17 02:53:00
P0412,X-Ray,2026-09-17 03:06:00
P0412,Doctor Consultation,2026-09-17 03:43:00
P0412,Discharge,2026-09-17 04:38:00
P0413,Registration,2026-09-17 01:08:00
P0413,Triage,2026-09-17 01:26:00
P0413,X-Ray,2026-09-17 01:55:00
P0413,Doctor Consultation,2026-09-17 02:57:00
P0413,Discharge,2026-09-17 04:06:00
P0414,Registration,2026-09-17 01:18:00
P0414,Triage,2026-09-17 01:49:00
P0414,X-Ray,2026-09-17 02:40:00
P0414,Doctor Consultation,2026-09-17 03:03:00
P0414,Discharge,2026-09-17 03:51:00
P0415,Registration,2026-09-17 01:26:00
P0415,Triage,2026-09-17 01:35:00
P0415,X-Ray,2026-09-17 02:18:00
P0415,Triage,2026-09-17 02:57:00
P0415,X-Ray,2026-09-17 03:41:00
P0415,Doctor Consultation,2026-09-17 04:04:00
P0415,Discharge,2026-09-17 05:04:00
P0416,Registration,2026-09-17 01:28:00
P0416,Triage,2026-09-17 02:15:00
P0416,X-Ray,2026-09-17 02:28:00
P0416,Doctor Consultation,2026-09-17 03:14:00
P0416,Discharge,2026-09-17 04:01:00
P0417,Registration,2026-09-17 01:36:00
P0417,Triage,2026-09-17 02:10:00
P0417,X-Ray,2026-09-17 02:39:00
P0417,Triage,2026-09-17 03:22:00
P0417,X-Ray,2026-09-17 03:57:00
P0417,Doctor Consultation,2026-09-17 04:59:00
P0417,Discharge,2026-09-17 05:40:00
P0418,Registration,2026-09-17 01:44:00
P0418,Triage,2026-09-17 02:02:00
P0418,X-Ray,2026-09-17 02:32:00
P0418,Triage,2026-09-17 03:28:00
P0418,X-Ray,2026-09-17 04:24:00
P0418,Doctor Consultation,2026-09-17 05:03:00
P0418,Discharge,2026-09-17 05:45:00
P0419,Registration,2026-09-17 01:46:00
P0419,Triage,2026-09-17 02:04:00
P0419,X-Ray,2026-09-17 02:33:00
P0419,Triage,2026-09-17 03:00:00
P0419,X-Ray,2026-09-17 03:17:00
P0419,Doctor Consultation,2026-09-17 03:40:00
P0419,Discharge,2026-09-17 03:59:00
P0420,Registration,2026-09-17 01:51:00
P0420,Triage,2026-09-17 02:31:00
P0420,X-Ray,2026-09-17 03:15:00
P0420,Triage,2026-09-17 03:51:00
P0420,X-Ray,2026-09-17 04:11:00
P0420,Doctor Consultation,2026-09-17 04:43:00
P0420,Discharge,2026-09-17 05:14:00
P0421,Registration,2026-09-17 01:55:00
P0421,Triage,2026-09-17 02:28:00
P0421,X-Ray,2026-09-17 02:45:00
P0421,Triage,2026-09-17 03:27:00
P0421,X-Ray,2026-09-17 03:59:00
P0421,Doctor Consultation,2026-09-17 04:26:00
P0421,Discharge,2026-09-17 05:01:00
P0422,Registration,2026-09-17 02:04:00
P0422,Triage,2026-09-17 02:33:00
P0422,X-Ray,2026-09-17 03:25:00
P0422,Doctor Consultation,2026-09-17 04:15:00
P0422,Discharge,2026-09-17 04:49:00
P0423,Registration,2026-09-17 02:10:00
P0423,Triage,2026-09-17 02:30:00
P0423,X-Ray,2026-09-17 02:56:00
P0423,Triage,2026-09-17 03:48:00
P0423,X-Ray,2026-09-17 04:03:00
P0423,Doctor Consultation,2026-09-17 04:37:00
P0423,Discharge,2026-09-17 05:20:00
P0424,Registration,2026-09-17 02:12:00
P0424,Triage,2026-09-17 03:00:00
P0424,X-Ray,2026-09-17 03:35:00
P0424,Doctor Consultation,2026-09-17 04:06:00
P0424,Discharge,2026-09-17 04:57:00
P0425,Registration,2026-09-17 02:19:00
P0425,Triage,2026-09-17 02:29:00
P0425,X-Ray,2026-09-17 02:53:00
P0425,Doctor Consultation,2026-09-17 03:22:00
P0425,Discharge,2026-09-17 04:12:00
P0426,Registration,2026-09-17 02:26:00
P0426,Triage,2026-09-17 03:03:00
P0426,X-Ray,2026-09-17 03:17:00
P0426,Doctor Consultation,2026-09-17 04:00:00
P0426,Discharge,2026-09-17 04:35:00
P0427,Registration,2026-09-17 02:35:00
P0427,Triage,2026-09-17 03:18:00
P0427,X-Ray,2026-09-17 03:47:00
P0427,Doctor Consultation,2026-09-17 04:22:00
P0427,Discharge,2026-09-17 05:08:00
P0428,Registration,2026-09-17 02:41:00
P0428,Triage,2026-09-17 02:53:00
P0428,X-Ray,2026-09-17 03:20:00
P0428,Doctor Consultation,2026-09-17 04:00:00
P0428,Discharge,2026-09-17 04:57:00
P0429,Registration,2026-09-17 02:50:00
P0429,Triage,2026-09-17 03:11:00
P0429,X-Ray,2026-09-17 04:00:00
P0429,Triage,2026-09-17 04:59:00
P0429,X-Ray,2026-09-17 05:32:00
P0429,Doctor Consultation,2026-09-17 06:22:00
P0429,Discharge,2026-09-17 07:01:00
P0430,Registration,2026-09-17 03:00:00
P0430,Triage,2026-09-17 03:29:00
P0430,X-Ray,2026-09-17 04:05:00
P0430,Triage,2026-09-17 04:27:00
P0430,X-Ray,2026-09-17 04:49:00
P0430,Doctor Consultation,2026-09-17 05:12:00
P0430,Discharge,2026-09-17 05:34:00
P0431,Registration,2026-09-17 03:03:00
P0431,Triage,2026-09-17 03:12:00
P0431,X-Ray,2026-09-17 03:55:00
P0431,Doctor Consultation,2026-09-17 04:51:00
P0431,Discharge,2026-09-17 05:17:00
P0432,Registration,2026-09-17 03:08:00
P0432,Triage,2026-09-17 03:15:00
P0432,X-Ray,2026-09-17 03:59:00
P0432,Doctor Consultation,2026-09-17 04:44:00
P0432,Discharge,2026-09-17 05:23:00
P0433,Registration,2026-09-17 03:15:00
P0433,Triage,2026-09-17 04:01:00
P0433,X-Ray,2026-09-17 04:48:00
P0433,Doctor Consultation,2026-09-17 05:07:00
P0433,Discharge,2026-09-17 05:35:00
P0434,Registration,2026-09-17 03:25:00
P0434,Triage,2026-09-17 04:07:00
P0434,X-Ray,2026-09-17 04:35:00
P0434,Triage,2026-09-17 05:26:00
P0434,X-Ray,2026-09-17 06:01:00
P0434,Doctor Consultation,2026-09-17 07:05:00
P0434,Discharge,2026-09-17 08:00:00
P0435,Registration,2026-09-17 03:28:00
P0435,Triage,2026-09-17 04:06:00
P0435,X-Ray,2026-09-17 04:53:00
P0435,Doctor Consultation,2026-09-17 05:19:00
P0435,Discharge,2026-09-17 06:14:00
P0436,Registration,2026-09-17 03:38:00
P0436,Triage,2026-09-17 04:20:00
P0436,X-Ray,2026-09-17 05:07:00
P0436,Triage,2026-09-17 05:47:00
P0436,X-Ray,2026-09-17 06:25:00
P0436,Doctor Consultation,2026-09-17 07:11:00
P0436,Discharge,2026-09-17 07:59:00
P0437,Registration,2026-09-17 03:48:00
P0437,Triage,2026-09-17 04:20:00
P0437,X-Ray,2026-09-17 05:05:00
P0437,Triage,2026-09-17 05:26:00
P0437,X-Ray,2026-09-17 05:54:00
P0437,Doctor Consultation,2026-09-17 06:19:00
P0437,Discharge,2026-09-17 06:57:00
P0438,Registration,2026-09-17 03:54:00
P0438,Triage,2026-09-17 04:22:00
P0438,X-Ray,2026-09-17 04:49:00
P0438,Doctor Consultation,2026-09-17 05:44:00
P0438,Discharge,2026-09-17 06:09:00
P0439,Registration,2026-09-17 04:03:00
P0439,Triage,2026-09-17 04:27:00
P0439,X-Ray,2026-09-17 05:19:00
P0439,Doctor Consultation,2026-09-17 05:51:00
P0439,Discharge,2026-09-17 06:33:00
P0440,Registration,2026-09-17 04:11:00
P0440,Triage,2026-09-17 04:23:00
P0440,X-Ray,2026-09-17 05:08:00
P0440,Doctor Consultation,2026-09-17 05:56:00
P0440,Discharge,2026-09-17 06:52:00
P0441,Registration,2026-09-17 04:13:00
P0441,Triage,2026-09-17 04:28:00
P0441,X-Ray,2026-09-17 04:59:00
P0441,Doctor Consultation,2026-09-17 05:46:00
P0441,Discharge,2026-09-17 06:21:00
P0442,Registration,2026-09-17 04:15:00
P0442,Triage,2026-09-17 04:28:00
P0442,X-Ray,2026-09-17 05:15:00
P0442,Doctor Consultation,2026-09-17 05:50:00
P0442,Discharge,2026-09-17 06:29:00
P0443,Registration,2026-09-17 04:19:00
P0443,Triage,2026-09-17 04:57:00
P0443,X-Ray,2026-09-17 05:52:00
P0443,Triage,2026-09-17 06:20:00
P0443,X-Ray,2026-09-17 07:00:00
P0443,Doctor Consultation,2026-09-17 07:44:00
P0443,Discharge,2026-09-17 08:11:00
P0444,Registration,2026-09-17 04:22:00
P0444,Triage,2026-09-17 05:04:00
P0444,X-Ray,2026-09-17 05:36:00
P0444,Doctor Consultation,2026-09-17 06:17:00
P0444,Discharge,2026-09-17 06:53:00
P0445,Registration,2026-09-17 04:31:00
P0445,Triage,2026-09-17 05:06:00
P0445,X-Ray,2026-09-17 06:02:00
P0445,Doctor Consultation,2026-09-17 06:55:00
P0445,Discharge,2026-09-17 07:32:00
P0446,Registration,2026-09-17 04:37:00
P0446,Triage,2026-09-17 05:22:00
P0446,X-Ray,2026-09-17 05:40:00
P0446,Doctor Consultation,2026-09-17 06:31:00
P0446,Discharge,2026-09-17 07:22:00
P0447,Registration,2026-09-17 04:42:00
P0447,Triage,2026-09-17 05:08:00
P0447,X-Ray,2026-09-17 05:42:00
P0447,Triage,2026-09-17 06:34:00
P0447,X-Ray,2026-09-17 07:02:00
P0447,Doctor Consultation,2026-09-17 07:26:00
P0447,Discharge,2026-09-17 08:00:00
P0448,Registration,2026-09-17 04:46:00
P0448,Triage,2026-09-17 05:00:00
P0448,X-Ray,2026-09-17 05:25:00
P0448,Doctor Consultation,2026-09-17 05:58:00
P0448,Discharge,2026-09-17 06:22:00
P0449,Registration,2026-09-17 04:49:00
P0449,Triage,2026-09-17 05:00:00
P0449,X-Ray,2026-09-17 05:28:00
P0449,Triage,2026-09-17 06:04:00
P0449,X-Ray,2026-09-17 06:51:00
P0449,Doctor Consultation,2026-09-17 07:30:00
P0449,Discharge,2026-09-17 08:39:00
P0450,Registration,2026-09-17 04:51:00
P0450,Triage,2026-09-17 05:14:00
P0450,X-Ray,2026-09-17 05:29:00
P0450,Doctor Consultation,2026-09-17 06:00:00
P0450,Discharge,2026-09-17 06:26:00
P0451,Registration,2026-09-17 04:53:00
P0451,Triage,2026-09-17 05:25:00
P0451,X-Ray,2026-09-17 05:37:00
P0451,Triage,2026-09-17 06:20:00
P0451,X-Ray,2026-09-17 06:57:00
P0451,Doctor Consultation,2026-09-17 07:26:00
P0451,Discharge,2026-09-17 08:22:00
P0452,Registration,2026-09-17 04:57:00
P0452,Triage,2026-09-17 05:42:00
P0452,X-Ray,2026-09-17 05:54:00
P0452,Triage,2026-09-17 06:45:00
P0452,X-Ray,2026-09-17 07:20:00
P0452,Doctor Consultation,2026-09-17 08:07:00
P0452,Discharge,2026-09-17 08:28:00
P0453,Registration,2026-09-17 05:04:00
P0453,Triage,2026-09-17 05:28:00
P0453,X-Ray,2026-09-17 06:03:00
P0453,Doctor Consultation,2026-09-17 06:58:00
P0453,Discharge,2026-09-17 07:45:00
P0454,Registration,2026-09-17 05:14:00
P0454,Triage,2026-09-17 05:31:00
P0454,X-Ray,2026-09-17 06:11:00
P0454,Doctor Consultation,2026-09-17 06:44:00
P0454,Discharge,2026-09-17 07:25:00
P0455,Registration,2026-09-17 05:22:00
P0455,Triage,2026-09-17 05:57:00
P0455,X-Ray,2026-09-17 06:49:00
P0455,Triage,2026-09-17 07:37:00
P0455,X-Ray,2026-09-17 08:03:00
P0455,Doctor Consultation,2026-09-17 08:29:00
P0455,Discharge,2026-09-17 08:58:00
P0456,Registration,2026-09-17 05:32:00
P0456,Triage,2026-09-17 05:51:00
P0456,X-Ray,2026-09-17 06:47:00
P0456,Doctor Consultation,2026-09-17 07:24:00
P0456,Discharge,2026-09-17 08:16:00
P0457,Registration,2026-09-17 05:36:00
P0457,Triage,2026-09-17 05:45:00
P0457,X-Ray,2026-09-17 06:26:00
P0457,Triage,2026-09-17 07:06:00
P0457,X-Ray,2026-09-17 08:03:00
P0457,Doctor Consultation,2026-09-17 08:31:00
P0457,Discharge,2026-09-17 08:58:00
P0458,Registration,2026-09-17 05:40:00
P0458,Triage,2026-09-17 06:27:00
P0458,X-Ray,2026-09-17 07:25:00
P0458,Triage,2026-09-17 08:21:00
P0458,X-Ray,2026-09-17 08:48:00
P0458,Doctor Consultation,2026-09-17 09:14:00
P0458,Discharge,2026-09-17 09:45:00
P0459,Registration,2026-09-17 05:44:00
P0459,Triage,2026-09-17 06:17:00
P0459,X-Ray,2026-09-17 06:53:00
P0459,Doctor Consultation,2026-09-17 07:45:00
P0459,Discharge,2026-09-17 08:14:00
P0460,Registration,2026-09-17 05:49:00
P0460,Triage,2026-09-17 06:13:00
P0460,X-Ray,2026-09-17 06:43:00
P0460,Triage,2026-09-17 07:20:00
P0460,X-Ray,2026-09-17 07:37:00
P0460,Doctor Consultation,2026-09-17 08:22:00
P0460,Discharge,2026-09-17 09:12:00
P0461,Registration,2026-09-17 05:54:00
P0461,Triage,2026-09-17 06:39:00
P0461,X-Ray,2026-09-17 07:15:00
P0461,Doctor Consultation,2026-09-17 08:15:00
P0461,Discharge,2026-09-17 09:04:00
P0462,Registration,2026-09-17 06:03:00
P0462,Triage,2026-09-17 06:25:00
P0462,X-Ray,2026-09-17 07:17:00
P0462,Doctor Consultation,2026-09-17 07:40:00
P0462,Discharge,2026-09-17 08:40:00
P0463,Registration,2026-09-17 06:08:00
P0463,Triage,2026-09-17 06:37:00
P0463,X-Ray,2026-09-17 07:20:00
P0463,Triage,2026-09-17 08:04:00
P0463,X-Ray,2026-09-17 08:57:00
P0463,Doctor Consultation,2026-09-17 09:45:00
P0463,Discharge,2026-09-17 10:33:00
P0464,Registration,2026-09-17 06:11:00
P0464,Triage,2026-09-17 06:29:00
P0464,X-Ray,2026-09-17 07:22:00
P0464,Doctor Consultation,2026-09-17 08:04:00
P0464,Discharge,2026-09-17 08:52:00
P0465,Registration,2026-09-17 06:13:00
P0465,Triage,2026-09-17 06:50:00
P0465,X-Ray,2026-09-17 07:17:00
P0465,Triage,2026-09-17 07:47:00
P0465,X-Ray,2026-09-17 08:03:00
P0465,Doctor Consultation,2026-09-17 08:47:00
P0465,Discharge,2026-09-17 09:18:00
P0466,Registration,2026-09-17 06:23:00
P0466,Triage,2026-09-17 06:55:00
P0466,X-Ray,2026-09-17 07:37:00
P0466,Doctor Consultation,2026-09-17 08:02:00
P0466,Discharge,2026-09-17 09:03:00
P0467,Registration,2026-09-17 06:27:00
P0467,Triage,2026-09-17 06:38:00
P0467,X-Ray,2026-09-17 07:13:00
P0467,Doctor Consultation,2026-09-17 08:00:00
P0467,Discharge,2026-09-17 09:04:00
P0468,Registration,2026-09-17 06:30:00
P0468,Triage,2026-09-17 06:38:00
P0468,X-Ray,2026-09-17 07:13:00
P0468,Doctor Consultation,2026-09-17 07:57:00
P0468,Discharge,2026-09-17 08:58:00
P0469,Registration,2026-09-17 06:39:00
P0469,Triage,2026-09-17 07:18:00
P0469,X-Ray,2026-09-17 08:02:00
P0469,Triage,2026-09-17 08:56:00
P0469,X-Ray,2026-09-17 09:15:00
P0469,Doctor Consultation,2026-09-17 10:08:00
P0469,Discharge,2026-09-17 11:10:00
P0470,Registration,2026-09-17 06:41:00
P0470,Triage,2026-09-17 07:10:00
P0470,X-Ray,2026-09-17 07:29:00
P0470,Triage,2026-09-17 08:20:00
P0470,X-Ray,2026-09-17 08:58:00
P0470,Doctor Consultation,2026-09-17 09:23:00
P0470,Discharge,2026-09-17 09:45:00
P0471,Registration,2026-09-17 06:45:00
P0471,Triage,2026-09-17 07:33:00
P0471,X-Ray,2026-09-17 08:31:00
P0471,Triage,2026-09-17 09:30:00
P0471,X-Ray,2026-09-17 10:11:00
P0471,Doctor Consultation,2026-09-17 10:58:00
P0471,Discharge,2026-09-17 11:19:00
P0472,Registration,2026-09-17 06:52:00
P0472,Triage,2026-09-17 07:06:00
P0472,X-Ray,2026-09-17 07:57:00
P0472,Doctor Consultation,2026-09-17 08:31:00
P0472,Discharge,2026-09-17 09:09:00
P0473,Registration,2026-09-17 06:58:00
P0473,Triage,2026-09-17 07:41:00
P0473,X-Ray,2026-09-17 08:07:00
P0473,Triage,2026-09-17 08:34:00
P0473,X-Ray,2026-09-17 09:21:00
P0473,Doctor Consultation,2026-09-17 10:19:00
P0473,Discharge,2026-09-17 11:06:00
P0474,Registration,2026-09-17 07:06:00
P0474,Triage,2026-09-17 07:31:00
P0474,X-Ray,2026-09-17 08:25:00
P0474,Doctor Consultation,2026-09-17 09:11:00
P0474,Discharge,2026-09-17 10:09:00
P0475,Registration,2026-09-17 07:16:00
P0475,Triage,2026-09-17 07:57:00
P0475,X-Ray,2026-09-17 08:48:00
P0475,Doctor Consultation,2026-09-17 09:24:00
P0475,Discharge,2026-09-17 09:45:00
P0476,Registration,2026-09-17 07:18:00
P0476,Triage,2026-09-17 07:38:00
P0476,X-Ray,2026-09-17 08:23:00
P0476,Doctor Consultation,2026-09-17 08:46:00
P0476,Discharge,2026-09-17 09:33:00
P0477,Registration,2026-09-17 07:20:00
P0477,Triage,2026-09-17 07:45:00
P0477,X-Ray,2026-09-17 08:15:00
P0477,Doctor Consultation,2026-09-17 09:06:00
P0477,Discharge,2026-09-17 09:31:00
P0478,Registration,2026-09-17 07:27:00
P0478,Triage,2026-09-17 07:45:00
P0478,X-Ray,2026-09-17 08:19:00
P0478,Triage,2026-09-17 09:09:00
P0478,X-Ray,2026-09-17 09:28:00
P0478,Doctor Consultation,2026-09-17 10:01:00
P0478,Discharge,2026-09-17 10:40:00
P0479,Registration,2026-09-17 07:37:00
P0479,Triage,2026-09-17 08:13:00
P0479,X-Ray,2026-09-17 08:56:00
P0479,Doctor Consultation,2026-09-17 09:51:00
P0479,Discharge,2026-09-17 10:51:00
P0480,Registration,2026-09-17 07:42:00
P0480,Triage,2026-09-17 08:13:00
P0480,X-Ray,2026-09-17 08:33:00
P0480,Doctor Consultation,2026-09-17 08:53:00
P0480,Discharge,2026-09-17 09:42:00
P0481,Registration,2026-09-17 07:50:00
P0481,Triage,2026-09-17 08:16:00
P0481,X-Ray,2026-09-17 08:33:00
P0481,Triage,2026-09-17 09:18:00
P0481,X-Ray,2026-09-17 10:00:00
P0481,Doctor Consultation,2026-09-17 10:41:00
P0481,Discharge,2026-09-17 11:29:00
P0482,Registration,2026-09-17 08:00:00
P0482,Triage,2026-09-17 08:30:00
P0482,X-Ray,2026-09-17 08:52:00
P0482,Triage,2026-09-17 09:36:00
P0482,X-Ray,2026-09-17 09:55:00
P0482,Doctor Consultation,2026-09-17 10:49:00
P0482,Discharge,2026-09-17 11:20:00
P0483,Registration,2026-09-17 08:09:00
P0483,Triage,2026-09-17 08:38:00
P0483,X-Ray,2026-09-17 08:56:00
P0483,Doctor Consultation,2026-09-17 09:27:00
P0483,Discharge,2026-09-17 09:50:00
P0484,Registration,2026-09-17 08:17:00
P0484,Triage,2026-09-17 08:24:00
P0484,X-Ray,2026-09-17 08:40:00
P0484,Doctor Consultation,2026-09-17 09:43:00
P0484,Discharge,2026-09-17 10:21:00
P0485,Registration,2026-09-17 08:19:00
P0485,Triage,2026-09-17 08:29:00
P0485,X-Ray,2026-09-17 09:07:00
P0485,Triage,2026-09-17 09:45:00
P0485,X-Ray,2026-09-17 10:12:00
P0485,Doctor Consultation,2026-09-17 10:48:00
P0485,Discharge,2026-09-17 11:45:00
P0486,Registration,2026-09-17 08:28:00
P0486,Triage,2026-09-17 08:46:00
P0486,X-Ray,2026-09-17 09:15:00
P0486,Doctor Consultation,2026-09-17 09:31:00
P0486,Discharge,2026-09-17 10:02:00
P0487,Registration,2026-09-17 08:38:00
P0487,Triage,2026-09-17 09:04:00
P0487,X-Ray,2026-09-17 09:38:00
P0487,Triage,2026-09-17 09:59:00
P0487,X-Ray,2026-09-17 10:52:00
P0487,Doctor Consultation,2026-09-17 11:46:00
P0487,Discharge,2026-09-17 12:18:00
P0488,Registration,2026-09-17 08:40:00
P0488,Triage,2026-09-17 08:53:00
P0488,X-Ray,2026-09-17 09:12:00
P0488,Doctor Consultation,2026-09-17 09:55:00
P0488,Discharge,2026-09-17 10:33:00
P0489,Registration,2026-09-17 08:47:00
P0489,Triage,2026-09-17 09:29:00
P0489,X-Ray,2026-09-17 10:09:00
P0489,Triage,2026-09-17 10:41:00
P0489,X-Ray,2026-09-17 11:21:00
P0489,Doctor Consultation,2026-09-17 12:06:00
P0489,Discharge,2026-09-17 12:59:00
P0490,Registration,2026-09-17 08:52:00
P0490,Triage,2026-09-17 09:39:00
P0490,X-Ray,2026-09-17 10:16:00
P0490,Doctor Consultation,2026-09-17 10:48:00
P0490,Discharge,2026-09-17 11:33:00
P0491,Registration,2026-09-17 09:01:00
P0491,Triage,2026-09-17 09:18:00
P0491,X-Ray,2026-09-17 10:03:00
P0491,Triage,2026-09-17 10:35:00
P0491,X-Ray,2026-09-17 11:11:00
P0491,Doctor Consultation,2026-09-17 12:11:00
P0491,Discharge,2026-09-17 13:02:00
P0492,Registration,2026-09-17 09:09:00
P0492,Triage,2026-09-17 09:36:00
P0492,X-Ray,2026-09-17 09:58:00
P0492,Doctor Consultation,2026-09-17 10:51:00
P0492,Discharge,2026-09-17 11:45:00
P0493,Registration,2026-09-17 09:14:00
P0493,Triage,2026-09-17 09:52:00
P0493,X-Ray,2026-09-17 10:12:00
P0493,Doctor Consultation,2026-09-17 10:45:00
P0493,Discharge,2026-09-17 11:40:00
P0494,Registration,2026-09-17 09:24:00
P0494,Triage,2026-09-17 09:36:00
P0494,X-Ray,2026-09-17 10:26:00
P0494,Doctor Consultation,2026-09-17 11:19:00
P0494,Discharge,2026-09-17 12:08:00
P0495,Registration,2026-09-17 09:33:00
P0495,Triage,2026-09-17 09:47:00
P0495,X-Ray,2026-09-17 10:12:00
P0495,Triage,2026-09-17 11:15:00
P0495,X-Ray,2026-09-17 11:51:00
P0495,Doctor Consultation,2026-09-17 12:16:00
P0495,Discharge,2026-09-17 12:46:00
P0496,Registration,2026-09-17 09:35:00
P0496,Triage,2026-09-17 10:11:00
P0496,X-Ray,2026-09-17 10:47:00
P0496,Doctor Consultation,2026-09-17 11:47:00
P0496,Discharge,2026-09-17 12:28:00
P0497,Registration,2026-09-17 09:42:00
P0497,Triage,2026-09-17 10:18:00
P0497,X-Ray,2026-09-17 10:38:00
P0497,Triage,2026-09-17 11:02:00
P0497,X-Ray,2026-09-17 11:53:00
P0497,Doctor Consultation,2026-09-17 12:22:00
P0497,Discharge,2026-09-17 12:49:00
P0498,Registration,2026-09-17 09:52:00
P0498,Triage,2026-09-17 10:34:00
P0498,X-Ray,2026-09-17 10:56:00
P0498,Doctor Consultation,2026-09-17 11:16:00
P0498,Discharge,2026-09-17 12:05:00
P0499,Registration,2026-09-17 09:59:00
P0499,Triage,2026-09-17 10:33:00
P0499,X-Ray,2026-09-17 11:23:00
P0499,Doctor Consultation,2026-09-17 11:52:00
P0499,Discharge,2026-09-17 12:30:00
P0500,Registration,2026-09-17 10:09:00
P0500,Triage,2026-09-17 10:44:00
P0500,X-Ray,2026-09-17 11:14:00
P0500,Doctor Consultation,2026-09-17 11:47:00
P0500,Discharge,2026-09-17 12:06:00
P0501,Registration,2026-09-17 10:11:00
P0501,Triage,2026-09-17 10:48:00
P0501,X-Ray,2026-09-17 11:05:00
P0501,Triage,2026-09-17 11:48:00
P0501,X-Ray,2026-09-17 12:43:00
P0501,Doctor Consultation,2026-09-17 13:43:00
P0501,Discharge,2026-09-17 14:32:00
P0502,Registration,2026-09-17 10:21:00
P0502,Triage,2026-09-17 10:53:00
P0502,X-Ray,2026-09-17 11:17:00
P0502,Doctor Consultation,2026-09-17 12:16:00
P0502,Discharge,2026-09-17 13:07:00
P0503,Registration,2026-09-17 10:26:00
P0503,Triage,2026-09-17 11:01:00
P0503,X-Ray,2026-09-17 11:55:00
P0503,Doctor Consultation,2026-09-17 12:17:00
P0503,Discharge,2026-09-17 13:09:00
P0504,Registration,2026-09-17 10:33:00
P0504,Triage,2026-09-17 10:48:00
P0504,X-Ray,2026-09-17 11:33:00
P0504,Triage,2026-09-17 12:21:00
P0504,X-Ray,2026-09-17 12:44:00
P0504,Doctor Consultation,2026-09-17 13:46:00
P0504,Discharge,2026-09-17 14:18:00
P0505,Registration,2026-09-17 10:36:00
P0505,Triage,2026-09-17 11:24:00
P0505,X-Ray,2026-09-17 11:55:00
P0505,Doctor Consultation,2026-09-17 12:18:00
P0505,Discharge,2026-09-17 13:17:00
P0506,Registration,2026-09-17 10:43:00
P0506,Triage,2026-09-17 11:10:00
P0506,X-Ray,2026-09-17 11:24:00
P0506,Doctor Consultation,2026-09-17 12:07:00
P0506,Discharge,2026-09-17 12:33:00
P0507,Registration,2026-09-17 10:47:00
P0507,Triage,2026-09-17 11:35:00
P0507,X-Ray,2026-09-17 12:03:00
P0507,Doctor Consultation,2026-09-17 12:30:00
P0507,Discharge,2026-09-17 13:21:00
P0508,Registration,2026-09-17 10:53:00
P0508,Triage,2026-09-17 11:19:00
P0508,X-Ray,2026-09-17 11:33:00
P0508,Triage,2026-09-17 12:27:00
P0508,X-Ray,2026-09-17 13:16:00
P0508,Doctor Consultation,2026-09-17 14:01:00
P0508,Discharge,2026-09-17 14:38:00
P0509,Registration,2026-09-17 10:58:00
P0509,Triage,2026-09-17 11:26:00
P0509,X-Ray,2026-09-17 11:46:00
P0509,Doctor Consultation,2026-09-17 12:19:00
P0509,Discharge,2026-09-17 13:15:00
P0510,Registration,2026-09-17 11:03:00
P0510,Triage,2026-09-17 11:24:00
P0510,X-Ray,2026-09-17 12:05:00
P0510,Doctor Consultation,2026-09-17 12:36:00
P0510,Discharge,2026-09-17 12:57:00
P0511,Registration,2026-09-17 11:12:00
P0511,Triage,2026-09-17 11:51:00
P0511,X-Ray,2026-09-17 12:23:00
P0511,Doctor Consultation,2026-09-17 13:08:00
P0511,Discharge,2026-09-17 13:54:00
P0512,Registration,2026-09-17 11:22:00
P0512,Triage,2026-09-17 11:47:00
P0512,X-Ray,2026-09-17 12:28:00
P0512,Doctor Consultation,2026-09-17 13:13:00
P0512,Discharge,2026-09-17 13:35:00
P0513,Registration,2026-09-17 11:30:00
P0513,Triage,2026-09-17 12:00:00
P0513,X-Ray,2026-09-17 12:31:00
P0513,Doctor Consultation,2026-09-17 13:03:00
P0513,Discharge,2026-09-17 13:59:00
P0514,Registration,2026-09-17 11:35:00
P0514,Triage,2026-09-17 12:03:00
P0514,X-Ray,2026-09-17 12:21:00
P0514,Doctor Consultation,2026-09-17 12:46:00
P0514,Discharge,2026-09-17 13:03:00
P0515,Registration,2026-09-17 11:38:00
P0515,Triage,2026-09-17 12:10:00
P0515,X-Ray,2026-09-17 12:41:00
P0515,Doctor Consultation,2026-09-17 13:12:00
P0515,Discharge,2026-09-17 13:29:00
P0516,Registration,2026-09-17 11:40:00
P0516,Triage,2026-09-17 12:26:00
P0516,X-Ray,2026-09-17 12:53:00
P0516,Doctor Consultation,2026-09-17 13:14:00
P0516,Discharge,2026-09-17 13:57:00
P0517,Registration,2026-09-17 11:43:00
P0517,Triage,2026-09-17 12:10:00
P0517,X-Ray,2026-09-17 12:31:00
P0517,Doctor Consultation,2026-09-17 13:25:00
P0517,Discharge,2026-09-17 14:15:00
P0518,Registration,2026-09-17 11:49:00
P0518,Triage,2026-09-17 12:13:00
P0518,X-Ray,2026-09-17 12:47:00
P0518,Triage,2026-09-17 13:29:00
P0518,X-Ray,2026-09-17 13:55:00
P0518,Doctor Consultation,2026-09-17 14:25:00
P0518,Discharge,2026-09-17 14:58:00
P0519,Registration,2026-09-17 11:54:00
P0519,Triage,2026-09-17 12:33:00
P0519,X-Ray,2026-09-17 12:53:00
P0519,Doctor Consultation,2026-09-17 13:43:00
P0519,Discharge,2026-09-17 14:43:00
P0520,Registration,2026-09-17 12:03:00
P0520,Triage,2026-09-17 12:12:00
P0520,X-Ray,2026-09-17 12:27:00
P0520,Doctor Consultation,2026-09-17 13:07:00
P0520,Discharge,2026-09-17 13:37:00
P0521,Registration,2026-09-17 12:07:00
P0521,Triage,2026-09-17 12:16:00
P0521,X-Ray,2026-09-17 13:00:00
P0521,Doctor Consultation,2026-09-17 13:28:00
P0521,Discharge,2026-09-17 14:18:00
P0522,Registration,2026-09-17 12:17:00
P0522,Triage,2026-09-17 12:57:00
P0522,X-Ray,2026-09-17 13:38:00
P0522,Doctor Consultation,2026-09-17 14:28:00
P0522,Discharge,2026-09-17 14:50:00
P0523,Registration,2026-09-17 12:26:00
P0523,Triage,2026-09-17 12:56:00
P0523,X-Ray,2026-09-17 13:35:00
P0523,Triage,2026-09-17 13:59:00
P0523,X-Ray,2026-09-17 14:24:00
P0523,Doctor Consultation,2026-09-17 15:18:00
P0523,Discharge,2026-09-17 15:48:00
P0524,Registration,2026-09-17 12:32:00
P0524,Triage,2026-09-17 13:15:00
P0524,X-Ray,2026-09-17 13:49:00
P0524,Doctor Consultation,2026-09-17 14:26:00
P0524,Discharge,2026-09-17 15:14:00
P0525,Registration,2026-09-17 12:39:00
P0525,Triage,2026-09-17 13:01:00
P0525,X-Ray,2026-09-17 13:15:00
P0525,Doctor Consultation,2026-09-17 13:34:00
P0525,Discharge,2026-09-17 14:27:00
P0526,Registration,2026-09-17 12:42:00
P0526,Triage,2026-09-17 13:22:00
P0526,X-Ray,2026-09-17 14:08:00
P0526,Doctor Consultation,2026-09-17 14:25:00
P0526,Discharge,2026-09-17 14:53:00
P0527,Registration,2026-09-17 12:44:00
P0527,Triage,2026-09-17 13:25:00
P0527,X-Ray,2026-09-17 14:16:00
P0527,Doctor Consultation,2026-09-17 15:10:00
P0527,Discharge,2026-09-17 15:36:00
P0528,Registration,2026-09-17 12:48:00
P0528,Triage,2026-09-17 13:25:00
P0528,X-Ray,2026-09-17 13:46:00
P0528,Doctor Consultation,2026-09-17 14:12:00
P0528,Discharge,2026-09-17 14:38:00
P0529,Registration,2026-09-17 12:54:00
P0529,Triage,2026-09-17 13:30:00
P0529,X-Ray,2026-09-17 13:59:00
P0529,Doctor Consultation,2026-09-17 14:27:00
P0529,Discharge,2026-09-17 14:52:00
P0530,Registration,2026-09-17 12:59:00
P0530,Triage,2026-09-17 13:34:00
P0530,X-Ray,2026-09-17 14:14:00
P0530,Triage,2026-09-17 14:41:00
P0530,X-Ray,2026-09-17 15:37:00
P0530,Doctor Consultation,2026-09-17 16:08:00
P0530,Discharge,2026-09-17 16:46:00
P0531,Registration,2026-09-17 13:03:00
P0531,Triage,2026-09-17 13:27:00
P0531,X-Ray,2026-09-17 14:05:00
P0531,Triage,2026-09-17 14:45:00
P0531,X-Ray,2026-09-17 15:13:00
P0531,Doctor Consultation,2026-09-17 15:50:00
P0531,Discharge,2026-09-17 16:14:00
P0532,Registration,2026-09-17 13:11:00
P0532,Triage,2026-09-17 13:49:00
P0532,X-Ray,2026-09-17 14:00:00
P0532,Doctor Consultation,2026-09-17 14:26:00
P0532,Discharge,2026-09-17 15:20:00
P0533,Registration,2026-09-17 13:19:00
P0533,Triage,2026-09-17 13:37:00
P0533,X-Ray,2026-09-17 13:59:00
P0533,Doctor Consultation,2026-09-17 14:41:00
P0533,Discharge,2026-09-17 15:36:00
P0534,Registration,2026-09-17 13:23:00
P0534,Triage,2026-09-17 14:08:00
P0534,X-Ray,2026-09-17 14:51:00
P0534,Doctor Consultation,2026-09-17 15:20:00
P0534,Discharge,2026-09-17 16:06:00
P0535,Registration,2026-09-17 13:25:00
P0535,Triage,2026-09-17 13:40:00
P0535,X-Ray,2026-09-17 14:04:00
P0535,Doctor Consultation,2026-09-17 14:51:00
P0535,Discharge,2026-09-17 15:42:00
P0536,Registration,2026-09-17 13:31:00
P0536,Triage,2026-09-17 13:47:00
P0536,X-Ray,2026-09-17 14:37:00
P0536,Triage,2026-09-17 15:10:00
P0536,X-Ray,2026-09-17 15:24:00
P0536,Doctor Consultation,2026-09-17 16:02:00
P0536,Discharge,2026-09-17 16:39:00
P0537,Registration,2026-09-17 13:37:00
P0537,Triage,2026-09-17 13:49:00
P0537,X-Ray,2026-09-17 14:03:00
P0537,Triage,2026-09-17 14:37:00
P0537,X-Ray,2026-09-17 14:50:00
P0537,Doctor Consultation,2026-09-17 15:44:00
P0537,Discharge,2026-09-17 16:06:00
P0538,Registration,2026-09-17 13:46:00
P0538,Triage,2026-09-17 14:21:00
P0538,X-Ray,2026-09-17 14:54:00
P0538,Doctor Consultation,2026-09-17 15:19:00
P0538,Discharge,2026-09-17 15:58:00
P0539,Registration,2026-09-17 13:51:00
P0539,Triage,2026-09-17 14:23:00
P0539,X-Ray,2026-09-17 14:40:00
P0539,Doctor Consultation,2026-09-17 15:39:00
P0539,Discharge,2026-09-17 16:12:00
P0540,Registration,2026-09-17 13:55:00
P0540,Triage,2026-09-17 14:16:00
P0540,X-Ray,2026-09-17 14:55:00
P0540,Triage,2026-09-17 15:41:00
P0540,X-Ray,2026-09-17 16:34:00
P0540,Doctor Consultation,2026-09-17 17:11:00
P0540,Discharge,2026-09-17 17:53:00
P0541,Registration,2026-09-17 13:57:00
P0541,Triage,2026-09-17 14:21:00
P0541,X-Ray,2026-09-17 14:40:00
P0541,Doctor Consultation,2026-09-17 15:31:00
P0541,Discharge,2026-09-17 16:09:00
P0542,Registration,2026-09-17 14:02:00
P0542,Triage,2026-09-17 14:50:00
P0542,X-Ray,2026-09-17 15:19:00
P0542,Doctor Consultation,2026-09-17 16:18:00
P0542,Discharge,2026-09-17 16:45:00
P0543,Registration,2026-09-17 14:12:00
P0543,Triage,2026-09-17 14:57:00
P0543,X-Ray,2026-09-17 15:43:00
P0543,Doctor Consultation,2026-09-17 16:02:00
P0543,Discharge,2026-09-17 16:45:00
P0544,Registration,2026-09-17 14:19:00
P0544,Triage,2026-09-17 15:04:00
P0544,X-Ray,2026-09-17 15:52:00
P0544,Doctor Consultation,2026-09-17 16:33:00
P0544,Discharge,2026-09-17 16:51:00
P0545,Registration,2026-09-17 14:29:00
P0545,Triage,2026-09-17 15:09:00
P0545,X-Ray,2026-09-17 15:48:00
P0545,Triage,2026-09-17 16:25:00
P0545,X-Ray,2026-09-17 17:11:00
P0545,Doctor Consultation,2026-09-17 17:52:00
P0545,Discharge,2026-09-17 18:21:00
P0546,Registration,2026-09-17 14:35:00
P0546,Triage,2026-09-17 14:43:00
P0546,X-Ray,2026-09-17 15:19:00
P0546,Triage,2026-09-17 16:05:00
P0546,X-Ray,2026-09-17 17:01:00
P0546,Doctor Consultation,2026-09-17 17:45:00
P0546,Discharge,2026-09-17 18:22:00
P0547,Registration,2026-09-17 14:39:00
P0547,Triage,2026-09-17 15:28:00
P0547,X-Ray,2026-09-17 16:25:00
P0547,Doctor Consultation,2026-09-17 17:20:00
P0547,Discharge,2026-09-17 18:01:00
P0548,Registration,2026-09-17 14:49:00
P0548,Triage,2026-09-17 15:16:00
P0548,X-Ray,2026-09-17 16:09:00
P0548,Triage,2026-09-17 16:46:00
P0548,X-Ray,2026-09-17 17:11:00
P0548,Doctor Consultation,2026-09-17 17:56:00
P0548,Discharge,2026-09-17 18:44:00
P0549,Registration,2026-09-17 14:51:00
P0549,Triage,2026-09-17 15:29:00
P0549,X-Ray,2026-09-17 15:50:00
P0549,Triage,2026-09-17 16:33:00
P0549,X-Ray,2026-09-17 17:20:00
P0549,Doctor Consultation,2026-09-17 18:11:00
P0549,Discharge,2026-09-17 18:40:00
P0550,Registration,2026-09-17 14:56:00
P0550,Triage,2026-09-17 15:43:00
P0550,X-Ray,2026-09-17 16:10:00
P0550,Doctor Consultation,2026-09-17 16:52:00
P0550,Discharge,2026-09-17 17:47:00
P0551,Registration,2026-09-17 15:02:00
P0551,Triage,2026-09-17 15:33:00
P0551,X-Ray,2026-09-17 16:21:00
P0551,Triage,2026-09-17 17:17:00
P0551,X-Ray,2026-09-17 17:58:00
P0551,Doctor Consultation,2026-09-17 18:55:00
P0551,Discharge,2026-09-17 19:47:00
P0552,Registration,2026-09-17 15:05:00
P0552,Triage,2026-09-17 15:20:00
P0552,X-Ray,2026-09-17 15:56:00
P0552,Triage,2026-09-17 16:31:00
P0552,X-Ray,2026-09-17 16:48:00
P0552,Doctor Consultation,2026-09-17 17:22:00
P0552,Discharge,2026-09-17 17:49:00
P0553,Registration,2026-09-17 15:09:00
P0553,Triage,2026-09-17 15:34:00
P0553,X-Ray,2026-09-17 16:24:00
P0553,Doctor Consultation,2026-09-17 17:11:00
P0553,Discharge,2026-09-17 18:03:00
P0554,Registration,2026-09-17 15:11:00
P0554,Triage,2026-09-17 15:19:00
P0554,X-Ray,2026-09-17 16:05:00
P0554,Triage,2026-09-17 16:51:00
P0554,X-Ray,2026-09-17 17:44:00
P0554,Doctor Consultation,2026-09-17 18:24:00
P0554,Discharge,2026-09-17 19:31:00
P0555,Registration,2026-09-17 15:20:00
P0555,Triage,2026-09-17 15:47:00
P0555,X-Ray,2026-09-17 16:15:00
P0555,Triage,2026-09-17 17:03:00
P0555,X-Ray,2026-09-17 17:36:00
P0555,Doctor Consultation,2026-09-17 18:00:00
P0555,Discharge,2026-09-17 18:44:00
P0556,Registration,2026-09-17 15:24:00
P0556,Triage,2026-09-17 16:06:00
P0556,X-Ray,2026-09-17 16:31:00
P0556,Doctor Consultation,2026-09-17 16:57:00
P0556,Discharge,2026-09-17 17:32:00
P0557,Registration,2026-09-17 15:26:00
P0557,Triage,2026-09-17 16:02:00
P0557,X-Ray,2026-09-17 16:39:00
P0557,Doctor Consultation,2026-09-17 17:09:00
P0557,Discharge,2026-09-17 17:45:00
P0558,Registration,2026-09-17 15:30:00
P0558,Triage,2026-09-17 16:12:00
P0558,X-Ray,2026-09-17 16:33:00
P0558,Doctor Consultation,2026-09-17 17:13:00
P0558,Discharge,2026-09-17 17:52:00
P0559,Registration,2026-09-17 15:37:00
P0559,Triage,2026-09-17 16:04:00
P0559,X-Ray,2026-09-17 16:39:00
P0559,Triage,2026-09-17 17:12:00
P0559,X-Ray,2026-09-17 17:59:00
P0559,Doctor Consultation,2026-09-17 18:26:00
P0559,Discharge,2026-09-17 18:58:00
P0560,Registration,2026-09-17 15:47:00
P0560,Triage,2026-09-17 16:19:00
P0560,X-Ray,2026-09-17 16:52:00
P0560,Triage,2026-09-17 17:36:00
P0560,X-Ray,2026-09-17 18:07:00
P0560,Doctor Consultation,2026-09-17 19:00:00
P0560,Discharge,2026-09-17 19:58:00
P0561,Registration,2026-09-17 15:53:00
P0561,Triage,2026-09-17 16:34:00
P0561,X-Ray,2026-09-17 16:56:00
P0561,Triage,2026-09-17 17:44:00
P0561,X-Ray,2026-09-17 18:28:00
P0561,Doctor Consultation,2026-09-17 19:26:00
P0561,Discharge,2026-09-17 20:05:00
P0562,Registration,2026-09-17 15:57:00
P0562,Triage,2026-09-17 16:30:00
P0562,X-Ray,2026-09-17 17:09:00
P0562,Doctor Consultation,2026-09-17 17:42:00
P0562,Discharge,2026-09-17 18:30:00
P0563,Registration,2026-09-17 16:06:00
P0563,Triage,2026-09-17 16:26:00
P0563,X-Ray,2026-09-17 17:09:00
P0563,Doctor Consultation,2026-09-17 17:49:00
P0563,Discharge,2026-09-17 18:36:00
P0564,Registration,2026-09-17 16:10:00
P0564,Triage,2026-09-17 16:26:00
P0564,X-Ray,2026-09-17 16:58:00
P0564,Doctor Consultation,2026-09-17 17:53:00
P0564,Discharge,2026-09-17 18:22:00
P0565,Registration,2026-09-17 16:13:00
P0565,Triage,2026-09-17 16:48:00
P0565,X-Ray,2026-09-17 17:35:00
P0565,Triage,2026-09-17 18:33:00
P0565,X-Ray,2026-09-17 18:57:00
P0565,Doctor Consultation,2026-09-17 19:38:00
P0565,Discharge,2026-09-17 20:37:00
P0566,Registration,2026-09-17 16:15:00
P0566,Triage,2026-09-17 17:01:00
P0566,X-Ray,2026-09-17 17:46:00
P0566,Doctor Consultation,2026-09-17 18:38:00
P0566,Discharge,2026-09-17 19:01:00
P0567,Registration,2026-09-17 16:19:00
P0567,Triage,2026-09-17 16:36:00
P0567,X-Ray,2026-09-17 17:14:00
P0567,Triage,2026-09-17 17:46:00
P0567,X-Ray,2026-09-17 18:18:00
P0567,Doctor Consultation,2026-09-17 18:40:00
P0567,Discharge,2026-09-17 19:34:00
P0568,Registration,2026-09-17 16:26:00
P0568,Triage,2026-09-17 16:52:00
P0568,X-Ray,2026-09-17 17:42:00
P0568,Doctor Consultation,2026-09-17 18:21:00
P0568,Discharge,2026-09-17 18:52:00
P0569,Registration,2026-09-17 16:28:00
P0569,Triage,2026-09-17 16:46:00
P0569,X-Ray,2026-09-17 17:11:00
P0569,Triage,2026-09-17 17:43:00
P0569,X-Ray,2026-09-17 18:24:00
P0569,Doctor Consultation,2026-09-17 19:11:00
P0569,Discharge,2026-09-17 19:45:00
P0570,Registration,2026-09-17 16:38:00
P0570,Triage,2026-09-17 17:17:00
P0570,X-Ray,2026-09-17 18:10:00
P0570,Doctor Consultation,2026-09-17 18:33:00
P0570,Discharge,2026-09-17 19:27:00
P0571,Registration,2026-09-17 16:45:00
P0571,Triage,2026-09-17 17:11:00
P0571,X-Ray,2026-09-17 17:54:00
P0571,Doctor Consultation,2026-09-17 18:44:00
P0571,Discharge,2026-09-17 19:19:00
P0572,Registration,2026-09-17 16:49:00
P0572,Triage,2026-09-17 17:29:00
P0572,X-Ray,2026-09-17 18:06:00
P0572,Doctor Consultation,2026-09-17 18:29:00
P0572,Discharge,2026-09-17 18:59:00
P0573,Registration,2026-09-17 16:54:00
P0573,Triage,2026-09-17 17:27:00
P0573,X-Ray,2026-09-17 17:48:00
P0573,Doctor Consultation,2026-09-17 18:12:00
P0573,Discharge,2026-09-17 18:57:00
P0574,Registration,2026-09-17 17:00:00
P0574,Triage,2026-09-17 17:36:00
P0574,X-Ray,2026-09-17 18:28:00
P0574,Doctor Consultation,2026-09-17 18:59:00
P0574,Discharge,2026-09-17 19:24:00
P0575,Registration,2026-09-17 17:05:00
P0575,Triage,2026-09-17 17:27:00
P0575,X-Ray,2026-09-17 17:49:00
P0575,Triage,2026-09-17 18:15:00
P0575,X-Ray,2026-09-17 18:53:00
P0575,Doctor Consultation,2026-09-17 19:13:00
P0575,Discharge,2026-09-17 19:58:00
P0576,Registration,2026-09-17 17:07:00
P0576,Triage,2026-09-17 17:46:00
P0576,X-Ray,2026-09-17 18:08:00
P0576,Triage,2026-09-17 18:37:00
P0576,X-Ray,2026-09-17 18:53:00
P0576,Doctor Consultation,2026-09-17 19:28:00
P0576,Discharge,2026-09-17 19:49:00
P0577,Registration,2026-09-17 17:12:00
P0577,Triage,2026-09-17 17:31:00
P0577,X-Ray,2026-09-17 18:13:00
P0577,Doctor Consultation,2026-09-17 18:33:00
P0577,Discharge,2026-09-17 19:09:00
P0578,Registration,2026-09-17 17:19:00
P0578,Triage,2026-09-17 17:59:00
P0578,X-Ray,2026-09-17 18:22:00
P0578,Triage,2026-09-17 19:15:00
P0578,X-Ray,2026-09-17 19:58:00
P0578,Doctor Consultation,2026-09-17 20:28:00
P0578,Discharge,2026-09-17 21:02:00
P0579,Registration,2026-09-17 17:22:00
P0579,Triage,2026-09-17 17:55:00
P0579,X-Ray,2026-09-17 18:25:00
P0579,Doctor Consultation,2026-09-17 18:53:00
P0579,Discharge,2026-09-17 19:35:00
P0580,Registration,2026-09-17 17:30:00
P0580,Triage,2026-09-17 18:04:00
P0580,X-Ray,2026-09-17 18:35:00
P0580,Triage,2026-09-17 19:20:00
P0580,X-Ray,2026-09-17 20:04:00
P0580,Doctor Consultation,2026-09-17 20:52:00
P0580,Discharge,2026-09-17 21:36:00
P0581,Registration,2026-09-17 17:33:00
P0581,Triage,2026-09-17 18:04:00
P0581,X-Ray,2026-09-17 18:47:00
P0581,Triage,2026-09-17 19:30:00
P0581,X-Ray,2026-09-17 20:18:00
P0581,Doctor Consultation,2026-09-17 21:11:00
P0581,Discharge,2026-09-17 21:57:00
P0582,Registration,2026-09-17 17:38:00
P0582,Triage,2026-09-17 18:11:00
P0582,X-Ray,2026-09-17 18:23:00
P0582,Doctor Consultation,2026-09-17 19:19:00
P0582,Discharge,2026-09-17 20:02:00
P0583,Registration,2026-09-17 17:48:00
P0583,Triage,2026-09-17 18:02:00
P0583,X-Ray,2026-09-17 18:39:00
P0583,Doctor Consultation,2026-09-17 19:37:00
P0583,Discharge,2026-09-17 20:05:00
P0584,Registration,2026-09-17 17:55:00
P0584,Triage,2026-09-17 18:16:00
P0584,X-Ray,2026-09-17 19:00:00
P0584,Doctor Consultation,2026-09-17 19:30:00
P0584,Discharge,2026-09-17 20:29:00
P0585,Registration,2026-09-17 18:01:00
P0585,Triage,2026-09-17 18:33:00
P0585,X-Ray,2026-09-17 19:28:00
P0585,Doctor Consultation,2026-09-17 20:20:00
P0585,Discharge,2026-09-17 20:52:00
P0586,Registration,2026-09-17 18:04:00
P0586,Triage,2026-09-17 18:45:00
P0586,X-Ray,2026-09-17 19:38:00
P0586,Triage,2026-09-17 19:56:00
P0586,X-Ray,2026-09-17 20:10:00
P0586,Doctor Consultation,2026-09-17 20:57:00
P0586,Discharge,2026-09-17 21:23:00
P0587,Registration,2026-09-17 18:11:00
P0587,Triage,2026-09-17 18:22:00
P0587,X-Ray,2026-09-17 19:15:00
P0587,Triage,2026-09-17 20:06:00
P0587,X-Ray,2026-09-17 20:37:00
P0587,Doctor Consultation,2026-09-17 21:33:00
P0587,Discharge,2026-09-17 22:35:00
P0588,Registration,2026-09-17 18:21:00
P0588,Triage,2026-09-17 18:30:00
P0588,X-Ray,2026-09-17 18:53:00
P0588,Triage,2026-09-17 19:42:00
P0588,X-Ray,2026-09-17 20:21:00
P0588,Doctor Consultation,2026-09-17 21:12:00
P0588,Discharge,2026-09-17 21:30:00
P0589,Registration,2026-09-17 18:31:00
P0589,Triage,2026-09-17 18:50:00
P0589,X-Ray,2026-09-17 19:34:00
P0589,Doctor Consultation,2026-09-17 20:10:00
P0589,Discharge,2026-09-17 21:08:00
P0590,Registration,2026-09-17 18:40:00
P0590,Triage,2026-09-17 19:20:00
P0590,X-Ray,2026-09-17 19:48:00
P0590,Doctor Consultation,2026-09-17 20:14:00
P0590,Discharge,2026-09-17 20:57:00
P0591,Registration,2026-09-17 18:48:00
P0591,Triage,2026-09-17 19:15:00
P0591,X-Ray,2026-09-17 19:33:00
P0591,Doctor Consultation,2026-09-17 20:25:00
P0591,Discharge,2026-09-17 20:49:00
P0592,Registration,2026-09-17 18:55:00
P0592,Triage,2026-09-17 19:42:00
P0592,X-Ray,2026-09-17 20:21:00
P0592,Doctor Consultation,2026-09-17 21:04:00
P0592,Discharge,2026-09-17 21:52:00
P0593,Registration,2026-09-17 19:02:00
P0593,Triage,2026-09-17 19:25:00
P0593,X-Ray,2026-09-17 19:57:00
P0593,Triage,2026-09-17 20:26:00
P0593,X-Ray,2026-09-17 20:56:00
P0593,Doctor Consultation,2026-09-17 21:33:00
P0593,Discharge,2026-09-17 21:54:00
P0594,Registration,2026-09-17 19:04:00
P0594,Triage,2026-09-17 19:50:00
P0594,X-Ray,2026-09-17 20:34:00
P0594,Doctor Consultation,2026-09-17 20:54:00
P0594,Discharge,2026-09-17 22:01:00
P0595,Registration,2026-09-17 19:11:00
P0595,Triage,2026-09-17 19:41:00
P0595,X-Ray,2026-09-17 20:06:00
P0595,Doctor Consultation,2026-09-17 20:34:00
P0595,Discharge,2026-09-17 21:16:00
P0596,Registration,2026-09-17 19:21:00
P0596,Triage,2026-09-17 19:40:00
P0596,X-Ray,2026-09-17 20:18:00
P0596,Doctor Consultation,2026-09-17 21:05:00
P0596,Discharge,2026-09-17 21:57:00
P0597,Registration,2026-09-17 19:31:00
P0597,Triage,2026-09-17 19:43:00
P0597,X-Ray,2026-09-17 20:33:00
P0597,Triage,2026-09-17 21:08:00
P0597,X-Ray,2026-09-17 21:32:00
P0597,Doctor Consultation,2026-09-17 22:02:00
P0597,Discharge,2026-09-17 22:44:00
P0598,Registration,2026-09-17 19:41:00
P0598,Triage,2026-09-17 20:11:00
P0598,X-Ray,2026-09-17 20:41:00
P0598,Doctor Consultation,2026-09-17 21:23:00
P0598,Discharge,2026-09-17 22:25:00
P0599,Registration,2026-09-17 19:46:00
P0599,Triage,2026-09-17 20:34:00
P0599,X-Ray,2026-09-17 21:21:00
P0599,Doctor Consultation,2026-09-17 22:21:00
P0599,Discharge,2026-09-17 22:42:00
P0600,Registration,2026-09-17 19:55:00
P0600,Triage,2026-09-17 20:22:00
P0600,X-Ray,2026-09-17 21:16:00
P0600,Triage,2026-09-17 22:07:00
P0600,X-Ray,2026-09-17 23:06:00
P0600,Doctor Consultation,2026-09-17 23:54:00
P0600,Discharge,2026-09-18 00:38:00
P0601,Registration,2026-09-17 19:59:00
P0601,Triage,2026-09-17 20:35:00
P0601,X-Ray,2026-09-17 21:11:00
P0601,Triage,2026-09-17 22:07:00
P0601,X-Ray,2026-09-17 22:46:00
P0601,Doctor Consultation,2026-09-17 23:23:00
P0601,Discharge,2026-09-17 23:59:00
P0602,Registration,2026-09-17 20:07:00
P0602,Triage,2026-09-17 20:27:00
P0602,X-Ray,2026-09-17 20:52:00
P0602,Triage,2026-09-17 21:40:00
P0602,X-Ray,2026-09-17 22:32:00
P0602,Doctor Consultation,2026-09-17 23:20:00
P0602,Discharge,2026-09-17 23:48:00
P0603,Registration,2026-09-17 20:13:00
P0603,Triage,2026-09-17 20:39:00
P0603,X-Ray,2026-09-17 21:34:00
P0603,Triage,2026-09-17 21:53:00
P0603,X-Ray,2026-09-17 22:11:00
P0603,Doctor Consultation,2026-09-17 22:31:00
P0603,Discharge,2026-09-17 23:34:00
P0604,Registration,2026-09-17 20:16:00
P0604,Triage,2026-09-17 20:49:00
P0604,X-Ray,2026-09-17 21:14:00
P0604,Doctor Consultation,2026-09-17 21:43:00
P0604,Discharge,2026-09-17 22:12:00
P0605,Registration,2026-09-17 20:26:00
P0605,Triage,2026-09-17 21:06:00
P0605,X-Ray,2026-09-17 21:32:00
P0605,Doctor Consultation,2026-09-17 22:03:00
P0605,Discharge,2026-09-17 22:49:00
P0606,Registration,2026-09-17 20:31:00
P0606,Triage,2026-09-17 20:48:00
P0606,X-Ray,2026-09-17 21:10:00
P0606,Doctor Consultation,2026-09-17 21:45:00
P0606,Discharge,2026-09-17 22:40:00
P0607,Registration,2026-09-17 20:33:00
P0607,Triage,2026-09-17 20:49:00
P0607,X-Ray,2026-09-17 21:38:00
P0607,Doctor Consultation,2026-09-17 22:29:00
P0607,Discharge,2026-09-17 23:08:00
P0608,Registration,2026-09-17 20:40:00
P0608,Triage,2026-09-17 21:08:00
P0608,X-Ray,2026-09-17 21:56:00
P0608,Doctor Consultation,2026-09-17 22:14:00
P0608,Discharge,2026-09-17 22:52:00
P0609,Registration,2026-09-17 20:46:00
P0609,Triage,2026-09-17 21:02:00
P0609,X-Ray,2026-09-17 21:35:00
P0609,Doctor Consultation,2026-09-17 22:21:00
P0609,Discharge,2026-09-17 23:01:00
P0610,Registration,2026-09-17 20:52:00
P0610,Triage,2026-09-17 21:19:00
P0610,X-Ray,2026-09-17 21:42:00
P0610,Triage,2026-09-17 22:44:00
P0610,X-Ray,2026-09-17 23:25:00
P0610,Doctor Consultation,2026-09-17 23:57:00
P0610,Discharge,2026-09-18 00:45:00
P0611,Registration,2026-09-17 21:00:00
P0611,Triage,2026-09-17 21:36:00
P0611,X-Ray,2026-09-17 21:57:00
P0611,Doctor Consultation,2026-09-17 22:48:00
P0611,Discharge,2026-09-17 23:27:00
P0612,Registration,2026-09-17 21:10:00
P0612,Triage,2026-09-17 21:21:00
P0612,X-Ray,2026-09-17 21:42:00
P0612,Doctor Consultation,2026-09-17 22:35:00
P0612,Discharge,2026-09-17 22:54:00
P0613,Registration,2026-09-17 21:15:00
P0613,Triage,2026-09-17 22:00:00
P0613,X-Ray,2026-09-17 22:18:00
P0613,Doctor Consultation,2026-09-17 22:50:00
P0613,Discharge,2026-09-17 23:47:00
P0614,Registration,2026-09-17 21:22:00
P0614,Triage,2026-09-17 21:46:00
P0614,X-Ray,2026-09-17 22:35:00
P0614,Doctor Consultation,2026-09-17 23:13:00
P0614,Discharge,2026-09-17 23:39:00
P0615,Registration,2026-09-17 21:29:00
P0615,Triage,2026-09-17 22:15:00
P0615,X-Ray,2026-09-17 22:29:00
P0615,Triage,2026-09-17 23:19:00
P0615,X-Ray,2026-09-18 00:18:00
P0615,Doctor Consultation,2026-09-18 00:57:00
P0615,Discharge,2026-09-18 01:43:00
P0616,Registration,2026-09-17 21:35:00
P0616,Triage,2026-09-17 21:46:00
P0616,X-Ray,2026-09-17 22:41:00
P0616,Doctor Consultation,2026-09-17 23:40:00
P0616,Discharge,2026-09-18 00:12:00
P0617,Registration,2026-09-17 21:42:00
P0617,Triage,2026-09-17 21:49:00
P0617,X-Ray,2026-09-17 22:34:00
P0617,Triage,2026-09-17 23:27:00
P0617,X-Ray,2026-09-17 23:52:00
P0617,Doctor Consultation,2026-09-18 00:22:00
P0617,Discharge,2026-09-18 01:03:00
P0618,Registration,2026-09-17 21:50:00
P0618,Triage,2026-09-17 22:36:00
P0618,X-Ray,2026-09-17 23:07:00
P0618,Triage,2026-09-17 23:44:00
P0618,X-Ray,2026-09-18 00:11:00
P0618,Doctor Consultation,2026-09-18 00:41:00
P0618,Discharge,2026-09-18 01:14:00
P0619,Registration,2026-09-17 21:55:00
P0619,Triage,2026-09-17 22:26:00
P0619,X-Ray,2026-09-17 23:14:00
P0619,Doctor Consultation,2026-09-17 23:30:00
P0619,Discharge,2026-09-18 00:08:00
P0620,Registration,2026-09-17 22:03:00
P0620,Triage,2026-09-17 22:40:00
P0620,X-Ray,2026-09-17 23:15:00
P0620,Doctor Consultation,2026-09-17 23:37:00
P0620,Discharge,2026-09-17 23:56:00
P0621,Registration,2026-09-17 22:08:00
P0621,Triage,2026-09-17 22:55:00
P0621,X-Ray,2026-09-17 23:53:00
P0621,Doctor Consultation,2026-09-18 00:08:00
P0621,Discharge,2026-09-18 01:03:00
P0622,Registration,2026-09-17 22:14:00
P0622,Triage,2026-09-17 22:31:00
P0622,X-Ray,2026-09-17 22:51:00
P0622,Doctor Consultation,2026-09-17 23:26:00
P0622,Discharge,2026-09-17 23:59:00
P0623,Registration,2026-09-17 22:21:00
P0623,Triage,2026-09-17 22:34:00
P0623,X-Ray,2026-09-17 23:22:00
P0623,Doctor Consultation,2026-09-17 23:52:00
P0623,Discharge,2026-09-18 00:22:00
P0624,Registration,2026-09-17 22:23:00
P0624,Triage,2026-09-17 22:50:00
P0624,X-Ray,2026-09-17 23:32:00
P0624,Doctor Consultation,2026-09-18 00:07:00
P0624,Discharge,2026-09-18 01:03:00
P0625,Registration,2026-09-17 22:31:00
P0625,Triage,2026-09-17 23:11:00
P0625,X-Ray,2026-09-17 23:58:00
P0625,Doctor Consultation,2026-09-18 01:03:00
P0625,Discharge,2026-09-18 01:35:00
P0626,Registration,2026-09-17 22:35:00
P0626,Triage,2026-09-17 22:45:00
P0626,X-Ray,2026-09-17 23:18:00
P0626,Triage,2026-09-18 00:04:00
P0626,X-Ray,2026-09-18 00:27:00
P0626,Doctor Consultation,2026-09-18 00:51:00
P0626,Discharge,2026-09-18 01:42:00
P0627,Registration,2026-09-17 22:44:00
P0627,Triage,2026-09-17 22:59:00
P0627,X-Ray,2026-09-17 23:19:00
P0627,Doctor Consultation,2026-09-17 23:55:00
P0627,Discharge,2026-09-18 00:25:00
P0628,Registration,2026-09-17 22:49:00
P0628,Triage,2026-09-17 23:29:00
P0628,X-Ray,2026-09-17 23:59:00
P0628,Doctor Consultation,2026-09-18 00:24:00
P0628,Discharge,2026-09-18 01:17:00
P0629,Registration,2026-09-17 22:56:00
P0629,Triage,2026-09-17 23:28:00
P0629,X-Ray,2026-09-18 00:20:00
P0629,Triage,2026-09-18 00:56:00
P0629,X-Ray,2026-09-18 01:09:00
P0629,Doctor Consultation,2026-09-18 01:54:00
P0629,Discharge,2026-09-18 02:53:00
P0630,Registration,2026-09-17 22:58:00
P0630,Triage,2026-09-17 23:44:00
P0630,X-Ray,2026-09-18 00:21:00
P0630,Triage,2026-09-18 00:53:00
P0630,X-Ray,2026-09-18 01:09:00
P0630,Doctor Consultation,2026-09-18 01:52:00
P0630,Discharge,2026-09-18 02:20:00
P0631,Registration,2026-09-17 23:08:00
P0631,Triage,2026-09-17 23:23:00
P0631,X-Ray,2026-09-17 23:55:00
P0631,Doctor Consultation,2026-09-18 00:27:00
P0631,Discharge,2026-09-18 00:59:00
P0632,Registration,2026-09-17 23:13:00
P0632,Triage,2026-09-17 23:41:00
P0632,X-Ray,2026-09-18 00:10:00
P0632,Triage,2026-09-18 00:45:00
P0632,X-Ray,2026-09-18 01:29:00
P0632,Doctor Consultation,2026-09-18 02:26:00
P0632,Discharge,2026-09-18 03:07:00
P0633,Registration,2026-09-17 23:20:00
P0633,Triage,2026-09-17 23:58:00
P0633,X-Ray,2026-09-18 00:44:00
P0633,Doctor Consultation,2026-09-18 01:39:00
P0633,Discharge,2026-09-18 02:12:00
P0634,Registration,2026-09-17 23:27:00
P0634,Triage,2026-09-18 00:17:00
P0634,X-Ray,2026-09-18 00:38:00
P0634,Doctor Consultation,2026-09-18 01:25:00
P0634,Discharge,2026-09-18 02:19:00
P0635,Registration,2026-09-17 23:31:00
P0635,Triage,2026-09-17 23:56:00
P0635,X-Ray,2026-09-18 00:40:00
P0635,Doctor Consultation,2026-09-18 01:26:00
P0635,Discharge,2026-09-18 01:59:00
P0636,Registration,2026-09-17 23:37:00
P0636,Triage,2026-09-18 00:05:00
P0636,X-Ray,2026-09-18 00:27:00
P0636,Doctor Consultation,2026-09-18 00:54:00
P0636,Discharge,2026-09-18 01:42:00
P0637,Registration,2026-09-17 23:47:00
P0637,Triage,2026-09-18 00:23:00
P0637,X-Ray,2026-09-18 01:19:00
P0637,Doctor Consultation,2026-09-18 02:00:00
P0637,Discharge,2026-09-18 03:00:00
P0638,Registration,2026-09-17 23:57:00
P0638,Triage,2026-09-18 00:18:00
P0638,X-Ray,2026-09-18 00:55:00
P0638,Triage,2026-09-18 01:15:00
P0638,X-Ray,2026-09-18 01:50:00
P0638,Doctor Consultation,2026-09-18 02:47:00
P0638,Discharge,2026-09-18 03:44:00
P0639,Registration,2026-09-18 00:04:00
P0639,Triage,2026-09-18 00:25:00
P0639,X-Ray,2026-09-18 00:42:00
P0639,Doctor Consultation,2026-09-18 01:22:00
P0639,Discharge,2026-09-18 02:07:00
P0640,Registration,2026-09-18 00:06:00
P0640,Triage,2026-09-18 00:23:00
P0640,X-Ray,2026-09-18 01:13:00
P0640,Doctor Consultation,2026-09-18 02:00:00
P0640,Discharge,2026-09-18 02:49:00
P0641,Registration,2026-09-18 00:14:00
P0641,Triage,2026-09-18 00:29:00
P0641,X-Ray,2026-09-18 00:41:00
P0641,Doctor Consultation,2026-09-18 01:06:00
P0641,Discharge,2026-09-18 01:33:00
P0642,Registration,2026-09-18 00:19:00
P0642,Triage,2026-09-18 00:42:00
P0642,X-Ray,2026-09-18 01:38:00
P0642,Doctor Consultation,2026-09-18 02:13:00
P0642,Discharge,2026-09-18 02:49:00
P0643,Registration,2026-09-18 00:23:00
P0643,Triage,2026-09-18 00:37:00
P0643,X-Ray,2026-09-18 00:58:00
P0643,Doctor Consultation,2026-09-18 01:51:00
P0643,Discharge,2026-09-18 02:22:00
P0644,Registration,2026-09-18 00:28:00
P0644,Triage,2026-09-18 00:41:00
P0644,X-Ray,2026-09-18 00:56:00
P0644,Triage,2026-09-18 01:52:00
P0644,X-Ray,2026-09-18 02:34:00
P0644,Doctor Consultation,2026-09-18 03:33:00
P0644,Discharge,2026-09-18 03:59:00
P0645,Registration,2026-09-18 00:36:00
P0645,Triage,2026-09-18 01:00:00
P0645,X-Ray,2026-09-18 01:43:00
P0645,Doctor Consultation,2026-09-18 02:25:00
P0645,Discharge,2026-09-18 03:25:00
P0646,Registration,2026-09-18 00:42:00
P0646,Triage,2026-09-18 01:22:00
P0646,X-Ray,2026-09-18 02:04:00
P0646,Doctor Consultation,2026-09-18 02:50:00
P0646,Discharge,2026-09-18 03:46:00
P0647,Registration,2026-09-18 00:46:00
P0647,Triage,2026-09-18 01:24:00
P0647,X-Ray,2026-09-18 02:07:00
P0647,Triage,2026-09-18 02:57:00
P0647,X-Ray,2026-09-18 03:47:00
P0647,Doctor Consultation,2026-09-18 04:33:00
P0647,Discharge,2026-09-18 05:10:00
P0648,Registration,2026-09-18 00:54:00
P0648,Triage,2026-09-18 01:33:00
P0648,X-Ray,2026-09-18 02:24:00
P0648,Doctor Consultation,2026-09-18 03:00:00
P0648,Discharge,2026-09-18 03:47:00
P0649,Registration,2026-09-18 00:58:00
P0649,Triage,2026-09-18 01:14:00
P0649,X-Ray,2026-09-18 02:01:00
P0649,Triage,2026-09-18 02:35:00
P0649,X-Ray,2026-09-18 03:23:00
P0649,Doctor Consultation,2026-09-18 03:39:00
P0649,Discharge,2026-09-18 04:21:00
P0650,Registration,2026-09-18 01:02:00
P0650,Triage,2026-09-18 01:13:00
P0650,X-Ray,2026-09-18 01:55:00
P0650,Triage,2026-09-18 02:50:00
P0650,X-Ray,2026-09-18 03:10:00
P0650,Doctor Consultation,2026-09-18 03:47:00
P0650,Discharge,2026-09-18 04:33:00
P0651,Registration,2026-09-18 01:09:00
P0651,Triage,2026-09-18 01:27:00
P0651,X-Ray,2026-09-18 02:23:00
P0651,Doctor Consultation,2026-09-18 02:54:00
P0651,Discharge,2026-09-18 03:38:00
P0652,Registration,2026-09-18 01:12:00
P0652,Triage,2026-09-18 01:54:00
P0652,X-Ray,2026-09-18 02:36:00
P0652,Doctor Consultation,2026-09-18 03:02:00
P0652,Discharge,2026-09-18 03:33:00
P0653,Registration,2026-09-18 01:16:00
P0653,Triage,2026-09-18 01:58:00
P0653,X-Ray,2026-09-18 02:21:00
P0653,Doctor Consultation,2026-09-18 03:01:00
P0653,Discharge,2026-09-18 03:34:00
P0654,Registration,2026-09-18 01:21:00
P0654,Triage,2026-09-18 01:31:00
P0654,X-Ray,2026-09-18 02:14:00
P0654,Doctor Consultation,2026-09-18 02:52:00
P0654,Discharge,2026-09-18 03:17:00
P0655,Registration,2026-09-18 01:28:00
P0655,Triage,2026-09-18 02:01:00
P0655,X-Ray,2026-09-18 02:36:00
P0655,Doctor Consultation,2026-09-18 03:26:00
P0655,Discharge,2026-09-18 04:08:00
P0656,Registration,2026-09-18 01:36:00
P0656,Triage,2026-09-18 02:15:00
P0656,X-Ray,2026-09-18 02:56:00
P0656,Doctor Consultation,2026-09-18 03:39:00
P0656,Discharge,2026-09-18 03:58:00
P0657,Registration,2026-09-18 01:39:00
P0657,Triage,2026-09-18 01:59:00
P0657,X-Ray,2026-09-18 02:18:00
P0657,Triage,2026-09-18 02:41:00
P0657,X-Ray,2026-09-18 03:10:00
P0657,Doctor Consultation,2026-09-18 03:37:00
P0657,Discharge,2026-09-18 04:27:00
P0658,Registration,2026-09-18 01:49:00
P0658,Triage,2026-09-18 02:20:00
P0658,X-Ray,2026-09-18 02:47:00
P0658,Doctor Consultation,2026-09-18 03:49:00
P0658,Discharge,2026-09-18 04:33:00
P0659,Registration,2026-09-18 01:54:00
P0659,Triage,2026-09-18 02:26:00
P0659,X-Ray,2026-09-18 03:11:00
P0659,Doctor Consultation,2026-09-18 03:48:00
P0659,Discharge,2026-09-18 04:07:00
P0660,Registration,2026-09-18 02:02:00
P0660,Triage,2026-09-18 02:43:00
P0660,X-Ray,2026-09-18 03:19:00
P0660,Doctor Consultation,2026-09-18 03:42:00
P0660,Discharge,2026-09-18 04:39:00
P0661,Registration,2026-09-18 02:06:00
P0661,Triage,2026-09-18 02:30:00
P0661,X-Ray,2026-09-18 03:11:00
P0661,Triage,2026-09-18 03:41:00
P0661,X-Ray,2026-09-18 04:14:00
P0661,Doctor Consultation,2026-09-18 05:13:00
P0661,Discharge,2026-09-18 05:46:00
P0662,Registration,2026-09-18 02:09:00
P0662,Triage,2026-09-18 02:45:00
P0662,X-Ray,2026-09-18 03:15:00
P0662,Doctor Consultation,2026-09-18 04:15:00
P0662,Discharge,2026-09-18 04:59:00
P0663,Registration,2026-09-18 02:15:00
P0663,Triage,2026-09-18 02:47:00
P0663,X-Ray,2026-09-18 03:20:00
P0663,Doctor Consultation,2026-09-18 03:56:00
P0663,Discharge,2026-09-18 04:40:00
P0664,Registration,2026-09-18 02:18:00
P0664,Triage,2026-09-18 02:54:00
P0664,X-Ray,2026-09-18 03:10:00
P0664,Triage,2026-09-18 03:52:00
P0664,X-Ray,2026-09-18 04:34:00
P0664,Doctor Consultation,2026-09-18 05:20:00
P0664,Discharge,2026-09-18 06:00:00
P0665,Registration,2026-09-18 02:28:00
P0665,Triage,2026-09-18 02:54:00
P0665,X-Ray,2026-09-18 03:44:00
P0665,Doctor Consultation,2026-09-18 04:36:00
P0665,Discharge,2026-09-18 05:36:00
P0666,Registration,2026-09-18 02:32:00
P0666,Triage,2026-09-18 03:11:00
P0666,X-Ray,2026-09-18 03:36:00
P0666,Triage,2026-09-18 04:32:00
P0666,X-Ray,2026-09-18 04:56:00
P0666,Doctor Consultation,2026-09-18 05:48:00
P0666,Discharge,2026-09-18 06:14:00
P0667,Registration,2026-09-18 02:35:00
P0667,Triage,2026-09-18 02:52:00
P0667,X-Ray,2026-09-18 03:26:00
P0667,Doctor Consultation,2026-09-18 04:08:00
P0667,Discharge,2026-09-18 04:57:00
P0668,Registration,2026-09-18 02:38:00
P0668,Triage,2026-09-18 03:06:00
P0668,X-Ray,2026-09-18 03:51:00
P0668,Doctor Consultation,2026-09-18 04:15:00
P0668,Discharge,2026-09-18 05:11:00
P0669,Registration,2026-09-18 02:40:00
P0669,Triage,2026-09-18 03:07:00
P0669,X-Ray,2026-09-18 03:31:00
P0669,Doctor Consultation,2026-09-18 03:53:00
P0669,Discharge,2026-09-18 04:46:00
P0670,Registration,2026-09-18 02:43:00
P0670,Triage,2026-09-18 03:23:00
P0670,X-Ray,2026-09-18 04:01:00
P0670,Doctor Consultation,2026-09-18 04:53:00
P0670,Discharge,2026-09-18 05:42:00
P0671,Registration,2026-09-18 02:47:00
P0671,Triage,2026-09-18 03:25:00
P0671,X-Ray,2026-09-18 04:13:00
P0671,Doctor Consultation,2026-09-18 04:50:00
P0671,Discharge,2026-09-18 05:46:00
P0672,Registration,2026-09-18 02:55:00
P0672,Triage,2026-09-18 03:26:00
P0672,X-Ray,2026-09-18 03:46:00
P0672,Triage,2026-09-18 04:39:00
P0672,X-Ray,2026-09-18 04:58:00
P0672,Doctor Consultation,2026-09-18 05:16:00
P0672,Discharge,2026-09-18 06:15:00
P0673,Registration,2026-09-18 03:05:00
P0673,Triage,2026-09-18 03:48:00
P0673,X-Ray,2026-09-18 04:18:00
P0673,Triage,2026-09-18 05:12:00
P0673,X-Ray,2026-09-18 05:29:00
P0673,Doctor Consultation,2026-09-18 06:28:00
P0673,Discharge,2026-09-18 06:49:00
P0674,Registration,2026-09-18 03:10:00
P0674,Triage,2026-09-18 03:25:00
P0674,X-Ray,2026-09-18 04:21:00
P0674,Triage,2026-09-18 05:06:00
P0674,X-Ray,2026-09-18 05:27:00
P0674,Doctor Consultation,2026-09-18 05:50:00
P0674,Discharge,2026-09-18 06:42:00
P0675,Registration,2026-09-18 03:18:00
P0675,Triage,2026-09-18 03:51:00
P0675,X-Ray,2026-09-18 04:10:00
P0675,Triage,2026-09-18 04:32:00
P0675,X-Ray,2026-09-18 05:00:00
P0675,Doctor Consultation,2026-09-18 05:28:00
P0675,Discharge,2026-09-18 06:04:00
P0676,Registration,2026-09-18 03:22:00
P0676,Triage,2026-09-18 03:42:00
P0676,X-Ray,2026-09-18 04:31:00
P0676,Triage,2026-09-18 05:02:00
P0676,X-Ray,2026-09-18 05:15:00
P0676,Doctor Consultation,2026-09-18 05:58:00
P0676,Discharge,2026-09-18 06:36:00
P0677,Registration,2026-09-18 03:30:00
P0677,Triage,2026-09-18 04:03:00
P0677,X-Ray,2026-09-18 04:17:00
P0677,Doctor Consultation,2026-09-18 04:50:00
P0677,Discharge,2026-09-18 05:43:00
P0678,Registration,2026-09-18 03:33:00
P0678,Triage,2026-09-18 04:11:00
P0678,X-Ray,2026-09-18 04:55:00
P0678,Triage,2026-09-18 05:41:00
P0678,X-Ray,2026-09-18 06:17:00
P0678,Doctor Consultation,2026-09-18 06:56:00
P0678,Discharge,2026-09-18 07:28:00
P0679,Registration,2026-09-18 03:38:00
P0679,Triage,2026-09-18 04:05:00
P0679,X-Ray,2026-09-18 04:50:00
P0679,Doctor Consultation,2026-09-18 05:17:00
P0679,Discharge,2026-09-18 05:47:00
P0680,Registration,2026-09-18 03:48:00
P0680,Triage,2026-09-18 04:30:00
P0680,X-Ray,2026-09-18 05:21:00
P0680,Doctor Consultation,2026-09-18 05:45:00
P0680,Discharge,2026-09-18 06:29:00
P0681,Registration,2026-09-18 03:52:00
P0681,Triage,2026-09-18 04:19:00
P0681,X-Ray,2026-09-18 04:54:00
P0681,Triage,2026-09-18 05:43:00
P0681,X-Ray,2026-09-18 06:38:00
P0681,Doctor Consultation,2026-09-18 07:33:00
P0681,Discharge,2026-09-18 07:59:00
P0682,Registration,2026-09-18 04:02:00
P0682,Triage,2026-09-18 04:16:00
P0682,X-Ray,2026-09-18 04:39:00
P0682,Doctor Consultation,2026-09-18 05:31:00
P0682,Discharge,2026-09-18 06:21:00
P0683,Registration,2026-09-18 04:12:00
P0683,Triage,2026-09-18 04:42:00
P0683,X-Ray,2026-09-18 05:18:00
P0683,Doctor Consultation,2026-09-18 05:57:00
P0683,Discharge,2026-09-18 06:39:00
P0684,Registration,2026-09-18 04:17:00
P0684,Triage,2026-09-18 04:27:00
P0684,X-Ray,2026-09-18 04:39:00
P0684,Doctor Consultation,2026-09-18 05:33:00
P0684,Discharge,2026-09-18 05:48:00
P0685,Registration,2026-09-18 04:25:00
P0685,Triage,2026-09-18 05:00:00
P0685,X-Ray,2026-09-18 05:23:00
P0685,Doctor Consultation,2026-09-18 05:52:00
P0685,Discharge,2026-09-18 06:35:00
P0686,Registration,2026-09-18 04:32:00
P0686,Triage,2026-09-18 05:20:00
P0686,X-Ray,2026-09-18 05:59:00
P0686,Doctor Consultation,2026-09-18 06:16:00
P0686,Discharge,2026-09-18 07:03:00
P0687,Registration,2026-09-18 04:37:00
P0687,Triage,2026-09-18 04:46:00
P0687,X-Ray,2026-09-18 05:22:00
P0687,Doctor Consultation,2026-09-18 05:45:00
P0687,Discharge,2026-09-18 06:23:00
P0688,Registration,2026-09-18 04:46:00
P0688,Triage,2026-09-18 05:10:00
P0688,X-Ray,2026-09-18 06:05:00
P0688,Doctor Consultation,2026-09-18 06:23:00
P0688,Discharge,2026-09-18 07:24:00
P0689,Registration,2026-09-18 04:49:00
P0689,Triage,2026-09-18 05:09:00
P0689,X-Ray,2026-09-18 05:39:00
P0689,Doctor Consultation,2026-09-18 06:40:00
P0689,Discharge,2026-09-18 07:04:00
P0690,Registration,2026-09-18 04:52:00
P0690,Triage,2026-09-18 05:33:00
P0690,X-Ray,2026-09-18 05:59:00
P0690,Triage,2026-09-18 06:25:00
P0690,X-Ray,2026-09-18 07:19:00
P0690,Doctor Consultation,2026-09-18 07:59:00
P0690,Discharge,2026-09-18 08:28:00
P0691,Registration,2026-09-18 04:54:00
P0691,Triage,2026-09-18 05:30:00
P0691,X-Ray,2026-09-18 06:03:00
P0691,Doctor Consultation,2026-09-18 06:52:00
P0691,Discharge,2026-09-18 07:52:00
P0692,Registration,2026-09-18 05:04:00
P0692,Triage,2026-09-18 05:15:00
P0692,X-Ray,2026-09-18 05:55:00
P0692,Doctor Consultation,2026-09-18 06:46:00
P0692,Discharge,2026-09-18 07:11:00
P0693,Registration,2026-09-18 05:09:00
P0693,Triage,2026-09-18 05:30:00
P0693,X-Ray,2026-09-18 05:50:00
P0693,Triage,2026-09-18 06:20:00
P0693,X-Ray,2026-09-18 06:53:00
P0693,Doctor Consultation,2026-09-18 07:16:00
P0693,Discharge,2026-09-18 07:35:00
P0694,Registration,2026-09-18 05:17:00
P0694,Triage,2026-09-18 05:42:00
P0694,X-Ray,2026-09-18 06:01:00
P0694,Doctor Consultation,2026-09-18 06:38:00
P0694,Discharge,2026-09-18 07:06:00
P0695,Registration,2026-09-18 05:27:00
P0695,Triage,2026-09-18 06:12:00
P0695,X-Ray,2026-09-18 06:59:00
P0695,Doctor Consultation,2026-09-18 07:55:00
P0695,Discharge,2026-09-18 09:01:00
P0696,Registration,2026-09-18 05:30:00
P0696,Triage,2026-09-18 06:01:00
P0696,X-Ray,2026-09-18 06:20:00
P0696,Doctor Consultation,2026-09-18 06:40:00
P0696,Discharge,2026-09-18 07:12:00
P0697,Registration,2026-09-18 05:38:00
P0697,Triage,2026-09-18 06:20:00
P0697,X-Ray,2026-09-18 06:48:00
P0697,Triage,2026-09-18 07:34:00
P0697,X-Ray,2026-09-18 08:24:00
P0697,Doctor Consultation,2026-09-18 08:59:00
P0697,Discharge,2026-09-18 09:43:00
P0698,Registration,2026-09-18 05:47:00
P0698,Triage,2026-09-18 06:15:00
P0698,X-Ray,2026-09-18 06:36:00
P0698,Doctor Consultation,2026-09-18 07:31:00
P0698,Discharge,2026-09-18 08:33:00
P0699,Registration,2026-09-18 05:50:00
P0699,Triage,2026-09-18 06:34:00
P0699,X-Ray,2026-09-18 07:23:00
P0699,Triage,2026-09-18 08:20:00
P0699,X-Ray,2026-09-18 08:54:00
P0699,Doctor Consultation,2026-09-18 09:40:00
P0699,Discharge,2026-09-18 10:49:00
P0700,Registration,2026-09-18 05:54:00
P0700,Triage,2026-09-18 06:04:00
P0700,X-Ray,2026-09-18 06:35:00
P0700,Triage,2026-09-18 07:26:00
P0700,X-Ray,2026-09-18 08:06:00
P0700,Doctor Consultation,2026-09-18 09:02:00
P0700,Discharge,2026-09-18 09:30:00
P0701,Registration,2026-09-18 06:00:00
P0701,Triage,2026-09-18 06:32:00
P0701,X-Ray,2026-09-18 07:15:00
P0701,Doctor Consultation,2026-09-18 07:48:00
P0701,Discharge,2026-09-18 08:19:00
P0702,Registration,2026-09-18 06:08:00
P0702,Triage,2026-09-18 06:56:00
P0702,X-Ray,2026-09-18 07:13:00
P0702,Triage,2026-09-18 07:45:00
P0702,X-Ray,2026-09-18 08:35:00
P0702,Doctor Consultation,2026-09-18 09:35:00
P0702,Discharge,2026-09-18 10:37:00
P0703,Registration,2026-09-18 06:14:00
P0703,Triage,2026-09-18 06:28:00
P0703,X-Ray,2026-09-18 06:47:00
P0703,Doctor Consultation,2026-09-18 07:23:00
P0703,Discharge,2026-09-18 08:18:00
P0704,Registration,2026-09-18 06:19:00
P0704,Triage,2026-09-18 06:42:00
P0704,X-Ray,2026-09-18 07:20:00
P0704,Doctor Consultation,2026-09-18 07:54:00
P0704,Discharge,2026-09-18 08:32:00
P0705,Registration,2026-09-18 06:26:00
P0705,Triage,2026-09-18 06:36:00
P0705,X-Ray,2026-09-18 07:01:00
P0705,Triage,2026-09-18 07:36:00
P0705,X-Ray,2026-09-18 08:05:00
P0705,Doctor Consultation,2026-09-18 09:07:00
P0705,Discharge,2026-09-18 09:35:00
P0706,Registration,2026-09-18 06:31:00
P0706,Triage,2026-09-18 06:53:00
P0706,X-Ray,2026-09-18 07:18:00
P0706,Triage,2026-09-18 08:13:00
P0706,X-Ray,2026-09-18 08:37:00
P0706,Doctor Consultation,2026-09-18 08:56:00
P0706,Discharge,2026-09-18 09:32:00
P0707,Registration,2026-09-18 06:33:00
P0707,Triage,2026-09-18 07:05:00
P0707,X-Ray,2026-09-18 07:32:00
P0707,Doctor Consultation,2026-09-18 08:05:00
P0707,Discharge,2026-09-18 08:58:00
P0708,Registration,2026-09-18 06:40:00
P0708,Triage,2026-09-18 07:21:00
P0708,X-Ray,2026-09-18 08:07:00
P0708,Doctor Consultation,2026-09-18 08:30:00
P0708,Discharge,2026-09-18 08:57:00
P0709,Registration,2026-09-18 06:45:00
P0709,Triage,2026-09-18 07:14:00
P0709,X-Ray,2026-09-18 08:00:00
P0709,Doctor Consultation,2026-09-18 08:40:00
P0709,Discharge,2026-09-18 09:35:00
P0710,Registration,2026-09-18 06:55:00
P0710,Triage,2026-09-18 07:23:00
P0710,X-Ray,2026-09-18 07:39:00
P0710,Triage,2026-09-18 08:21:00
P0710,X-Ray,2026-09-18 09:05:00
P0710,Doctor Consultation,2026-09-18 10:00:00
P0710,Discharge,2026-09-18 10:26:00
P0711,Registration,2026-09-18 06:58:00
P0711,Triage,2026-09-18 07:40:00
P0711,X-Ray,2026-09-18 08:26:00
P0711,Triage,2026-09-18 09:18:00
P0711,X-Ray,2026-09-18 09:50:00
P0711,Doctor Consultation,2026-09-18 10:43:00
P0711,Discharge,2026-09-18 11:44:00
P0712,Registration,2026-09-18 07:04:00
P0712,Triage,2026-09-18 07:24:00
P0712,X-Ray,2026-09-18 07:49:00
P0712,Doctor Consultation,2026-09-18 08:26:00
P0712,Discharge,2026-09-18 09:06:00
P0713,Registration,2026-09-18 07:12:00
P0713,Triage,2026-09-18 07:43:00
P0713,X-Ray,2026-09-18 08:32:00
P0713,Doctor Consultation,2026-09-18 08:56:00
P0713,Discharge,2026-09-18 09:31:00
P0714,Registration,2026-09-18 07:22:00
P0714,Triage,2026-09-18 07:58:00
P0714,X-Ray,2026-09-18 08:55:00
P0714,Doctor Consultation,2026-09-18 09:42:00
P0714,Discharge,2026-09-18 10:40:00
P0715,Registration,2026-09-18 07:30:00
P0715,Triage,2026-09-18 08:00:00
P0715,X-Ray,2026-09-18 08:38:00
P0715,Doctor Consultation,2026-09-18 09:04:00
P0715,Discharge,2026-09-18 09:47:00
P0716,Registration,2026-09-18 07:33:00
P0716,Triage,2026-09-18 07:58:00
P0716,X-Ray,2026-09-18 08:48:00
P0716,Doctor Consultation,2026-09-18 09:16:00
P0716,Discharge,2026-09-18 09:53:00
P0717,Registration,2026-09-18 07:36:00
P0717,Triage,2026-09-18 08:17:00
P0717,X-Ray,2026-09-18 08:51:00
P0717,Triage,2026-09-18 09:30:00
P0717,X-Ray,2026-09-18 10:03:00
P0717,Doctor Consultation,2026-09-18 10:45:00
P0717,Discharge,2026-09-18 11:44:00
P0718,Registration,2026-09-18 07:46:00
P0718,Triage,2026-09-18 08:12:00
P0718,X-Ray,2026-09-18 08:48:00
P0718,Doctor Consultation,2026-09-18 09:34:00
P0718,Discharge,2026-09-18 10:19:00
P0719,Registration,2026-09-18 07:54:00
P0719,Triage,2026-09-18 08:32:00
P0719,X-Ray,2026-09-18 09:18:00
P0719,Triage,2026-09-18 10:17:00
P0719,X-Ray,2026-09-18 11:03:00
P0719,Doctor Consultation,2026-09-18 11:28:00
P0719,Discharge,2026-09-18 12:05:00
P0720,Registration,2026-09-18 08:02:00
P0720,Triage,2026-09-18 08:47:00
P0720,X-Ray,2026-09-18 09:20:00
P0720,Triage,2026-09-18 10:13:00
P0720,X-Ray,2026-09-18 10:44:00
P0720,Doctor Consultation,2026-09-18 11:30:00
P0720,Discharge,2026-09-18 12:17:00
P0721,Registration,2026-09-18 08:10:00
P0721,Triage,2026-09-18 08:54:00
P0721,X-Ray,2026-09-18 09:28:00
P0721,Doctor Consultation,2026-09-18 09:53:00
P0721,Discharge,2026-09-18 10:17:00
P0722,Registration,2026-09-18 08:17:00
P0722,Triage,2026-09-18 08:51:00
P0722,X-Ray,2026-09-18 09:29:00
P0722,Doctor Consultation,2026-09-18 10:19:00
P0722,Discharge,2026-09-18 10:58:00
P0723,Registration,2026-09-18 08:20:00
P0723,Triage,2026-09-18 09:10:00
P0723,X-Ray,2026-09-18 09:29:00
P0723,Triage,2026-09-18 09:52:00
P0723,X-Ray,2026-09-18 10:47:00
P0723,Doctor Consultation,2026-09-18 11:06:00
P0723,Discharge,2026-09-18 11:37:00
P0724,Registration,2026-09-18 08:25:00
P0724,Triage,2026-09-18 08:53:00
P0724,X-Ray,2026-09-18 09:20:00
P0724,Triage,2026-09-18 10:12:00
P0724,X-Ray,2026-09-18 10:52:00
P0724,Doctor Consultation,2026-09-18 11:30:00
P0724,Discharge,2026-09-18 11:55:00
P0725,Registration,2026-09-18 08:33:00
P0725,Triage,2026-09-18 08:48:00
P0725,X-Ray,2026-09-18 09:32:00
P0725,Doctor Consultation,2026-09-18 09:58:00
P0725,Discharge,2026-09-18 10:38:00
P0726,Registration,2026-09-18 08:38:00
P0726,Triage,2026-09-18 08:58:00
P0726,X-Ray,2026-09-18 09:53:00
P0726,Triage,2026-09-18 10:49:00
P0726,X-Ray,2026-09-18 11:34:00
P0726,Doctor Consultation,2026-09-18 12:28:00
P0726,Discharge,2026-09-18 13:03:00
P0727,Registration,2026-09-18 08:42:00
P0727,Triage,2026-09-18 09:30:00
P0727,X-Ray,2026-09-18 10:16:00
P0727,Doctor Consultation,2026-09-18 11:12:00
P0727,Discharge,2026-09-18 12:11:00
P0728,Registration,2026-09-18 08:44:00
P0728,Triage,2026-09-18 09:22:00
P0728,X-Ray,2026-09-18 09:56:00
P0728,Doctor Consultation,2026-09-18 10:56:00
P0728,Discharge,2026-09-18 11:42:00
P0729,Registration,2026-09-18 08:48:00
P0729,Triage,2026-09-18 09:27:00
P0729,X-Ray,2026-09-18 09:54:00
P0729,Doctor Consultation,2026-09-18 10:24:00
P0729,Discharge,2026-09-18 10:53:00
P0730,Registration,2026-09-18 08:52:00
P0730,Triage,2026-09-18 09:05:00
P0730,X-Ray,2026-09-18 09:49:00
P0730,Triage,2026-09-18 10:45:00
P0730,X-Ray,2026-09-18 11:19:00
P0730,Doctor Consultation,2026-09-18 11:41:00
P0730,Discharge,2026-09-18 12:32:00
P0731,Registration,2026-09-18 08:56:00
P0731,Triage,2026-09-18 09:32:00
P0731,X-Ray,2026-09-18 09:46:00
P0731,Triage,2026-09-18 10:40:00
P0731,X-Ray,2026-09-18 11:17:00
P0731,Doctor Consultation,2026-09-18 11:50:00
P0731,Discharge,2026-09-18 12:19:00
P0732,Registration,2026-09-18 09:02:00
P0732,Triage,2026-09-18 09:30:00
P0732,X-Ray,2026-09-18 10:19:00
P0732,Triage,2026-09-18 11:10:00
P0732,X-Ray,2026-09-18 11:26:00
P0732,Doctor Consultation,2026-09-18 12:04:00
P0732,Discharge,2026-09-18 12:41:00
P0733,Registration,2026-09-18 09:08:00
P0733,Triage,2026-09-18 09:17:00
P0733,X-Ray,2026-09-18 09:42:00
P0733,Doctor Consultation,2026-09-18 10:17:00
P0733,Discharge,2026-09-18 11:09:00
P0734,Registration,2026-09-18 09:12:00
P0734,Triage,2026-09-18 09:36:00
P0734,X-Ray,2026-09-18 10:16:00
P0734,Triage,2026-09-18 10:47:00
P0734,X-Ray,2026-09-18 11:02:00
P0734,Doctor Consultation,2026-09-18 12:01:00
P0734,Discharge,2026-09-18 12:50:00
P0735,Registration,2026-09-18 09:22:00
P0735,Triage,2026-09-18 09:53:00
P0735,X-Ray,2026-09-18 10:35:00
P0735,Doctor Consultation,2026-09-18 11:28:00
P0735,Discharge,2026-09-18 11:46:00
P0736,Registration,2026-09-18 09:27:00
P0736,Triage,2026-09-18 09:51:00
P0736,X-Ray,2026-09-18 10:09:00
P0736,Doctor Consultation,2026-09-18 10:50:00
P0736,Discharge,2026-09-18 11:05:00
P0737,Registration,2026-09-18 09:32:00
P0737,Triage,2026-09-18 09:53:00
P0737,X-Ray,2026-09-18 10:14:00
P0737,Doctor Consultation,2026-09-18 10:33:00
P0737,Discharge,2026-09-18 11:33:00
P0738,Registration,2026-09-18 09:39:00
P0738,Triage,2026-09-18 10:26:00
P0738,X-Ray,2026-09-18 11:13:00
P0738,Triage,2026-09-18 12:01:00
P0738,X-Ray,2026-09-18 12:26:00
P0738,Doctor Consultation,2026-09-18 12:50:00
P0738,Discharge,2026-09-18 13:36:00
P0739,Registration,2026-09-18 09:41:00
P0739,Triage,2026-09-18 09:50:00
P0739,X-Ray,2026-09-18 10:19:00
P0739,Doctor Consultation,2026-09-18 10:55:00
P0739,Discharge,2026-09-18 11:29:00
P0740,Registration,2026-09-18 09:43:00
P0740,Triage,2026-09-18 10:17:00
P0740,X-Ray,2026-09-18 11:09:00
P0740,Triage,2026-09-18 11:37:00
P0740,X-Ray,2026-09-18 12:31:00
P0740,Doctor Consultation,2026-09-18 13:04:00
P0740,Discharge,2026-09-18 14:00:00
P0741,Registration,2026-09-18 09:51:00
P0741,Triage,2026-09-18 10:20:00
P0741,X-Ray,2026-09-18 11:12:00
P0741,Doctor Consultation,2026-09-18 12:02:00
P0741,Discharge,2026-09-18 12:40:00
P0742,Registration,2026-09-18 10:00:00
P0742,Triage,2026-09-18 10:40:00
P0742,X-Ray,2026-09-18 10:59:00
P0742,Doctor Consultation,2026-09-18 11:18:00
P0742,Discharge,2026-09-18 11:55:00
P0743,Registration,2026-09-18 10:08:00
P0743,Triage,2026-09-18 10:18:00
P0743,X-Ray,2026-09-18 10:53:00
P0743,Doctor Consultation,2026-09-18 11:33:00
P0743,Discharge,2026-09-18 12:03:00
P0744,Registration,2026-09-18 10:13:00
P0744,Triage,2026-09-18 10:59:00
P0744,X-Ray,2026-09-18 11:37:00
P0744,Doctor Consultation,2026-09-18 12:11:00
P0744,Discharge,2026-09-18 12:38:00
P0745,Registration,2026-09-18 10:19:00
P0745,Triage,2026-09-18 10:48:00
P0745,X-Ray,2026-09-18 11:18:00
P0745,Doctor Consultation,2026-09-18 12:10:00
P0745,Discharge,2026-09-18 12:41:00
P0746,Registration,2026-09-18 10:27:00
P0746,Triage,2026-09-18 11:03:00
P0746,X-Ray,2026-09-18 11:23:00
P0746,Doctor Consultation,2026-09-18 12:10:00
P0746,Discharge,2026-09-18 12:39:00
P0747,Registration,2026-09-18 10:31:00
P0747,Triage,2026-09-18 10:44:00
P0747,X-Ray,2026-09-18 11:33:00
P0747,Doctor Consultation,2026-09-18 12:09:00
P0747,Discharge,2026-09-18 13:03:00
P0748,Registration,2026-09-18 10:39:00
P0748,Triage,2026-09-18 10:58:00
P0748,X-Ray,2026-09-18 11:26:00
P0748,Doctor Consultation,2026-09-18 11:58:00
P0748,Discharge,2026-09-18 12:39:00
P0749,Registration,2026-09-18 10:48:00
P0749,Triage,2026-09-18 11:13:00
P0749,X-Ray,2026-09-18 11:35:00
P0749,Doctor Consultation,2026-09-18 12:20:00
P0749,Discharge,2026-09-18 12:57:00
P0750,Registration,2026-09-18 10:57:00
P0750,Triage,2026-09-18 11:16:00
P0750,X-Ray,2026-09-18 11:34:00
P0750,Doctor Consultation,2026-09-18 12:22:00
P0750,Discharge,2026-09-18 12:58:00
P0751,Registration,2026-09-18 11:07:00
P0751,Triage,2026-09-18 11:40:00
P0751,X-Ray,2026-09-18 12:16:00
P0751,Doctor Consultation,2026-09-18 12:56:00
P0751,Discharge,2026-09-18 13:58:00
P0752,Registration,2026-09-18 11:10:00
P0752,Triage,2026-09-18 11:32:00
P0752,X-Ray,2026-09-18 11:56:00
P0752,Triage,2026-09-18 12:11:00
P0752,X-Ray,2026-09-18 12:52:00
P0752,Doctor Consultation,2026-09-18 13:39:00
P0752,Discharge,2026-09-18 14:32:00
P0753,Registration,2026-09-18 11:18:00
P0753,Triage,2026-09-18 11:51:00
P0753,X-Ray,2026-09-18 12:08:00
P0753,Doctor Consultation,2026-09-18 13:05:00
P0753,Discharge,2026-09-18 13:37:00
P0754,Registration,2026-09-18 11:24:00
P0754,Triage,2026-09-18 12:05:00
P0754,X-Ray,2026-09-18 13:02:00
P0754,Doctor Consultation,2026-09-18 13:25:00
P0754,Discharge,2026-09-18 14:19:00
P0755,Registration,2026-09-18 11:29:00
P0755,Triage,2026-09-18 12:18:00
P0755,X-Ray,2026-09-18 12:39:00
P0755,Doctor Consultation,2026-09-18 13:13:00
P0755,Discharge,2026-09-18 14:14:00
P0756,Registration,2026-09-18 11:33:00
P0756,Triage,2026-09-18 11:41:00
P0756,X-Ray,2026-09-18 11:57:00
P0756,Triage,2026-09-18 12:46:00
P0756,X-Ray,2026-09-18 13:39:00
P0756,Doctor Consultation,2026-09-18 14:28:00
P0756,Discharge,2026-09-18 15:16:00
P0757,Registration,2026-09-18 11:41:00
P0757,Triage,2026-09-18 12:22:00
P0757,X-Ray,2026-09-18 13:04:00
P0757,Triage,2026-09-18 13:47:00
P0757,X-Ray,2026-09-18 14:08:00
P0757,Doctor Consultation,2026-09-18 15:04:00
P0757,Discharge,2026-09-18 15:39:00
P0758,Registration,2026-09-18 11:46:00
P0758,Triage,2026-09-18 12:15:00
P0758,X-Ray,2026-09-18 12:35:00
P0758,Doctor Consultation,2026-09-18 12:57:00
P0758,Discharge,2026-09-18 13:19:00
P0759,Registration,2026-09-18 11:56:00
P0759,Triage,2026-09-18 12:32:00
P0759,X-Ray,2026-09-18 12:55:00
P0759,Doctor Consultation,2026-09-18 13:26:00
P0759,Discharge,2026-09-18 13:57:00
P0760,Registration,2026-09-18 12:00:00
P0760,Triage,2026-09-18 12:35:00
P0760,X-Ray,2026-09-18 13:07:00
P0760,Doctor Consultation,2026-09-18 13:36:00
P0760,Discharge,2026-09-18 14:03:00
P0761,Registration,2026-09-18 12:06:00
P0761,Triage,2026-09-18 12:44:00
P0761,X-Ray,2026-09-18 13:43:00
P0761,Doctor Consultation,2026-09-18 14:39:00
P0761,Discharge,2026-09-18 15:04:00
P0762,Registration,2026-09-18 12:09:00
P0762,Triage,2026-09-18 12:22:00
P0762,X-Ray,2026-09-18 12:38:00
P0762,Doctor Consultation,2026-09-18 13:17:00
P0762,Discharge,2026-09-18 14:18:00
P0763,Registration,2026-09-18 12:11:00
P0763,Triage,2026-09-18 12:55:00
P0763,X-Ray,2026-09-18 13:11:00
P0763,Triage,2026-09-18 14:02:00
P0763,X-Ray,2026-09-18 14:36:00
P0763,Doctor Consultation,2026-09-18 15:33:00
P0763,Discharge,2026-09-18 16:27:00
P0764,Registration,2026-09-18 12:18:00
P0764,Triage,2026-09-18 12:50:00
P0764,X-Ray,2026-09-18 13:31:00
P0764,Doctor Consultation,2026-09-18 14:06:00
P0764,Discharge,2026-09-18 14:57:00
P0765,Registration,2026-09-18 12:20:00
P0765,Triage,2026-09-18 12:35:00
P0765,X-Ray,2026-09-18 13:14:00
P0765,Doctor Consultation,2026-09-18 13:43:00
P0765,Discharge,2026-09-18 14:36:00
P0766,Registration,2026-09-18 12:30:00
P0766,Triage,2026-09-18 13:01:00
P0766,X-Ray,2026-09-18 13:57:00
P0766,Triage,2026-09-18 14:52:00
P0766,X-Ray,2026-09-18 15:36:00
P0766,Doctor Consultation,2026-09-18 16:13:00
P0766,Discharge,2026-09-18 17:08:00
P0767,Registration,2026-09-18 12:32:00
P0767,Triage,2026-09-18 12:59:00
P0767,X-Ray,2026-09-18 13:47:00
P0767,Doctor Consultation,2026-09-18 14:43:00
P0767,Discharge,2026-09-18 15:38:00
P0768,Registration,2026-09-18 12:39:00
P0768,Triage,2026-09-18 12:55:00
P0768,X-Ray,2026-09-18 13:29:00
P0768,Doctor Consultation,2026-09-18 14:05:00
P0768,Discharge,2026-09-18 14:57:00
P0769,Registration,2026-09-18 12:43:00
P0769,Triage,2026-09-18 13:09:00
P0769,X-Ray,2026-09-18 14:04:00
P0769,Doctor Consultation,2026-09-18 14:36:00
P0769,Discharge,2026-09-18 15:12:00
P0770,Registration,2026-09-18 12:53:00
P0770,Triage,2026-09-18 13:11:00
P0770,X-Ray,2026-09-18 13:36:00
P0770,Triage,2026-09-18 14:19:00
P0770,X-Ray,2026-09-18 14:39:00
P0770,Doctor Consultation,2026-09-18 15:23:00
P0770,Discharge,2026-09-18 16:00:00
P0771,Registration,2026-09-18 13:02:00
P0771,Triage,2026-09-18 13:17:00
P0771,X-Ray,2026-09-18 14:15:00
P0771,Doctor Consultation,2026-09-18 14:42:00
P0771,Discharge,2026-09-18 15:21:00
P0772,Registration,2026-09-18 13:09:00
P0772,Triage,2026-09-18 13:54:00
P0772,X-Ray,2026-09-18 14:24:00
P0772,Doctor Consultation,2026-09-18 14:58:00
P0772,Discharge,2026-09-18 15:34:00
P0773,Registration,2026-09-18 13:12:00
P0773,Triage,2026-09-18 13:27:00
P0773,X-Ray,2026-09-18 14:09:00
P0773,Triage,2026-09-18 14:46:00
P0773,X-Ray,2026-09-18 15:38:00
P0773,Doctor Consultation,2026-09-18 16:12:00
P0773,Discharge,2026-09-18 17:05:00
P0774,Registration,2026-09-18 13:20:00
P0774,Triage,2026-09-18 13:52:00
P0774,X-Ray,2026-09-18 14:20:00
P0774,Doctor Consultation,2026-09-18 15:21:00
P0774,Discharge,2026-09-18 15:49:00
P0775,Registration,2026-09-18 13:22:00
P0775,Triage,2026-09-18 13:52:00
P0775,X-Ray,2026-09-18 14:22:00
P0775,Doctor Consultation,2026-09-18 15:11:00
P0775,Discharge,2026-09-18 15:49:00
P0776,Registration,2026-09-18 13:26:00
P0776,Triage,2026-09-18 14:11:00
P0776,X-Ray,2026-09-18 14:45:00
P0776,Doctor Consultation,2026-09-18 15:15:00
P0776,Discharge,2026-09-18 16:14:00
P0777,Registration,2026-09-18 13:31:00
P0777,Triage,2026-09-18 13:44:00
P0777,X-Ray,2026-09-18 14:08:00
P0777,Doctor Consultation,2026-09-18 14:40:00
P0777,Discharge,2026-09-18 15:07:00
P0778,Registration,2026-09-18 13:39:00
P0778,Triage,2026-09-18 13:48:00
P0778,X-Ray,2026-09-18 14:31:00
P0778,Triage,2026-09-18 15:18:00
P0778,X-Ray,2026-09-18 16:08:00
P0778,Doctor Consultation,2026-09-18 16:53:00
P0778,Discharge,2026-09-18 17:24:00
P0779,Registration,2026-09-18 13:45:00
P0779,Triage,2026-09-18 14:28:00
P0779,X-Ray,2026-09-18 14:50:00
P0779,Doctor Consultation,2026-09-18 15:27:00
P0779,Discharge,2026-09-18 16:02:00
P0780,Registration,2026-09-18 13:49:00
P0780,Triage,2026-09-18 14:29:00
P0780,X-Ray,2026-09-18 14:52:00
P0780,Doctor Consultation,2026-09-18 15:23:00
P0780,Discharge,2026-09-18 15:44:00
P0781,Registration,2026-09-18 13:52:00
P0781,Triage,2026-09-18 14:24:00
P0781,X-Ray,2026-09-18 14:50:00
P0781,Doctor Consultation,2026-09-18 15:11:00
P0781,Discharge,2026-09-18 16:07:00
P0782,Registration,2026-09-18 13:54:00
P0782,Triage,2026-09-18 14:40:00
P0782,X-Ray,2026-09-18 15:05:00
P0782,Triage,2026-09-18 15:55:00
P0782,X-Ray,2026-09-18 16:10:00
P0782,Doctor Consultation,2026-09-18 16:41:00
P0782,Discharge,2026-09-18 17:39:00
P0783,Registration,2026-09-18 13:58:00
P0783,Triage,2026-09-18 14:13:00
P0783,X-Ray,2026-09-18 14:54:00
P0783,Doctor Consultation,2026-09-18 15:53:00
P0783,Discharge,2026-09-18 16:45:00
P0784,Registration,2026-09-18 14:01:00
P0784,Triage,2026-09-18 14:39:00
P0784,X-Ray,2026-09-18 15:31:00
P0784,Triage,2026-09-18 15:50:00
P0784,X-Ray,2026-09-18 16:45:00
P0784,Doctor Consultation,2026-09-18 17:39:00
P0784,Discharge,2026-09-18 18:08:00
P0785,Registration,2026-09-18 14:09:00
P0785,Triage,2026-09-18 14:38:00
P0785,X-Ray,2026-09-18 15:05:00
P0785,Doctor Consultation,2026-09-18 15:41:00
P0785,Discharge,2026-09-18 16:32:00
P0786,Registration,2026-09-18 14:17:00
P0786,Triage,2026-09-18 14:49:00
P0786,X-Ray,2026-09-18 15:41:00
P0786,Doctor Consultation,2026-09-18 16:35:00
P0786,Discharge,2026-09-18 17:25:00
P0787,Registration,2026-09-18 14:22:00
P0787,Triage,2026-09-18 14:40:00
P0787,X-Ray,2026-09-18 15:10:00
P0787,Doctor Consultation,2026-09-18 16:00:00
P0787,Discharge,2026-09-18 16:49:00
P0788,Registration,2026-09-18 14:24:00
P0788,Triage,2026-09-18 14:42:00
P0788,X-Ray,2026-09-18 15:28:00
P0788,Triage,2026-09-18 15:49:00
P0788,X-Ray,2026-09-18 16:07:00
P0788,Doctor Consultation,2026-09-18 16:49:00
P0788,Discharge,2026-09-18 17:49:00
P0789,Registration,2026-09-18 14:32:00
P0789,Triage,2026-09-18 14:54:00
P0789,X-Ray,2026-09-18 15:10:00
P0789,Doctor Consultation,2026-09-18 15:51:00
P0789,Discharge,2026-09-18 16:28:00
P0790,Registration,2026-09-18 14:39:00
P0790,Triage,2026-09-18 15:26:00
P0790,X-Ray,2026-09-18 16:16:00
P0790,Doctor Consultation,2026-09-18 16:40:00
P0790,Discharge,2026-09-18 17:11:00
P0791,Registration,2026-09-18 14:44:00
P0791,Triage,2026-09-18 15:00:00
P0791,X-Ray,2026-09-18 15:54:00
P0791,Triage,2026-09-18 16:49:00
P0791,X-Ray,2026-09-18 17:21:00
P0791,Doctor Consultation,2026-09-18 18:17:00
P0791,Discharge,2026-09-18 18:49:00
P0792,Registration,2026-09-18 14:50:00
P0792,Triage,2026-09-18 15:23:00
P0792,X-Ray,2026-09-18 15:45:00
P0792,Doctor Consultation,2026-09-18 16:31:00
P0792,Discharge,2026-09-18 17:24:00
P0793,Registration,2026-09-18 14:53:00
P0793,Triage,2026-09-18 15:42:00
P0793,X-Ray,2026-09-18 16:14:00
P0793,Doctor Consultation,2026-09-18 17:10:00
P0793,Discharge,2026-09-18 17:56:00
P0794,Registration,2026-09-18 15:00:00
P0794,Triage,2026-09-18 15:34:00
P0794,X-Ray,2026-09-18 16:22:00
P0794,Doctor Consultation,2026-09-18 16:44:00
P0794,Discharge,2026-09-18 17:14:00
P0795,Registration,2026-09-18 15:10:00
P0795,Triage,2026-09-18 15:59:00
P0795,X-Ray,2026-09-18 16:33:00
P0795,Doctor Consultation,2026-09-18 17:10:00
P0795,Discharge,2026-09-18 17:43:00
P0796,Registration,2026-09-18 15:12:00
P0796,Triage,2026-09-18 15:44:00
P0796,X-Ray,2026-09-18 16:02:00
P0796,Triage,2026-09-18 16:52:00
P0796,X-Ray,2026-09-18 17:43:00
P0796,Doctor Consultation,2026-09-18 18:11:00
P0796,Discharge,2026-09-18 19:13:00
P0797,Registration,2026-09-18 15:22:00
P0797,Triage,2026-09-18 15:32:00
P0797,X-Ray,2026-09-18 16:04:00
P0797,Triage,2026-09-18 16:36:00
P0797,X-Ray,2026-09-18 17:25:00
P0797,Doctor Consultation,2026-09-18 18:26:00
P0797,Discharge,2026-09-18 19:23:00
P0798,Registration,2026-09-18 15:28:00
P0798,Triage,2026-09-18 15:44:00
P0798,X-Ray,2026-09-18 16:20:00
P0798,Triage,2026-09-18 17:01:00
P0798,X-Ray,2026-09-18 17:51:00
P0798,Doctor Consultation,2026-09-18 18:26:00
P0798,Discharge,2026-09-18 19:23:00
P0799,Registration,2026-09-18 15:37:00
P0799,Triage,2026-09-18 16:19:00
P0799,X-Ray,2026-09-18 16:50:00
P0799,Doctor Consultation,2026-09-18 17:44:00
P0799,Discharge,2026-09-18 18:25:00
P0800,Registration,2026-09-18 15:43:00
P0800,Triage,2026-09-18 15:57:00
P0800,X-Ray,2026-09-18 16:22:00
P0800,Doctor Consultation,2026-09-18 16:53:00
P0800,Discharge,2026-09-18 17:20:00
P0801,Registration,2026-09-18 15:46:00
P0801,Triage,2026-09-18 15:56:00
P0801,X-Ray,2026-09-18 16:44:00
P0801,Doctor Consultation,2026-09-18 17:31:00
P0801,Discharge,2026-09-18 18:33:00
P0802,Registration,2026-09-18 15:54:00
P0802,Triage,2026-09-18 16:02:00
P0802,X-Ray,2026-09-18 16:52:00
P0802,Triage,2026-09-18 17:27:00
P0802,X-Ray,2026-09-18 18:20:00
P0802,Doctor Consultation,2026-09-18 19:23:00
P0802,Discharge,2026-09-18 20:17:00
P0803,Registration,2026-09-18 15:58:00
P0803,Triage,2026-09-18 16:17:00
P0803,X-Ray,2026-09-18 16:51:00
P0803,Doctor Consultation,2026-09-18 17:40:00
P0803,Discharge,2026-09-18 18:09:00
P0804,Registration,2026-09-18 16:07:00
P0804,Triage,2026-09-18 16:23:00
P0804,X-Ray,2026-09-18 16:53:00
P0804,Doctor Consultation,2026-09-18 17:23:00
P0804,Discharge,2026-09-18 18:06:00
P0805,Registration,2026-09-18 16:13:00
P0805,Triage,2026-09-18 17:00:00
P0805,X-Ray,2026-09-18 17:44:00
P0805,Triage,2026-09-18 18:21:00
P0805,X-Ray,2026-09-18 19:13:00
P0805,Doctor Consultation,2026-09-18 19:57:00
P0805,Discharge,2026-09-18 20:30:00
P0806,Registration,2026-09-18 16:15:00
P0806,Triage,2026-09-18 16:43:00
P0806,X-Ray,2026-09-18 17:04:00
P0806,Doctor Consultation,2026-09-18 17:41:00
P0806,Discharge,2026-09-18 18:26:00
P0807,Registration,2026-09-18 16:17:00
P0807,Triage,2026-09-18 16:39:00
P0807,X-Ray,2026-09-18 17:23:00
P0807,Triage,2026-09-18 17:55:00
P0807,X-Ray,2026-09-18 18:18:00
P0807,Doctor Consultation,2026-09-18 18:40:00
P0807,Discharge,2026-09-18 19:15:00
P0808,Registration,2026-09-18 16:26:00
P0808,Triage,2026-09-18 16:58:00
P0808,X-Ray,2026-09-18 17:25:00
P0808,Doctor Consultation,2026-09-18 18:05:00
P0808,Discharge,2026-09-18 18:51:00
P0809,Registration,2026-09-18 16:30:00
P0809,Triage,2026-09-18 16:40:00
P0809,X-Ray,2026-09-18 17:07:00
P0809,Triage,2026-09-18 17:35:00
P0809,X-Ray,2026-09-18 17:51:00
P0809,Doctor Consultation,2026-09-18 18:33:00
P0809,Discharge,2026-09-18 19:22:00
P0810,Registration,2026-09-18 16:34:00
P0810,Triage,2026-09-18 17:01:00
P0810,X-Ray,2026-09-18 17:38:00
P0810,Doctor Consultation,2026-09-18 18:35:00
P0810,Discharge,2026-09-18 19:13:00
P0811,Registration,2026-09-18 16:42:00
P0811,Triage,2026-09-18 17:00:00
P0811,X-Ray,2026-09-18 17:17:00
P0811,Doctor Consultation,2026-09-18 17:40:00
P0811,Discharge,2026-09-18 18:21:00
P0812,Registration,2026-09-18 16:47:00
P0812,Triage,2026-09-18 17:23:00
P0812,X-Ray,2026-09-18 17:42:00
P0812,Triage,2026-09-18 18:33:00
P0812,X-Ray,2026-09-18 19:05:00
P0812,Doctor Consultation,2026-09-18 19:32:00
P0812,Discharge,2026-09-18 20:15:00
P0813,Registration,2026-09-18 16:57:00
P0813,Triage,2026-09-18 17:13:00
P0813,X-Ray,2026-09-18 17:42:00
P0813,Triage,2026-09-18 18:34:00
P0813,X-Ray,2026-09-18 19:17:00
P0813,Doctor Consultation,2026-09-18 20:05:00
P0813,Discharge,2026-09-18 20:37:00
P0814,Registration,2026-09-18 17:02:00
P0814,Triage,2026-09-18 17:14:00
P0814,X-Ray,2026-09-18 17:40:00
P0814,Triage,2026-09-18 18:24:00
P0814,X-Ray,2026-09-18 19:13:00
P0814,Doctor Consultation,2026-09-18 19:36:00
P0814,Discharge,2026-09-18 20:16:00
P0815,Registration,2026-09-18 17:12:00
P0815,Triage,2026-09-18 17:34:00
P0815,X-Ray,2026-09-18 18:16:00
P0815,Triage,2026-09-18 18:41:00
P0815,X-Ray,2026-09-18 19:26:00
P0815,Doctor Consultation,2026-09-18 19:54:00
P0815,Discharge,2026-09-18 20:25:00
P0816,Registration,2026-09-18 17:19:00
P0816,Triage,2026-09-18 17:54:00
P0816,X-Ray,2026-09-18 18:27:00
P0816,Triage,2026-09-18 18:53:00
P0816,X-Ray,2026-09-18 19:03:00
P0816,Doctor Consultation,2026-09-18 19:38:00
P0816,Discharge,2026-09-18 20:17:00
P0817,Registration,2026-09-18 17:25:00
P0817,Triage,2026-09-18 17:59:00
P0817,X-Ray,2026-09-18 18:27:00
P0817,Doctor Consultation,2026-09-18 19:12:00
P0817,Discharge,2026-09-18 19:56:00
P0818,Registration,2026-09-18 17:28:00
P0818,Triage,2026-09-18 17:57:00
P0818,X-Ray,2026-09-18 18:35:00
P0818,Doctor Consultation,2026-09-18 19:32:00
P0818,Discharge,2026-09-18 20:13:00
P0819,Registration,2026-09-18 17:33:00
P0819,Triage,2026-09-18 17:46:00
P0819,X-Ray,2026-09-18 18:38:00
P0819,Doctor Consultation,2026-09-18 19:09:00
P0819,Discharge,2026-09-18 20:02:00
P0820,Registration,2026-09-18 17:38:00
P0820,Triage,2026-09-18 17:49:00
P0820,X-Ray,2026-09-18 18:46:00
P0820,Doctor Consultation,2026-09-18 19:25:00
P0820,Discharge,2026-09-18 20:07:00
P0821,Registration,2026-09-18 17:40:00
P0821,Triage,2026-09-18 18:25:00
P0821,X-Ray,2026-09-18 19:14:00
P0821,Triage,2026-09-18 19:57:00
P0821,X-Ray,2026-09-18 20:54:00
P0821,Doctor Consultation,2026-09-18 21:37:00
P0821,Discharge,2026-09-18 22:24:00
P0822,Registration,2026-09-18 17:50:00
P0822,Triage,2026-09-18 18:07:00
P0822,X-Ray,2026-09-18 18:43:00
P0822,Doctor Consultation,2026-09-18 19:18:00
P0822,Discharge,2026-09-18 20:10:00
P0823,Registration,2026-09-18 17:55:00
P0823,Triage,2026-09-18 18:36:00
P0823,X-Ray,2026-09-18 19:30:00
P0823,Doctor Consultation,2026-09-18 19:57:00
P0823,Discharge,2026-09-18 20:45:00
P0824,Registration,2026-09-18 18:05:00
P0824,Triage,2026-09-18 18:53:00
P0824,X-Ray,2026-09-18 19:20:00
P0824,Doctor Consultation,2026-09-18 19:37:00
P0824,Discharge,2026-09-18 20:33:00
P0825,Registration,2026-09-18 18:07:00
P0825,Triage,2026-09-18 18:49:00
P0825,X-Ray,2026-09-18 19:23:00
P0825,Doctor Consultation,2026-09-18 19:56:00
P0825,Discharge,2026-09-18 20:37:00
P0826,Registration,2026-09-18 18:11:00
P0826,Triage,2026-09-18 18:37:00
P0826,X-Ray,2026-09-18 19:27:00
P0826,Triage,2026-09-18 20:01:00
P0826,X-Ray,2026-09-18 20:30:00
P0826,Doctor Consultation,2026-09-18 21:00:00
P0826,Discharge,2026-09-18 21:55:00
P0827,Registration,2026-09-18 18:13:00
P0827,Triage,2026-09-18 18:42:00
P0827,X-Ray,2026-09-18 19:28:00
P0827,Doctor Consultation,2026-09-18 19:55:00
P0827,Discharge,2026-09-18 21:02:00
P0828,Registration,2026-09-18 18:20:00
P0828,Triage,2026-09-18 18:49:00
P0828,X-Ray,2026-09-18 19:19:00
P0828,Doctor Consultation,2026-09-18 19:52:00
P0828,Discharge,2026-09-18 20:41:00
P0829,Registration,2026-09-18 18:28:00
P0829,Triage,2026-09-18 19:17:00
P0829,X-Ray,2026-09-18 20:15:00
P0829,Doctor Consultation,2026-09-18 20:51:00
P0829,Discharge,2026-09-18 21:34:00
P0830,Registration,2026-09-18 18:34:00
P0830,Triage,2026-09-18 18:53:00
P0830,X-Ray,2026-09-18 19:24:00
P0830,Triage,2026-09-18 20:08:00
P0830,X-Ray,2026-09-18 20:50:00
P0830,Doctor Consultation,2026-09-18 21:37:00
P0830,Discharge,2026-09-18 22:26:00
P0831,Registration,2026-09-18 18:38:00
P0831,Triage,2026-09-18 18:59:00
P0831,X-Ray,2026-09-18 19:37:00
P0831,Triage,2026-09-18 20:11:00
P0831,X-Ray,2026-09-18 20:34:00
P0831,Doctor Consultation,2026-09-18 21:33:00
P0831,Discharge,2026-09-18 21:58:00
P0832,Registration,2026-09-18 18:41:00
P0832,Triage,2026-09-18 19:16:00
P0832,X-Ray,2026-09-18 20:00:00
P0832,Doctor Consultation,2026-09-18 20:17:00
P0832,Discharge,2026-09-18 20:59:00
P0833,Registration,2026-09-18 18:43:00
P0833,Triage,2026-09-18 18:52:00
P0833,X-Ray,2026-09-18 19:19:00
P0833,Triage,2026-09-18 19:52:00
P0833,X-Ray,2026-09-18 20:44:00
P0833,Doctor Consultation,2026-09-18 21:08:00
P0833,Discharge,2026-09-18 21:29:00
P0834,Registration,2026-09-18 18:46:00
P0834,Triage,2026-09-18 19:32:00
P0834,X-Ray,2026-09-18 19:59:00
P0834,Triage,2026-09-18 20:39:00
P0834,X-Ray,2026-09-18 21:05:00
P0834,Doctor Consultation,2026-09-18 21:26:00
P0834,Discharge,2026-09-18 22:29:00
P0835,Registration,2026-09-18 18:48:00
P0835,Triage,2026-09-18 19:29:00
P0835,X-Ray,2026-09-18 19:49:00
P0835,Doctor Consultation,2026-09-18 20:38:00
P0835,Discharge,2026-09-18 20:57:00
P0836,Registration,2026-09-18 18:50:00
P0836,Triage,2026-09-18 19:09:00
P0836,X-Ray,2026-09-18 19:42:00
P0836,Triage,2026-09-18 20:24:00
P0836,X-Ray,2026-09-18 20:51:00
P0836,Doctor Consultation,2026-09-18 21:23:00
P0836,Discharge,2026-09-18 21:55:00
P0837,Registration,2026-09-18 18:56:00
P0837,Triage,2026-09-18 19:12:00
P0837,X-Ray,2026-09-18 19:32:00
P0837,Doctor Consultation,2026-09-18 20:25:00
P0837,Discharge,2026-09-18 20:55:00
P0838,Registration,2026-09-18 19:06:00
P0838,Triage,2026-09-18 19:41:00
P0838,X-Ray,2026-09-18 20:12:00
P0838,Triage,2026-09-18 20:54:00
P0838,X-Ray,2026-09-18 21:15:00
P0838,Doctor Consultation,2026-09-18 22:05:00
P0838,Discharge,2026-09-18 22:47:00
P0839,Registration,2026-09-18 19:08:00
P0839,Triage,2026-09-18 19:25:00
P0839,X-Ray,2026-09-18 19:49:00
P0839,Doctor Consultation,2026-09-18 20:38:00
P0839,Discharge,2026-09-18 21:12:00
P0840,Registration,2026-09-18 19:16:00
P0840,Triage,2026-09-18 19:34:00
P0840,X-Ray,2026-09-18 20:05:00
P0840,Doctor Consultation,2026-09-18 20:33:00
P0840,Discharge,2026-09-18 21:22:00
P0841,Registration,2026-09-18 19:25:00
P0841,Triage,2026-09-18 20:13:00
P0841,X-Ray,2026-09-18 20:54:00
P0841,Doctor Consultation,2026-09-18 21:26:00
P0841,Discharge,2026-09-18 22:19:00
P0842,Registration,2026-09-18 19:35:00
P0842,Triage,2026-09-18 20:07:00
P0842,X-Ray,2026-09-18 20:55:00
P0842,Doctor Consultation,2026-09-18 21:49:00
P0842,Discharge,2026-09-18 22:16:00
P0843,Registration,2026-09-18 19:42:00
P0843,Triage,2026-09-18 20:12:00
P0843,X-Ray,2026-09-18 21:00:00
P0843,Triage,2026-09-18 21:24:00
P0843,X-Ray,2026-09-18 21:56:00
P0843,Doctor Consultation,2026-09-18 22:24:00
P0843,Discharge,2026-09-18 23:17:00
P0844,Registration,2026-09-18 19:52:00
P0844,Triage,2026-09-18 20:17:00
P0844,X-Ray,2026-09-18 20:44:00
P0844,Doctor Consultation,2026-09-18 21:07:00
P0844,Discharge,2026-09-18 21:34:00
P0845,Registration,2026-09-18 19:54:00
P0845,Triage,2026-09-18 20:27:00
P0845,X-Ray,2026-09-18 20:43:00
P0845,Doctor Consultation,2026-09-18 21:45:00
P0845,Discharge,2026-09-18 22:32:00
P0846,Registration,2026-09-18 19:56:00
P0846,Triage,2026-09-18 20:09:00
P0846,X-Ray,2026-09-18 20:26:00
P0846,Triage,2026-09-18 21:17:00
P0846,X-Ray,2026-09-18 21:42:00
P0846,Doctor Consultation,2026-09-18 22:29:00
P0846,Discharge,2026-09-18 23:21:00
P0847,Registration,2026-09-18 20:05:00
P0847,Triage,2026-09-18 20:42:00
P0847,X-Ray,2026-09-18 21:02:00
P0847,Doctor Consultation,2026-09-18 21:28:00
P0847,Discharge,2026-09-18 21:50:00
P0848,Registration,2026-09-18 20:09:00
P0848,Triage,2026-09-18 20:41:00
P0848,X-Ray,2026-09-18 21:26:00
P0848,Doctor Consultation,2026-09-18 22:05:00
P0848,Discharge,2026-09-18 22:43:00
P0849,Registration,2026-09-18 20:13:00
P0849,Triage,2026-09-18 20:53:00
P0849,X-Ray,2026-09-18 21:17:00
P0849,Triage,2026-09-18 22:00:00
P0849,X-Ray,2026-09-18 22:22:00
P0849,Doctor Consultation,2026-09-18 23:05:00
P0849,Discharge,2026-09-19 00:00:00
P0850,Registration,2026-09-18 20:22:00
P0850,Triage,2026-09-18 20:56:00
P0850,X-Ray,2026-09-18 21:11:00
P0850,Doctor Consultation,2026-09-18 21:58:00
P0850,Discharge,2026-09-18 22:36:00
P0851,Registration,2026-09-18 20:25:00
P0851,Triage,2026-09-18 20:35:00
P0851,X-Ray,2026-09-18 21:06:00
P0851,Triage,2026-09-18 21:57:00
P0851,X-Ray,2026-09-18 22:12:00
P0851,Doctor Consultation,2026-09-18 23:08:00
P0851,Discharge,2026-09-18 23:42:00
P0852,Registration,2026-09-18 20:35:00
P0852,Triage,2026-09-18 20:57:00
P0852,X-Ray,2026-09-18 21:16:00
P0852,Triage,2026-09-18 22:16:00
P0852,X-Ray,2026-09-18 23:02:00
P0852,Doctor Consultation,2026-09-18 23:26:00
P0852,Discharge,2026-09-19 00:02:00
P0853,Registration,2026-09-18 20:41:00
P0853,Triage,2026-09-18 21:08:00
P0853,X-Ray,2026-09-18 21:56:00
P0853,Triage,2026-09-18 22:34:00
P0853,X-Ray,2026-09-18 23:12:00
P0853,Doctor Consultation,2026-09-18 23:35:00
P0853,Discharge,2026-09-19 00:26:00
P0854,Registration,2026-09-18 20:51:00
P0854,Triage,2026-09-18 21:00:00
P0854,X-Ray,2026-09-18 21:43:00
P0854,Doctor Consultation,2026-09-18 22:42:00
P0854,Discharge,2026-09-18 23:16:00
P0855,Registration,2026-09-18 20:55:00
P0855,Triage,2026-09-18 21:42:00
P0855,X-Ray,2026-09-18 22:07:00
P0855,Doctor Consultation,2026-09-18 22:34:00
P0855,Discharge,2026-09-18 23:26:00
P0856,Registration,2026-09-18 21:04:00
P0856,Triage,2026-09-18 21:31:00
P0856,X-Ray,2026-09-18 22:25:00
P0856,Doctor Consultation,2026-09-18 22:48:00
P0856,Discharge,2026-09-18 23:30:00
P0857,Registration,2026-09-18 21:07:00
P0857,Triage,2026-09-18 21:23:00
P0857,X-Ray,2026-09-18 21:42:00
P0857,Doctor Consultation,2026-09-18 22:36:00
P0857,Discharge,2026-09-18 23:24:00
P0858,Registration,2026-09-18 21:16:00
P0858,Triage,2026-09-18 21:35:00
P0858,X-Ray,2026-09-18 22:03:00
P0858,Triage,2026-09-18 22:50:00
P0858,X-Ray,2026-09-18 23:10:00
P0858,Doctor Consultation,2026-09-18 23:37:00
P0858,Discharge,2026-09-19 00:22:00
P0859,Registration,2026-09-18 21:22:00
P0859,Triage,2026-09-18 21:40:00
P0859,X-Ray,2026-09-18 22:27:00
P0859,Doctor Consultation,2026-09-18 22:51:00
P0859,Discharge,2026-09-18 23:35:00
P0860,Registration,2026-09-18 21:30:00
P0860,Triage,2026-09-18 22:06:00
P0860,X-Ray,2026-09-18 22:53:00
P0860,Doctor Consultation,2026-09-18 23:37:00
P0860,Discharge,2026-09-19 00:08:00
P0861,Registration,2026-09-18 21:40:00
P0861,Triage,2026-09-18 22:26:00
P0861,X-Ray,2026-09-18 22:49:00
P0861,Doctor Consultation,2026-09-18 23:42:00
P0861,Discharge,2026-09-19 00:06:00
P0862,Registration,2026-09-18 21:46:00
P0862,Triage,2026-09-18 22:00:00
P0862,X-Ray,2026-09-18 22:37:00
P0862,Doctor Consultation,2026-09-18 23:04:00
P0862,Discharge,2026-09-18 23:59:00
P0863,Registration,2026-09-18 21:56:00
P0863,Triage,2026-09-18 22:12:00
P0863,X-Ray,2026-09-18 22:34:00
P0863,Doctor Consultation,2026-09-18 23:15:00
P0863,Discharge,2026-09-18 23:55:00
P0864,Registration,2026-09-18 22:03:00
P0864,Triage,2026-09-18 22:50:00
P0864,X-Ray,2026-09-18 23:20:00
P0864,Triage,2026-09-18 23:49:00
P0864,X-Ray,2026-09-19 00:32:00
P0864,Doctor Consultation,2026-09-19 01:21:00
P0864,Discharge,2026-09-19 02:10:00
P0865,Registration,2026-09-18 22:08:00
P0865,Triage,2026-09-18 22:53:00
P0865,X-Ray,2026-09-18 23:12:00
P0865,Triage,2026-09-18 23:59:00
P0865,X-Ray,2026-09-19 00:29:00
P0865,Doctor Consultation,2026-09-19 00:57:00
P0865,Discharge,2026-09-19 01:39:00
P0866,Registration,2026-09-18 22:14:00
P0866,Triage,2026-09-18 22:30:00
P0866,X-Ray,2026-09-18 22:58:00
P0866,Doctor Consultation,2026-09-18 23:24:00
P0866,Discharge,2026-09-19 00:16:00
P0867,Registration,2026-09-18 22:24:00
P0867,Triage,2026-09-18 22:44:00
P0867,X-Ray,2026-09-18 22:59:00
P0867,Triage,2026-09-18 23:41:00
P0867,X-Ray,2026-09-19 00:05:00
P0867,Doctor Consultation,2026-09-19 00:45:00
P0867,Discharge,2026-09-19 01:43:00
P0868,Registration,2026-09-18 22:34:00
P0868,Triage,2026-09-18 23:09:00
P0868,X-Ray,2026-09-19 00:00:00
P0868,Doctor Consultation,2026-09-19 00:21:00
P0868,Discharge,2026-09-19 00:46:00
P0869,Registration,2026-09-18 22:41:00
P0869,Triage,2026-09-18 22:50:00
P0869,X-Ray,2026-09-18 23:31:00
P0869,Doctor Consultation,2026-09-19 00:19:00
P0869,Discharge,2026-09-19 00:51:00
P0870,Registration,2026-09-18 22:47:00
P0870,Triage,2026-09-18 23:22:00
P0870,X-Ray,2026-09-19 00:14:00
P0870,Doctor Consultation,2026-09-19 01:16:00
P0870,Discharge,2026-09-19 01:36:00
P0871,Registration,2026-09-18 22:52:00
P0871,Triage,2026-09-18 23:38:00
P0871,X-Ray,2026-09-19 00:07:00
P0871,Doctor Consultation,2026-09-19 00:40:00
P0871,Discharge,2026-09-19 01:37:00
P0872,Registration,2026-09-18 22:59:00
P0872,Triage,2026-09-18 23:25:00
P0872,X-Ray,2026-09-19 00:11:00
P0872,Doctor Consultation,2026-09-19 00:58:00
P0872,Discharge,2026-09-19 01:53:00
P0873,Registration,2026-09-18 23:06:00
P0873,Triage,2026-09-18 23:49:00
P0873,X-Ray,2026-09-19 00:11:00
P0873,Doctor Consultation,2026-09-19 00:57:00
P0873,Discharge,2026-09-19 01:48:00
P0874,Registration,2026-09-18 23:16:00
P0874,Triage,2026-09-18 23:50:00
P0874,X-Ray,2026-09-19 00:31:00
P0874,Doctor Consultation,2026-09-19 01:14:00
P0874,Discharge,2026-09-19 01:37:00
P0875,Registration,2026-09-18 23:19:00
P0875,Triage,2026-09-18 23:35:00
P0875,X-Ray,2026-09-19 00:31:00
P0875,Doctor Consultation,2026-09-19 01:00:00
P0875,Discharge,2026-09-19 02:01:00
P0876,Registration,2026-09-18 23:25:00
P0876,Triage,2026-09-18 23:47:00
P0876,X-Ray,2026-09-19 00:39:00
P0876,Doctor Consultation,2026-09-19 01:07:00
P0876,Discharge,2026-09-19 01:58:00
P0877,Registration,2026-09-18 23:32:00
P0877,Triage,2026-09-19 00:08:00
P0877,X-Ray,2026-09-19 00:53:00
P0877,Doctor Consultation,2026-09-19 01:31:00
P0877,Discharge,2026-09-19 02:25:00
P0878,Registration,2026-09-18 23:38:00
P0878,Triage,2026-09-19 00:06:00
P0878,X-Ray,2026-09-19 00:37:00
P0878,Doctor Consultation,2026-09-19 01:18:00
P0878,Discharge,2026-09-19 01:34:00
P0879,Registration,2026-09-18 23:42:00
P0879,Triage,2026-09-19 00:12:00
P0879,X-Ray,2026-09-19 01:00:00
P0879,Doctor Consultation,2026-09-19 01:36:00
P0879,Discharge,2026-09-19 02:15:00
P0880,Registration,2026-09-18 23:44:00
P0880,Triage,2026-09-19 00:02:00
P0880,X-Ray,2026-09-19 00:46:00
P0880,Doctor Consultation,2026-09-19 01:28:00
P0880,Discharge,2026-09-19 02:26:00
P0881,Registration,2026-09-18 23:52:00
P0881,Triage,2026-09-19 00:32:00
P0881,X-Ray,2026-09-19 01:23:00
P0881,Triage,2026-09-19 02:12:00
P0881,X-Ray,2026-09-19 02:48:00
P0881,Doctor Consultation,2026-09-19 03:21:00
P0881,Discharge,2026-09-19 03:59:00
P0882,Registration,2026-09-18 23:55:00
P0882,Triage,2026-09-19 00:42:00
P0882,X-Ray,2026-09-19 01:10:00
P0882,Triage,2026-09-19 02:04:00
P0882,X-Ray,2026-09-19 02:27:00
P0882,Doctor Consultation,2026-09-19 03:15:00
P0882,Discharge,2026-09-19 03:38:00
P0883,Registration,2026-09-19 00:02:00
P0883,Triage,2026-09-19 00:29:00
P0883,X-Ray,2026-09-19 01:16:00
P0883,Triage,2026-09-19 01:58:00
P0883,X-Ray,2026-09-19 02:15:00
P0883,Doctor Consultation,2026-09-19 02:39:00
P0883,Discharge,2026-09-19 03:38:00
P0884,Registration,2026-09-19 00:05:00
P0884,Triage,2026-09-19 00:18:00
P0884,X-Ray,2026-09-19 00:48:00
P0884,Triage,2026-09-19 01:18:00
P0884,X-Ray,2026-09-19 01:33:00
P0884,Doctor Consultation,2026-09-19 02:18:00
P0884,Discharge,2026-09-19 03:04:00
P0885,Registration,2026-09-19 00:14:00
P0885,Triage,2026-09-19 00:28:00
P0885,X-Ray,2026-09-19 01:25:00
P0885,Doctor Consultation,2026-09-19 01:54:00
P0885,Discharge,2026-09-19 02:46:00
P0886,Registration,2026-09-19 00:23:00
P0886,Triage,2026-09-19 00:50:00
P0886,X-Ray,2026-09-19 01:11:00
P0886,Doctor Consultation,2026-09-19 02:12:00
P0886,Discharge,2026-09-19 02:35:00
P0887,Registration,2026-09-19 00:30:00
P0887,Triage,2026-09-19 00:47:00
P0887,X-Ray,2026-09-19 01:21:00
P0887,Doctor Consultation,2026-09-19 01:49:00
P0887,Discharge,2026-09-19 02:38:00
P0888,Registration,2026-09-19 00:40:00
P0888,Triage,2026-09-19 01:01:00
P0888,X-Ray,2026-09-19 01:23:00
P0888,Doctor Consultation,2026-09-19 01:42:00
P0888,Discharge,2026-09-19 02:15:00
P0889,Registration,2026-09-19 00:43:00
P0889,Triage,2026-09-19 01:08:00
P0889,X-Ray,2026-09-19 01:52:00
P0889,Doctor Consultation,2026-09-19 02:15:00
P0889,Discharge,2026-09-19 03:16:00
P0890,Registration,2026-09-19 00:52:00
P0890,Triage,2026-09-19 01:29:00
P0890,X-Ray,2026-09-19 02:12:00
P0890,Doctor Consultation,2026-09-19 02:46:00
P0890,Discharge,2026-09-19 03:18:00
P0891,Registration,2026-09-19 01:00:00
P0891,Triage,2026-09-19 01:19:00
P0891,X-Ray,2026-09-19 02:03:00
P0891,Triage,2026-09-19 02:52:00
P0891,X-Ray,2026-09-19 03:46:00
P0891,Doctor Consultation,2026-09-19 04:25:00
P0891,Discharge,2026-09-19 05:21:00
P0892,Registration,2026-09-19 01:08:00
P0892,Triage,2026-09-19 01:40:00
P0892,X-Ray,2026-09-19 02:04:00
P0892,Triage,2026-09-19 02:36:00
P0892,X-Ray,2026-09-19 03:18:00
P0892,Doctor Consultation,2026-09-19 04:14:00
P0892,Discharge,2026-09-19 05:00:00
P0893,Registration,2026-09-19 01:16:00
P0893,Triage,2026-09-19 01:44:00
P0893,X-Ray,2026-09-19 02:11:00
P0893,Triage,2026-09-19 02:46:00
P0893,X-Ray,2026-09-19 03:10:00
P0893,Doctor Consultation,2026-09-19 03:58:00
P0893,Discharge,2026-09-19 04:33:00
P0894,Registration,2026-09-19 01:19:00
P0894,Triage,2026-09-19 01:47:00
P0894,X-Ray,2026-09-19 02:29:00
P0894,Triage,2026-09-19 03:13:00
P0894,X-Ray,2026-09-19 04:01:00
P0894,Doctor Consultation,2026-09-19 04:41:00
P0894,Discharge,2026-09-19 05:43:00
P0895,Registration,2026-09-19 01:29:00
P0895,Triage,2026-09-19 02:16:00
P0895,X-Ray,2026-09-19 02:40:00
P0895,Triage,2026-09-19 03:30:00
P0895,X-Ray,2026-09-19 04:17:00
P0895,Doctor Consultation,2026-09-19 04:57:00
P0895,Discharge,2026-09-19 05:30:00
P0896,Registration,2026-09-19 01:38:00
P0896,Triage,2026-09-19 02:13:00
P0896,X-Ray,2026-09-19 02:31:00
P0896,Doctor Consultation,2026-09-19 03:03:00
P0896,Discharge,2026-09-19 04:05:00
P0897,Registration,2026-09-19 01:43:00
P0897,Triage,2026-09-19 01:53:00
P0897,X-Ray,2026-09-19 02:49:00
P0897,Doctor Consultation,2026-09-19 03:33:00
P0897,Discharge,2026-09-19 04:05:00
P0898,Registration,2026-09-19 01:45:00
P0898,Triage,2026-09-19 02:13:00
P0898,X-Ray,2026-09-19 02:34:00
P0898,Doctor Consultation,2026-09-19 03:20:00
P0898,Discharge,2026-09-19 04:04:00
P0899,Registration,2026-09-19 01:51:00
P0899,Triage,2026-09-19 02:25:00
P0899,X-Ray,2026-09-19 03:11:00
P0899,Triage,2026-09-19 04:02:00
P0899,X-Ray,2026-09-19 04:24:00
P0899,Doctor Consultation,2026-09-19 05:04:00
P0899,Discharge,2026-09-19 06:04:00
P0900,Registration,2026-09-19 01:58:00
P0900,Triage,2026-09-19 02:06:00
P0900,X-Ray,2026-09-19 02:22:00
P0900,Doctor Consultation,2026-09-19 02:45:00
P0900,Discharge,2026-09-19 03:23:00
P0901,Registration,2026-09-19 02:03:00
P0901,Triage,2026-09-19 02:34:00
P0901,X-Ray,2026-09-19 02:52:00
P0901,Triage,2026-09-19 03:23:00
P0901,X-Ray,2026-09-19 03:40:00
P0901,Doctor Consultation,2026-09-19 04:14:00
P0901,Discharge,2026-09-19 04:47:00
P0902,Registration,2026-09-19 02:11:00
P0902,Triage,2026-09-19 02:27:00
P0902,X-Ray,2026-09-19 03:15:00
P0902,Triage,2026-09-19 03:39:00
P0902,X-Ray,2026-09-19 04:03:00
P0902,Doctor Consultation,2026-09-19 04:53:00
P0902,Discharge,2026-09-19 05:29:00
P0903,Registration,2026-09-19 02:20:00
P0903,Triage,2026-09-19 02:49:00
P0903,X-Ray,2026-09-19 03:20:00
P0903,Doctor Consultation,2026-09-19 03:52:00
P0903,Discharge,2026-09-19 04:21:00
P0904,Registration,2026-09-19 02:30:00
P0904,Triage,2026-09-19 02:51:00
P0904,X-Ray,2026-09-19 03:06:00
P0904,Doctor Consultation,2026-09-19 03:31:00
P0904,Discharge,2026-09-19 03:52:00
P0905,Registration,2026-09-19 02:39:00
P0905,Triage,2026-09-19 03:18:00
P0905,X-Ray,2026-09-19 03:50:00
P0905,Doctor Consultation,2026-09-19 04:45:00
P0905,Discharge,2026-09-19 05:29:00
P0906,Registration,2026-09-19 02:43:00
P0906,Triage,2026-09-19 02:58:00
P0906,X-Ray,2026-09-19 03:34:00
P0906,Doctor Consultation,2026-09-19 04:23:00
P0906,Discharge,2026-09-19 05:09:00
P0907,Registration,2026-09-19 02:46:00
P0907,Triage,2026-09-19 03:13:00
P0907,X-Ray,2026-09-19 03:38:00
P0907,Triage,2026-09-19 04:24:00
P0907,X-Ray,2026-09-19 04:42:00
P0907,Doctor Consultation,2026-09-19 05:01:00
P0907,Discharge,2026-09-19 05:41:00
P0908,Registration,2026-09-19 02:48:00
P0908,Triage,2026-09-19 03:20:00
P0908,X-Ray,2026-09-19 03:41:00
P0908,Doctor Consultation,2026-09-19 04:09:00
P0908,Discharge,2026-09-19 05:02:00
P0909,Registration,2026-09-19 02:52:00
P0909,Triage,2026-09-19 03:34:00
P0909,X-Ray,2026-09-19 03:52:00
P0909,Doctor Consultation,2026-09-19 04:31:00
P0909,Discharge,2026-09-19 05:03:00
P0910,Registration,2026-09-19 03:00:00
P0910,Triage,2026-09-19 03:22:00
P0910,X-Ray,2026-09-19 03:48:00
P0910,Doctor Consultation,2026-09-19 04:20:00
P0910,Discharge,2026-09-19 05:16:00
P0911,Registration,2026-09-19 03:10:00
P0911,Triage,2026-09-19 03:32:00
P0911,X-Ray,2026-09-19 03:57:00
P0911,Doctor Consultation,2026-09-19 04:16:00
P0911,Discharge,2026-09-19 05:08:00
P0912,Registration,2026-09-19 03:15:00
P0912,Triage,2026-09-19 03:39:00
P0912,X-Ray,2026-09-19 04:31:00
P0912,Triage,2026-09-19 05:17:00
P0912,X-Ray,2026-09-19 05:39:00
P0912,Doctor Consultation,2026-09-19 06:14:00
P0912,Discharge,2026-09-19 06:57:00
P0913,Registration,2026-09-19 03:20:00
P0913,Triage,2026-09-19 04:07:00
P0913,X-Ray,2026-09-19 04:21:00
P0913,Triage,2026-09-19 04:48:00
P0913,X-Ray,2026-09-19 05:45:00
P0913,Doctor Consultation,2026-09-19 06:26:00
P0913,Discharge,2026-09-19 06:58:00
P0914,Registration,2026-09-19 03:23:00
P0914,Triage,2026-09-19 04:01:00
P0914,X-Ray,2026-09-19 04:13:00
P0914,Triage,2026-09-19 05:08:00
P0914,X-Ray,2026-09-19 05:45:00
P0914,Doctor Consultation,2026-09-19 06:11:00
P0914,Discharge,2026-09-19 06:38:00
P0915,Registration,2026-09-19 03:25:00
P0915,Triage,2026-09-19 04:12:00
P0915,X-Ray,2026-09-19 04:53:00
P0915,Doctor Consultation,2026-09-19 05:41:00
P0915,Discharge,2026-09-19 06:01:00
P0916,Registration,2026-09-19 03:31:00
P0916,Triage,2026-09-19 03:48:00
P0916,X-Ray,2026-09-19 04:05:00
P0916,Doctor Consultation,2026-09-19 04:45:00
P0916,Discharge,2026-09-19 05:45:00
P0917,Registration,2026-09-19 03:41:00
P0917,Triage,2026-09-19 04:07:00
P0917,X-Ray,2026-09-19 04:51:00
P0917,Triage,2026-09-19 05:28:00
P0917,X-Ray,2026-09-19 06:03:00
P0917,Doctor Consultation,2026-09-19 07:04:00
P0917,Discharge,2026-09-19 07:41:00
P0918,Registration,2026-09-19 03:51:00
P0918,Triage,2026-09-19 04:07:00
P0918,X-Ray,2026-09-19 04:37:00
P0918,Doctor Consultation,2026-09-19 05:11:00
P0918,Discharge,2026-09-19 06:08:00
P0919,Registration,2026-09-19 03:56:00
P0919,Triage,2026-09-19 04:29:00
P0919,X-Ray,2026-09-19 04:47:00
P0919,Doctor Consultation,2026-09-19 05:29:00
P0919,Discharge,2026-09-19 06:04:00
P0920,Registration,2026-09-19 04:06:00
P0920,Triage,2026-09-19 04:36:00
P0920,X-Ray,2026-09-19 05:29:00
P0920,Triage,2026-09-19 06:07:00
P0920,X-Ray,2026-09-19 06:33:00
P0920,Doctor Consultation,2026-09-19 07:25:00
P0920,Discharge,2026-09-19 08:29:00
P0921,Registration,2026-09-19 04:14:00
P0921,Triage,2026-09-19 04:41:00
P0921,X-Ray,2026-09-19 04:52:00
P0921,Doctor Consultation,2026-09-19 05:23:00
P0921,Discharge,2026-09-19 06:01:00
P0922,Registration,2026-09-19 04:24:00
P0922,Triage,2026-09-19 05:04:00
P0922,X-Ray,2026-09-19 05:22:00
P0922,Doctor Consultation,2026-09-19 05:41:00
P0922,Discharge,2026-09-19 06:12:00
P0923,Registration,2026-09-19 04:30:00
P0923,Triage,2026-09-19 04:40:00
P0923,X-Ray,2026-09-19 05:16:00
P0923,Doctor Consultation,2026-09-19 05:58:00
P0923,Discharge,2026-09-19 06:24:00
P0924,Registration,2026-09-19 04:36:00
P0924,Triage,2026-09-19 05:17:00
P0924,X-Ray,2026-09-19 06:12:00
P0924,Triage,2026-09-19 06:34:00
P0924,X-Ray,2026-09-19 06:57:00
P0924,Doctor Consultation,2026-09-19 07:42:00
P0924,Discharge,2026-09-19 08:17:00
P0925,Registration,2026-09-19 04:38:00
P0925,Triage,2026-09-19 05:02:00
P0925,X-Ray,2026-09-19 06:02:00
P0925,Doctor Consultation,2026-09-19 06:50:00
P0925,Discharge,2026-09-19 07:23:00
P0926,Registration,2026-09-19 04:44:00
P0926,Triage,2026-09-19 05:28:00
P0926,X-Ray,2026-09-19 06:04:00
P0926,Doctor Consultation,2026-09-19 06:36:00
P0926,Discharge,2026-09-19 07:13:00
P0927,Registration,2026-09-19 04:52:00
P0927,Triage,2026-09-19 05:20:00
P0927,X-Ray,2026-09-19 05:50:00
P0927,Doctor Consultation,2026-09-19 06:54:00
P0927,Discharge,2026-09-19 07:57:00
P0928,Registration,2026-09-19 05:00:00
P0928,Triage,2026-09-19 05:16:00
P0928,X-Ray,2026-09-19 06:01:00
P0928,Doctor Consultation,2026-09-19 06:43:00
P0928,Discharge,2026-09-19 07:38:00
P0929,Registration,2026-09-19 05:08:00
P0929,Triage,2026-09-19 05:47:00
P0929,X-Ray,2026-09-19 06:32:00
P0929,Doctor Consultation,2026-09-19 07:13:00
P0929,Discharge,2026-09-19 07:38:00
P0930,Registration,2026-09-19 05:13:00
P0930,Triage,2026-09-19 05:30:00
P0930,X-Ray,2026-09-19 06:23:00
P0930,Doctor Consultation,2026-09-19 07:05:00
P0930,Discharge,2026-09-19 07:46:00
P0931,Registration,2026-09-19 05:21:00
P0931,Triage,2026-09-19 06:04:00
P0931,X-Ray,2026-09-19 06:24:00
P0931,Doctor Consultation,2026-09-19 06:43:00
P0931,Discharge,2026-09-19 07:12:00
P0932,Registration,2026-09-19 05:24:00
P0932,Triage,2026-09-19 05:55:00
P0932,X-Ray,2026-09-19 06:12:00
P0932,Doctor Consultation,2026-09-19 07:08:00
P0932,Discharge,2026-09-19 07:37:00
P0933,Registration,2026-09-19 05:34:00
P0933,Triage,2026-09-19 05:52:00
P0933,X-Ray,2026-09-19 06:45:00
P0933,Doctor Consultation,2026-09-19 07:21:00
P0933,Discharge,2026-09-19 07:45:00
P0934,Registration,2026-09-19 05:39:00
P0934,Triage,2026-09-19 05:55:00
P0934,X-Ray,2026-09-19 06:21:00
P0934,Triage,2026-09-19 06:50:00
P0934,X-Ray,2026-09-19 07:16:00
P0934,Doctor Consultation,2026-09-19 08:02:00
P0934,Discharge,2026-09-19 08:49:00
P0935,Registration,2026-09-19 05:47:00
P0935,Triage,2026-09-19 06:13:00
P0935,X-Ray,2026-09-19 06:59:00
P0935,Triage,2026-09-19 07:31:00
P0935,X-Ray,2026-09-19 08:05:00
P0935,Doctor Consultation,2026-09-19 08:57:00
P0935,Discharge,2026-09-19 09:42:00
P0936,Registration,2026-09-19 05:49:00
P0936,Triage,2026-09-19 06:07:00
P0936,X-Ray,2026-09-19 06:59:00
P0936,Triage,2026-09-19 07:47:00
P0936,X-Ray,2026-09-19 08:22:00
P0936,Doctor Consultation,2026-09-19 08:47:00
P0936,Discharge,2026-09-19 09:40:00
P0937,Registration,2026-09-19 05:57:00
P0937,Triage,2026-09-19 06:33:00
P0937,X-Ray,2026-09-19 07:16:00
P0937,Doctor Consultation,2026-09-19 07:34:00
P0937,Discharge,2026-09-19 08:27:00
P0938,Registration,2026-09-19 06:05:00
P0938,Triage,2026-09-19 06:16:00
P0938,X-Ray,2026-09-19 07:15:00
P0938,Triage,2026-09-19 07:39:00
P0938,X-Ray,2026-09-19 08:02:00
P0938,Doctor Consultation,2026-09-19 08:53:00
P0938,Discharge,2026-09-19 09:16:00
P0939,Registration,2026-09-19 06:12:00
P0939,Triage,2026-09-19 06:42:00
P0939,X-Ray,2026-09-19 07:24:00
P0939,Doctor Consultation,2026-09-19 07:51:00
P0939,Discharge,2026-09-19 08:20:00
P0940,Registration,2026-09-19 06:19:00
P0940,Triage,2026-09-19 06:44:00
P0940,X-Ray,2026-09-19 07:23:00
P0940,Doctor Consultation,2026-09-19 07:48:00
P0940,Discharge,2026-09-19 08:42:00
P0941,Registration,2026-09-19 06:23:00
P0941,Triage,2026-09-19 06:40:00
P0941,X-Ray,2026-09-19 07:32:00
P0941,Doctor Consultation,2026-09-19 08:18:00
P0941,Discharge,2026-09-19 08:49:00
P0942,Registration,2026-09-19 06:25:00
P0942,Triage,2026-09-19 06:47:00
P0942,X-Ray,2026-09-19 07:04:00
P0942,Doctor Consultation,2026-09-19 07:56:00
P0942,Discharge,2026-09-19 08:35:00
P0943,Registration,2026-09-19 06:28:00
P0943,Triage,2026-09-19 07:00:00
P0943,X-Ray,2026-09-19 07:20:00
P0943,Doctor Consultation,2026-09-19 08:14:00
P0943,Discharge,2026-09-19 08:44:00
P0944,Registration,2026-09-19 06:31:00
P0944,Triage,2026-09-19 07:18:00
P0944,X-Ray,2026-09-19 07:39:00
P0944,Doctor Consultation,2026-09-19 08:16:00
P0944,Discharge,2026-09-19 09:02:00
P0945,Registration,2026-09-19 06:35:00
P0945,Triage,2026-09-19 06:55:00
P0945,X-Ray,2026-09-19 07:40:00
P0945,Doctor Consultation,2026-09-19 08:20:00
P0945,Discharge,2026-09-19 08:54:00
P0946,Registration,2026-09-19 06:43:00
P0946,Triage,2026-09-19 06:56:00
P0946,X-Ray,2026-09-19 07:16:00
P0946,Doctor Consultation,2026-09-19 07:47:00
P0946,Discharge,2026-09-19 08:10:00
P0947,Registration,2026-09-19 06:45:00
P0947,Triage,2026-09-19 07:31:00
P0947,X-Ray,2026-09-19 07:53:00
P0947,Doctor Consultation,2026-09-19 08:24:00
P0947,Discharge,2026-09-19 09:06:00
P0948,Registration,2026-09-19 06:54:00
P0948,Triage,2026-09-19 07:42:00
P0948,X-Ray,2026-09-19 08:08:00
P0948,Doctor Consultation,2026-09-19 08:52:00
P0948,Discharge,2026-09-19 10:00:00
P0949,Registration,2026-09-19 06:57:00
P0949,Triage,2026-09-19 07:38:00
P0949,X-Ray,2026-09-19 07:58:00
P0949,Doctor Consultation,2026-09-19 08:45:00
P0949,Discharge,2026-09-19 09:10:00
P0950,Registration,2026-09-19 06:59:00
P0950,Triage,2026-09-19 07:24:00
P0950,X-Ray,2026-09-19 08:02:00
P0950,Triage,2026-09-19 08:28:00
P0950,X-Ray,2026-09-19 08:46:00
P0950,Doctor Consultation,2026-09-19 09:45:00
P0950,Discharge,2026-09-19 10:40:00
P0951,Registration,2026-09-19 07:07:00
P0951,Triage,2026-09-19 07:51:00
P0951,X-Ray,2026-09-19 08:24:00
P0951,Doctor Consultation,2026-09-19 08:50:00
P0951,Discharge,2026-09-19 09:27:00
P0952,Registration,2026-09-19 07:13:00
P0952,Triage,2026-09-19 07:28:00
P0952,X-Ray,2026-09-19 08:16:00
P0952,Triage,2026-09-19 08:39:00
P0952,X-Ray,2026-09-19 09:23:00
P0952,Doctor Consultation,2026-09-19 10:15:00
P0952,Discharge,2026-09-19 10:53:00
P0953,Registration,2026-09-19 07:21:00
P0953,Triage,2026-09-19 08:03:00
P0953,X-Ray,2026-09-19 08:28:00
P0953,Doctor Consultation,2026-09-19 08:49:00
P0953,Discharge,2026-09-19 09:09:00
P0954,Registration,2026-09-19 07:31:00
P0954,Triage,2026-09-19 08:07:00
P0954,X-Ray,2026-09-19 08:43:00
P0954,Triage,2026-09-19 09:02:00
P0954,X-Ray,2026-09-19 09:13:00
P0954,Doctor Consultation,2026-09-19 10:05:00
P0954,Discharge,2026-09-19 10:33:00
P0955,Registration,2026-09-19 07:33:00
P0955,Triage,2026-09-19 07:51:00
P0955,X-Ray,2026-09-19 08:34:00
P0955,Doctor Consultation,2026-09-19 09:05:00
P0955,Discharge,2026-09-19 09:51:00
P0956,Registration,2026-09-19 07:40:00
P0956,Triage,2026-09-19 08:16:00
P0956,X-Ray,2026-09-19 08:41:00
P0956,Doctor Consultation,2026-09-19 09:04:00
P0956,Discharge,2026-09-19 09:33:00
P0957,Registration,2026-09-19 07:50:00
P0957,Triage,2026-09-19 08:12:00
P0957,X-Ray,2026-09-19 08:26:00
P0957,Doctor Consultation,2026-09-19 08:49:00
P0957,Discharge,2026-09-19 09:29:00
P0958,Registration,2026-09-19 07:52:00
P0958,Triage,2026-09-19 08:18:00
P0958,X-Ray,2026-09-19 09:08:00
P0958,Triage,2026-09-19 09:59:00
P0958,X-Ray,2026-09-19 10:26:00
P0958,Doctor Consultation,2026-09-19 10:55:00
P0958,Discharge,2026-09-19 11:28:00
P0959,Registration,2026-09-19 08:01:00
P0959,Triage,2026-09-19 08:24:00
P0959,X-Ray,2026-09-19 09:00:00
P0959,Doctor Consultation,2026-09-19 09:55:00
P0959,Discharge,2026-09-19 10:34:00
P0960,Registration,2026-09-19 08:08:00
P0960,Triage,2026-09-19 08:18:00
P0960,X-Ray,2026-09-19 08:59:00
P0960,Doctor Consultation,2026-09-19 09:54:00
P0960,Discharge,2026-09-19 10:22:00
P0961,Registration,2026-09-19 08:12:00
P0961,Triage,2026-09-19 08:39:00
P0961,X-Ray,2026-09-19 09:10:00
P0961,Doctor Consultation,2026-09-19 09:49:00
P0961,Discharge,2026-09-19 10:10:00
P0962,Registration,2026-09-19 08:21:00
P0962,Triage,2026-09-19 08:38:00
P0962,X-Ray,2026-09-19 09:19:00
P0962,Doctor Consultation,2026-09-19 09:51:00
P0962,Discharge,2026-09-19 10:51:00
P0963,Registration,2026-09-19 08:27:00
P0963,Triage,2026-09-19 08:37:00
P0963,X-Ray,2026-09-19 09:30:00
P0963,Doctor Consultation,2026-09-19 10:22:00
P0963,Discharge,2026-09-19 11:01:00
P0964,Registration,2026-09-19 08:36:00
P0964,Triage,2026-09-19 09:08:00
P0964,X-Ray,2026-09-19 09:47:00
P0964,Triage,2026-09-19 10:13:00
P0964,X-Ray,2026-09-19 10:52:00
P0964,Doctor Consultation,2026-09-19 11:41:00
P0964,Discharge,2026-09-19 12:08:00
P0965,Registration,2026-09-19 08:42:00
P0965,Triage,2026-09-19 08:51:00
P0965,X-Ray,2026-09-19 09:45:00
P0965,Doctor Consultation,2026-09-19 10:33:00
P0965,Discharge,2026-09-19 10:55:00
P0966,Registration,2026-09-19 08:48:00
P0966,Triage,2026-09-19 09:25:00
P0966,X-Ray,2026-09-19 10:20:00
P0966,Doctor Consultation,2026-09-19 10:59:00
P0966,Discharge,2026-09-19 11:43:00
P0967,Registration,2026-09-19 08:53:00
P0967,Triage,2026-09-19 09:17:00
P0967,X-Ray,2026-09-19 09:54:00
P0967,Triage,2026-09-19 10:25:00
P0967,X-Ray,2026-09-19 11:01:00
P0967,Doctor Consultation,2026-09-19 11:57:00
P0967,Discharge,2026-09-19 12:26:00
P0968,Registration,2026-09-19 09:00:00
P0968,Triage,2026-09-19 09:47:00
P0968,X-Ray,2026-09-19 10:04:00
P0968,Triage,2026-09-19 10:59:00
P0968,X-Ray,2026-09-19 11:39:00
P0968,Doctor Consultation,2026-09-19 12:09:00
P0968,Discharge,2026-09-19 13:07:00
P0969,Registration,2026-09-19 09:09:00
P0969,Triage,2026-09-19 09:38:00
P0969,X-Ray,2026-09-19 10:35:00
P0969,Triage,2026-09-19 11:11:00
P0969,X-Ray,2026-09-19 11:30:00
P0969,Doctor Consultation,2026-09-19 11:59:00
P0969,Discharge,2026-09-19 13:01:00
P0970,Registration,2026-09-19 09:12:00
P0970,Triage,2026-09-19 09:38:00
P0970,X-Ray,2026-09-19 10:23:00
P0970,Doctor Consultation,2026-09-19 10:54:00
P0970,Discharge,2026-09-19 11:23:00
P0971,Registration,2026-09-19 09:17:00
P0971,Triage,2026-09-19 09:35:00
P0971,X-Ray,2026-09-19 10:27:00
P0971,Triage,2026-09-19 11:26:00
P0971,X-Ray,2026-09-19 11:43:00
P0971,Doctor Consultation,2026-09-19 12:20:00
P0971,Discharge,2026-09-19 12:52:00
P0972,Registration,2026-09-19 09:19:00
P0972,Triage,2026-09-19 10:02:00
P0972,X-Ray,2026-09-19 10:50:00
P0972,Doctor Consultation,2026-09-19 11:30:00
P0972,Discharge,2026-09-19 11:52:00
P0973,Registration,2026-09-19 09:22:00
P0973,Triage,2026-09-19 09:43:00
P0973,X-Ray,2026-09-19 10:34:00
P0973,Doctor Consultation,2026-09-19 11:20:00
P0973,Discharge,2026-09-19 12:04:00
P0974,Registration,2026-09-19 09:26:00
P0974,Triage,2026-09-19 09:56:00
P0974,X-Ray,2026-09-19 10:35:00
P0974,Triage,2026-09-19 11:15:00
P0974,X-Ray,2026-09-19 11:35:00
P0974,Doctor Consultation,2026-09-19 12:15:00
P0974,Discharge,2026-09-19 12:49:00
P0975,Registration,2026-09-19 09:28:00
P0975,Triage,2026-09-19 09:56:00
P0975,X-Ray,2026-09-19 10:46:00
P0975,Triage,2026-09-19 11:32:00
P0975,X-Ray,2026-09-19 12:09:00
P0975,Doctor Consultation,2026-09-19 12:35:00
P0975,Discharge,2026-09-19 13:18:00
P0976,Registration,2026-09-19 09:31:00
P0976,Triage,2026-09-19 10:15:00
P0976,X-Ray,2026-09-19 11:09:00
P0976,Doctor Consultation,2026-09-19 12:09:00
P0976,Discharge,2026-09-19 13:11:00
P0977,Registration,2026-09-19 09:41:00
P0977,Triage,2026-09-19 10:24:00
P0977,X-Ray,2026-09-19 11:10:00
P0977,Doctor Consultation,2026-09-19 11:47:00
P0977,Discharge,2026-09-19 12:44:00
P0978,Registration,2026-09-19 09:46:00
P0978,Triage,2026-09-19 10:09:00
P0978,X-Ray,2026-09-19 10:46:00
P0978,Triage,2026-09-19 11:17:00
P0978,X-Ray,2026-09-19 12:00:00
P0978,Doctor Consultation,2026-09-19 12:25:00
P0978,Discharge,2026-09-19 13:26:00
P0979,Registration,2026-09-19 09:53:00
P0979,Triage,2026-09-19 10:29:00
P0979,X-Ray,2026-09-19 10:59:00
P0979,Doctor Consultation,2026-09-19 11:31:00
P0979,Discharge,2026-09-19 12:19:00
P0980,Registration,2026-09-19 09:59:00
P0980,Triage,2026-09-19 10:28:00
P0980,X-Ray,2026-09-19 10:44:00
P0980,Doctor Consultation,2026-09-19 11:31:00
P0980,Discharge,2026-09-19 12:26:00
P0981,Registration,2026-09-19 10:04:00
P0981,Triage,2026-09-19 10:14:00
P0981,X-Ray,2026-09-19 10:33:00
P0981,Doctor Consultation,2026-09-19 11:10:00
P0981,Discharge,2026-09-19 11:46:00
P0982,Registration,2026-09-19 10:06:00
P0982,Triage,2026-09-19 10:23:00
P0982,X-Ray,2026-09-19 10:42:00
P0982,Doctor Consultation,2026-09-19 11:38:00
P0982,Discharge,2026-09-19 12:32:00
P0983,Registration,2026-09-19 10:10:00
P0983,Triage,2026-09-19 10:36:00
P0983,X-Ray,2026-09-19 11:08:00
P0983,Doctor Consultation,2026-09-19 12:05:00
P0983,Discharge,2026-09-19 12:25:00
P0984,Registration,2026-09-19 10:17:00
P0984,Triage,2026-09-19 11:07:00
P0984,X-Ray,2026-09-19 11:51:00
P0984,Doctor Consultation,2026-09-19 12:40:00
P0984,Discharge,2026-09-19 13:10:00
P0985,Registration,2026-09-19 10:21:00
P0985,Triage,2026-09-19 10:59:00
P0985,X-Ray,2026-09-19 11:35:00
P0985,Doctor Consultation,2026-09-19 12:08:00
P0985,Discharge,2026-09-19 12:37:00
P0986,Registration,2026-09-19 10:27:00
P0986,Triage,2026-09-19 11:10:00
P0986,X-Ray,2026-09-19 12:01:00
P0986,Doctor Consultation,2026-09-19 12:57:00
P0986,Discharge,2026-09-19 13:43:00
P0987,Registration,2026-09-19 10:35:00
P0987,Triage,2026-09-19 10:52:00
P0987,X-Ray,2026-09-19 11:15:00
P0987,Triage,2026-09-19 12:09:00
P0987,X-Ray,2026-09-19 12:59:00
P0987,Doctor Consultation,2026-09-19 13:43:00
P0987,Discharge,2026-09-19 14:23:00
P0988,Registration,2026-09-19 10:39:00
P0988,Triage,2026-09-19 11:19:00
P0988,X-Ray,2026-09-19 11:50:00
P0988,Triage,2026-09-19 12:25:00
P0988,X-Ray,2026-09-19 13:17:00
P0988,Doctor Consultation,2026-09-19 13:47:00
P0988,Discharge,2026-09-19 14:19:00
P0989,Registration,2026-09-19 10:44:00
P0989,Triage,2026-09-19 10:53:00
P0989,X-Ray,2026-09-19 11:14:00
P0989,Doctor Consultation,2026-09-19 12:11:00
P0989,Discharge,2026-09-19 12:32:00
P0990,Registration,2026-09-19 10:46:00
P0990,Triage,2026-09-19 11:31:00
P0990,X-Ray,2026-09-19 12:15:00
P0990,Doctor Consultation,2026-09-19 12:46:00
P0990,Discharge,2026-09-19 13:33:00
P0991,Registration,2026-09-19 10:49:00
P0991,Triage,2026-09-19 11:30:00
P0991,X-Ray,2026-09-19 11:49:00
P0991,Doctor Consultation,2026-09-19 12:23:00
P0991,Discharge,2026-09-19 13:03:00
P0992,Registration,2026-09-19 10:54:00
P0992,Triage,2026-09-19 11:13:00
P0992,X-Ray,2026-09-19 11:52:00
P0992,Doctor Consultation,2026-09-19 12:40:00
P0992,Discharge,2026-09-19 13:17:00
P0993,Registration,2026-09-19 11:02:00
P0993,Triage,2026-09-19 11:23:00
P0993,X-Ray,2026-09-19 12:21:00
P0993,Triage,2026-09-19 13:16:00
P0993,X-Ray,2026-09-19 13:36:00
P0993,Doctor Consultation,2026-09-19 14:02:00
P0993,Discharge,2026-09-19 14:43:00
P0994,Registration,2026-09-19 11:08:00
P0994,Triage,2026-09-19 11:29:00
P0994,X-Ray,2026-09-19 12:04:00
P0994,Doctor Consultation,2026-09-19 12:33:00
P0994,Discharge,2026-09-19 13:23:00
P0995,Registration,2026-09-19 11:10:00
P0995,Triage,2026-09-19 11:55:00
P0995,X-Ray,2026-09-19 12:27:00
P0995,Doctor Consultation,2026-09-19 12:46:00
P0995,Discharge,2026-09-19 13:30:00
P0996,Registration,2026-09-19 11:15:00
P0996,Triage,2026-09-19 11:58:00
P0996,X-Ray,2026-09-19 12:29:00
P0996,Doctor Consultation,2026-09-19 13:02:00
P0996,Discharge,2026-09-19 13:57:00
P0997,Registration,2026-09-19 11:23:00
P0997,Triage,2026-09-19 11:51:00
P0997,X-Ray,2026-09-19 12:16:00
P0997,Doctor Consultation,2026-09-19 12:50:00
P0997,Discharge,2026-09-19 13:46:00
P0998,Registration,2026-09-19 11:28:00
P0998,Triage,2026-09-19 11:46:00
P0998,X-Ray,2026-09-19 12:23:00
P0998,Doctor Consultation,2026-09-19 12:55:00
P0998,Discharge,2026-09-19 13:46:00
P0999,Registration,2026-09-19 11:37:00
P0999,Triage,2026-09-19 12:25:00
P0999,X-Ray,2026-09-19 12:56:00
P0999,Doctor Consultation,2026-09-19 13:29:00
P0999,Discharge,2026-09-19 14:24:00
P1000,Registration,2026-09-19 11:45:00
P1000,Triage,2026-09-19 12:10:00
P1000,X-Ray,2026-09-19 12:50:00
P1000,Triage,2026-09-19 13:36:00
P1000,X-Ray,2026-09-19 14:20:00
P1000,Doctor Consultation,2026-09-19 14:57:00
P1000,Discharge,2026-09-19 15:30:00
P1001,Registration,2026-09-19 11:50:00
P1001,Triage,2026-09-19 12:16:00
P1001,X-Ray,2026-09-19 12:59:00
P1001,Triage,2026-09-19 13:53:00
P1001,X-Ray,2026-09-19 14:39:00
P1001,Doctor Consultation,2026-09-19 15:37:00
P1001,Discharge,2026-09-19 16:34:00
P1002,Registration,2026-09-19 11:54:00
P1002,Triage,2026-09-19 12:02:00
P1002,X-Ray,2026-09-19 12:23:00
P1002,Doctor Consultation,2026-09-19 13:05:00
P1002,Discharge,2026-09-19 13:25:00
P1003,Registration,2026-09-19 12:01:00
P1003,Triage,2026-09-19 12:43:00
P1003,X-Ray,2026-09-19 13:13:00
P1003,Doctor Consultation,2026-09-19 13:42:00
P1003,Discharge,2026-09-19 14:29:00
P1004,Registration,2026-09-19 12:06:00
P1004,Triage,2026-09-19 12:14:00
P1004,X-Ray,2026-09-19 12:25:00
P1004,Doctor Consultation,2026-09-19 12:54:00
P1004,Discharge,2026-09-19 13:52:00
P1005,Registration,2026-09-19 12:10:00
P1005,Triage,2026-09-19 12:31:00
P1005,X-Ray,2026-09-19 13:06:00
P1005,Triage,2026-09-19 13:38:00
P1005,X-Ray,2026-09-19 14:13:00
P1005,Doctor Consultation,2026-09-19 15:03:00
P1005,Discharge,2026-09-19 15:39:00
P1006,Registration,2026-09-19 12:13:00
P1006,Triage,2026-09-19 12:24:00
P1006,X-Ray,2026-09-19 13:08:00
P1006,Triage,2026-09-19 13:41:00
P1006,X-Ray,2026-09-19 14:29:00
P1006,Doctor Consultation,2026-09-19 15:02:00
P1006,Discharge,2026-09-19 15:46:00
P1007,Registration,2026-09-19 12:23:00
P1007,Triage,2026-09-19 12:49:00
P1007,X-Ray,2026-09-19 13:18:00
P1007,Doctor Consultation,2026-09-19 13:50:00
P1007,Discharge,2026-09-19 14:44:00
P1008,Registration,2026-09-19 12:31:00
P1008,Triage,2026-09-19 13:16:00
P1008,X-Ray,2026-09-19 14:00:00
P1008,Triage,2026-09-19 14:53:00
P1008,X-Ray,2026-09-19 15:26:00
P1008,Doctor Consultation,2026-09-19 15:48:00
P1008,Discharge,2026-09-19 16:43:00
P1009,Registration,2026-09-19 12:41:00
P1009,Triage,2026-09-19 13:05:00
P1009,X-Ray,2026-09-19 13:25:00
P1009,Doctor Consultation,2026-09-19 14:00:00
P1009,Discharge,2026-09-19 14:52:00
P1010,Registration,2026-09-19 12:44:00
P1010,Triage,2026-09-19 13:02:00
P1010,X-Ray,2026-09-19 13:27:00
P1010,Doctor Consultation,2026-09-19 14:18:00
P1010,Discharge,2026-09-19 14:51:00
P1011,Registration,2026-09-19 12:49:00
P1011,Triage,2026-09-19 13:38:00
P1011,X-Ray,2026-09-19 14:28:00
P1011,Triage,2026-09-19 15:06:00
P1011,X-Ray,2026-09-19 15:47:00
P1011,Doctor Consultation,2026-09-19 16:32:00
P1011,Discharge,2026-09-19 17:17:00
P1012,Registration,2026-09-19 12:51:00
P1012,Triage,2026-09-19 13:01:00
P1012,X-Ray,2026-09-19 13:28:00
P1012,Triage,2026-09-19 14:22:00
P1012,X-Ray,2026-09-19 15:11:00
P1012,Doctor Consultation,2026-09-19 15:46:00
P1012,Discharge,2026-09-19 16:40:00
P1013,Registration,2026-09-19 13:01:00
P1013,Triage,2026-09-19 13:14:00
P1013,X-Ray,2026-09-19 13:34:00
P1013,Doctor Consultation,2026-09-19 14:03:00
P1013,Discharge,2026-09-19 14:28:00
P1014,Registration,2026-09-19 13:05:00
P1014,Triage,2026-09-19 13:14:00
P1014,X-Ray,2026-09-19 14:01:00
P1014,Triage,2026-09-19 14:58:00
P1014,X-Ray,2026-09-19 15:47:00
P1014,Doctor Consultation,2026-09-19 16:39:00
P1014,Discharge,2026-09-19 17:32:00
P1015,Registration,2026-09-19 13:11:00
P1015,Triage,2026-09-19 13:37:00
P1015,X-Ray,2026-09-19 14:15:00
P1015,Triage,2026-09-19 15:02:00
P1015,X-Ray,2026-09-19 15:31:00
P1015,Doctor Consultation,2026-09-19 16:06:00
P1015,Discharge,2026-09-19 17:06:00
P1016,Registration,2026-09-19 13:21:00
P1016,Triage,2026-09-19 14:00:00
P1016,X-Ray,2026-09-19 14:34:00
P1016,Doctor Consultation,2026-09-19 15:01:00
P1016,Discharge,2026-09-19 15:31:00
P1017,Registration,2026-09-19 13:29:00
P1017,Triage,2026-09-19 13:43:00
P1017,X-Ray,2026-09-19 14:12:00
P1017,Triage,2026-09-19 14:42:00
P1017,X-Ray,2026-09-19 15:27:00
P1017,Doctor Consultation,2026-09-19 16:10:00
P1017,Discharge,2026-09-19 16:31:00
P1018,Registration,2026-09-19 13:33:00
P1018,Triage,2026-09-19 14:03:00
P1018,X-Ray,2026-09-19 14:23:00
P1018,Triage,2026-09-19 14:58:00
P1018,X-Ray,2026-09-19 15:39:00
P1018,Doctor Consultation,2026-09-19 16:22:00
P1018,Discharge,2026-09-19 17:27:00
P1019,Registration,2026-09-19 13:39:00
P1019,Triage,2026-09-19 13:51:00
P1019,X-Ray,2026-09-19 14:19:00
P1019,Doctor Consultation,2026-09-19 14:48:00
P1019,Discharge,2026-09-19 15:22:00
P1020,Registration,2026-09-19 13:42:00
P1020,Triage,2026-09-19 14:13:00
P1020,X-Ray,2026-09-19 15:09:00
P1020,Triage,2026-09-19 15:50:00
P1020,X-Ray,2026-09-19 16:39:00
P1020,Doctor Consultation,2026-09-19 17:07:00
P1020,Discharge,2026-09-19 17:36:00
P1021,Registration,2026-09-19 13:45:00
P1021,Triage,2026-09-19 14:02:00
P1021,X-Ray,2026-09-19 14:44:00
P1021,Doctor Consultation,2026-09-19 15:19:00
P1021,Discharge,2026-09-19 15:39:00
P1022,Registration,2026-09-19 13:55:00
P1022,Triage,2026-09-19 14:35:00
P1022,X-Ray,2026-09-19 15:09:00
P1022,Doctor Consultation,2026-09-19 15:39:00
P1022,Discharge,2026-09-19 16:36:00
P1023,Registration,2026-09-19 14:03:00
P1023,Triage,2026-09-19 14:35:00
P1023,X-Ray,2026-09-19 15:22:00
P1023,Doctor Consultation,2026-09-19 16:15:00
P1023,Discharge,2026-09-19 17:10:00
P1024,Registration,2026-09-19 14:07:00
P1024,Triage,2026-09-19 14:25:00
P1024,X-Ray,2026-09-19 15:16:00
P1024,Doctor Consultation,2026-09-19 16:09:00
P1024,Discharge,2026-09-19 16:39:00
P1025,Registration,2026-09-19 14:14:00
P1025,Triage,2026-09-19 14:52:00
P1025,X-Ray,2026-09-19 15:34:00
P1025,Triage,2026-09-19 16:08:00
P1025,X-Ray,2026-09-19 17:02:00
P1025,Doctor Consultation,2026-09-19 17:44:00
P1025,Discharge,2026-09-19 18:21:00
P1026,Registration,2026-09-19 14:19:00
P1026,Triage,2026-09-19 14:27:00
P1026,X-Ray,2026-09-19 15:05:00
P1026,Doctor Consultation,2026-09-19 15:31:00
P1026,Discharge,2026-09-19 16:13:00
P1027,Registration,2026-09-19 14:25:00
P1027,Triage,2026-09-19 15:04:00
P1027,X-Ray,2026-09-19 15:22:00
P1027,Triage,2026-09-19 15:58:00
P1027,X-Ray,2026-09-19 16:21:00
P1027,Doctor Consultation,2026-09-19 16:46:00
P1027,Discharge,2026-09-19 17:54:00
P1028,Registration,2026-09-19 14:34:00
P1028,Triage,2026-09-19 14:43:00
P1028,X-Ray,2026-09-19 14:59:00
P1028,Triage,2026-09-19 15:32:00
P1028,X-Ray,2026-09-19 15:52:00
P1028,Doctor Consultation,2026-09-19 16:34:00
P1028,Discharge,2026-09-19 16:55:00
P1029,Registration,2026-09-19 14:36:00
P1029,Triage,2026-09-19 14:57:00
P1029,X-Ray,2026-09-19 15:56:00
P1029,Triage,2026-09-19 16:32:00
P1029,X-Ray,2026-09-19 17:12:00
P1029,Doctor Consultation,2026-09-19 18:06:00
P1029,Discharge,2026-09-19 19:05:00
P1030,Registration,2026-09-19 14:44:00
P1030,Triage,2026-09-19 14:55:00
P1030,X-Ray,2026-09-19 15:40:00
P1030,Doctor Consultation,2026-09-19 16:14:00
P1030,Discharge,2026-09-19 16:42:00
P1031,Registration,2026-09-19 14:46:00
P1031,Triage,2026-09-19 15:26:00
P1031,X-Ray,2026-09-19 15:53:00
P1031,Triage,2026-09-19 16:18:00
P1031,X-Ray,2026-09-19 16:49:00
P1031,Doctor Consultation,2026-09-19 17:34:00
P1031,Discharge,2026-09-19 18:13:00
P1032,Registration,2026-09-19 14:49:00
P1032,Triage,2026-09-19 15:04:00
P1032,X-Ray,2026-09-19 15:20:00
P1032,Doctor Consultation,2026-09-19 15:42:00
P1032,Discharge,2026-09-19 16:22:00
P1033,Registration,2026-09-19 14:53:00
P1033,Triage,2026-09-19 15:41:00
P1033,X-Ray,2026-09-19 16:25:00
P1033,Doctor Consultation,2026-09-19 16:56:00
P1033,Discharge,2026-09-19 17:32:00
P1034,Registration,2026-09-19 14:59:00
P1034,Triage,2026-09-19 15:19:00
P1034,X-Ray,2026-09-19 15:41:00
P1034,Triage,2026-09-19 16:25:00
P1034,X-Ray,2026-09-19 16:55:00
P1034,Doctor Consultation,2026-09-19 17:30:00
P1034,Discharge,2026-09-19 18:02:00
P1035,Registration,2026-09-19 15:05:00
P1035,Triage,2026-09-19 15:19:00
P1035,X-Ray,2026-09-19 15:58:00
P1035,Doctor Consultation,2026-09-19 16:45:00
P1035,Discharge,2026-09-19 17:44:00
P1036,Registration,2026-09-19 15:09:00
P1036,Triage,2026-09-19 15:28:00
P1036,X-Ray,2026-09-19 16:22:00
P1036,Triage,2026-09-19 17:07:00
P1036,X-Ray,2026-09-19 17:40:00
P1036,Doctor Consultation,2026-09-19 18:19:00
P1036,Discharge,2026-09-19 18:47:00
P1037,Registration,2026-09-19 15:15:00
P1037,Triage,2026-09-19 15:26:00
P1037,X-Ray,2026-09-19 16:10:00
P1037,Triage,2026-09-19 17:15:00
P1037,X-Ray,2026-09-19 17:57:00
P1037,Doctor Consultation,2026-09-19 18:43:00
P1037,Discharge,2026-09-19 19:31:00
P1038,Registration,2026-09-19 15:17:00
P1038,Triage,2026-09-19 16:04:00
P1038,X-Ray,2026-09-19 16:19:00
P1038,Triage,2026-09-19 17:02:00
P1038,X-Ray,2026-09-19 17:40:00
P1038,Doctor Consultation,2026-09-19 18:06:00
P1038,Discharge,2026-09-19 18:48:00
P1039,Registration,2026-09-19 15:21:00
P1039,Triage,2026-09-19 15:30:00
P1039,X-Ray,2026-09-19 16:26:00
P1039,Doctor Consultation,2026-09-19 17:25:00
P1039,Discharge,2026-09-19 18:18:00
P1040,Registration,2026-09-19 15:26:00
P1040,Triage,2026-09-19 16:13:00
P1040,X-Ray,2026-09-19 16:58:00
P1040,Triage,2026-09-19 17:48:00
P1040,X-Ray,2026-09-19 18:04:00
P1040,Doctor Consultation,2026-09-19 18:54:00
P1040,Discharge,2026-09-19 19:38:00
P1041,Registration,2026-09-19 15:32:00
P1041,Triage,2026-09-19 16:19:00
P1041,X-Ray,2026-09-19 16:39:00
P1041,Doctor Consultation,2026-09-19 17:12:00
P1041,Discharge,2026-09-19 18:14:00
P1042,Registration,2026-09-19 15:36:00
P1042,Triage,2026-09-19 15:48:00
P1042,X-Ray,2026-09-19 16:18:00
P1042,Triage,2026-09-19 16:57:00
P1042,X-Ray,2026-09-19 17:39:00
P1042,Doctor Consultation,2026-09-19 18:25:00
P1042,Discharge,2026-09-19 18:49:00
P1043,Registration,2026-09-19 15:40:00
P1043,Triage,2026-09-19 15:58:00
P1043,X-Ray,2026-09-19 16:24:00
P1043,Triage,2026-09-19 16:50:00
P1043,X-Ray,2026-09-19 17:12:00
P1043,Doctor Consultation,2026-09-19 18:12:00
P1043,Discharge,2026-09-19 18:38:00
P1044,Registration,2026-09-19 15:44:00
P1044,Triage,2026-09-19 16:29:00
P1044,X-Ray,2026-09-19 17:14:00
P1044,Triage,2026-09-19 18:02:00
P1044,X-Ray,2026-09-19 18:46:00
P1044,Doctor Consultation,2026-09-19 19:23:00
P1044,Discharge,2026-09-19 20:05:00
P1045,Registration,2026-09-19 15:51:00
P1045,Triage,2026-09-19 16:24:00
P1045,X-Ray,2026-09-19 16:57:00
P1045,Doctor Consultation,2026-09-19 17:49:00
P1045,Discharge,2026-09-19 18:50:00
P1046,Registration,2026-09-19 15:58:00
P1046,Triage,2026-09-19 16:19:00
P1046,X-Ray,2026-09-19 16:49:00
P1046,Doctor Consultation,2026-09-19 17:30:00
P1046,Discharge,2026-09-19 18:17:00
P1047,Registration,2026-09-19 16:06:00
P1047,Triage,2026-09-19 16:22:00
P1047,X-Ray,2026-09-19 16:51:00
P1047,Doctor Consultation,2026-09-19 17:19:00
P1047,Discharge,2026-09-19 18:10:00
P1048,Registration,2026-09-19 16:13:00
P1048,Triage,2026-09-19 16:48:00
P1048,X-Ray,2026-09-19 17:18:00
P1048,Doctor Consultation,2026-09-19 18:01:00
P1048,Discharge,2026-09-19 18:33:00
P1049,Registration,2026-09-19 16:21:00
P1049,Triage,2026-09-19 17:04:00
P1049,X-Ray,2026-09-19 17:44:00
P1049,Triage,2026-09-19 18:22:00
P1049,X-Ray,2026-09-19 18:48:00
P1049,Doctor Consultation,2026-09-19 19:38:00
P1049,Discharge,2026-09-19 20:03:00
P1050,Registration,2026-09-19 16:25:00
P1050,Triage,2026-09-19 17:04:00
P1050,X-Ray,2026-09-19 17:45:00
P1050,Doctor Consultation,2026-09-19 18:35:00
P1050,Discharge,2026-09-19 19:06:00
P1051,Registration,2026-09-19 16:33:00
P1051,Triage,2026-09-19 17:18:00
P1051,X-Ray,2026-09-19 18:07:00
P1051,Triage,2026-09-19 18:57:00
P1051,X-Ray,2026-09-19 19:46:00
P1051,Doctor Consultation,2026-09-19 20:13:00
P1051,Discharge,2026-09-19 21:00:00
P1052,Registration,2026-09-19 16:36:00
P1052,Triage,2026-09-19 17:22:00
P1052,X-Ray,2026-09-19 17:48:00
P1052,Triage,2026-09-19 18:50:00
P1052,X-Ray,2026-09-19 19:34:00
P1052,Doctor Consultation,2026-09-19 20:18:00
P1052,Discharge,2026-09-19 20:44:00
P1053,Registration,2026-09-19 16:45:00
P1053,Triage,2026-09-19 17:30:00
P1053,X-Ray,2026-09-19 18:13:00
P1053,Doctor Consultation,2026-09-19 18:59:00
P1053,Discharge,2026-09-19 19:42:00
P1054,Registration,2026-09-19 16:55:00
P1054,Triage,2026-09-19 17:26:00
P1054,X-Ray,2026-09-19 17:43:00
P1054,Triage,2026-09-19 18:25:00
P1054,X-Ray,2026-09-19 19:19:00
P1054,Doctor Consultation,2026-09-19 20:12:00
P1054,Discharge,2026-09-19 20:52:00
P1055,Registration,2026-09-19 17:05:00
P1055,Triage,2026-09-19 17:24:00
P1055,X-Ray,2026-09-19 18:09:00
P1055,Doctor Consultation,2026-09-19 18:33:00
P1055,Discharge,2026-09-19 19:32:00
P1056,Registration,2026-09-19 17:13:00
P1056,Triage,2026-09-19 17:51:00
P1056,X-Ray,2026-09-19 18:25:00
P1056,Doctor Consultation,2026-09-19 19:24:00
P1056,Discharge,2026-09-19 19:55:00
P1057,Registration,2026-09-19 17:20:00
P1057,Triage,2026-09-19 18:06:00
P1057,X-Ray,2026-09-19 18:32:00
P1057,Doctor Consultation,2026-09-19 19:25:00
P1057,Discharge,2026-09-19 20:03:00
P1058,Registration,2026-09-19 17:28:00
P1058,Triage,2026-09-19 17:52:00
P1058,X-Ray,2026-09-19 18:17:00
P1058,Doctor Consultation,2026-09-19 18:45:00
P1058,Discharge,2026-09-19 19:42:00
P1059,Registration,2026-09-19 17:34:00
P1059,Triage,2026-09-19 17:45:00
P1059,X-Ray,2026-09-19 18:36:00
P1059,Doctor Consultation,2026-09-19 19:11:00
P1059,Discharge,2026-09-19 19:56:00
P1060,Registration,2026-09-19 17:40:00
P1060,Triage,2026-09-19 18:25:00
P1060,X-Ray,2026-09-19 18:52:00
P1060,Doctor Consultation,2026-09-19 19:35:00
P1060,Discharge,2026-09-19 19:58:00
P1061,Registration,2026-09-19 17:45:00
P1061,Triage,2026-09-19 18:03:00
P1061,X-Ray,2026-09-19 18:34:00
P1061,Triage,2026-09-19 19:34:00
P1061,X-Ray,2026-09-19 20:14:00
P1061,Doctor Consultation,2026-09-19 20:44:00
P1061,Discharge,2026-09-19 21:07:00
P1062,Registration,2026-09-19 17:50:00
P1062,Triage,2026-09-19 18:37:00
P1062,X-Ray,2026-09-19 19:31:00
P1062,Triage,2026-09-19 20:32:00
P1062,X-Ray,2026-09-19 21:12:00
P1062,Doctor Consultation,2026-09-19 21:59:00
P1062,Discharge,2026-09-19 23:04:00
P1063,Registration,2026-09-19 17:57:00
P1063,Triage,2026-09-19 18:34:00
P1063,X-Ray,2026-09-19 19:15:00
P1063,Triage,2026-09-19 19:50:00
P1063,X-Ray,2026-09-19 20:18:00
P1063,Doctor Consultation,2026-09-19 21:07:00
P1063,Discharge,2026-09-19 21:55:00
P1064,Registration,2026-09-19 18:00:00
P1064,Triage,2026-09-19 18:14:00
P1064,X-Ray,2026-09-19 19:00:00
P1064,Doctor Consultation,2026-09-19 19:39:00
P1064,Discharge,2026-09-19 20:23:00
P1065,Registration,2026-09-19 18:09:00
P1065,Triage,2026-09-19 18:56:00
P1065,X-Ray,2026-09-19 19:47:00
P1065,Triage,2026-09-19 20:34:00
P1065,X-Ray,2026-09-19 21:02:00
P1065,Doctor Consultation,2026-09-19 21:56:00
P1065,Discharge,2026-09-19 22:42:00
P1066,Registration,2026-09-19 18:17:00
P1066,Triage,2026-09-19 18:30:00
P1066,X-Ray,2026-09-19 18:59:00
P1066,Doctor Consultation,2026-09-19 19:24:00
P1066,Discharge,2026-09-19 19:59:00
P1067,Registration,2026-09-19 18:25:00
P1067,Triage,2026-09-19 18:47:00
P1067,X-Ray,2026-09-19 19:41:00
P1067,Doctor Consultation,2026-09-19 20:20:00
P1067,Discharge,2026-09-19 21:26:00
P1068,Registration,2026-09-19 18:32:00
P1068,Triage,2026-09-19 18:56:00
P1068,X-Ray,2026-09-19 19:43:00
P1068,Doctor Consultation,2026-09-19 20:23:00
P1068,Discharge,2026-09-19 21:02:00
P1069,Registration,2026-09-19 18:40:00
P1069,Triage,2026-09-19 19:18:00
P1069,X-Ray,2026-09-19 19:49:00
P1069,Triage,2026-09-19 20:20:00
P1069,X-Ray,2026-09-19 21:13:00
P1069,Doctor Consultation,2026-09-19 22:04:00
P1069,Discharge,2026-09-19 22:58:00
P1070,Registration,2026-09-19 18:42:00
P1070,Triage,2026-09-19 19:29:00
P1070,X-Ray,2026-09-19 20:20:00
P1070,Doctor Consultation,2026-09-19 21:14:00
P1070,Discharge,2026-09-19 21:43:00
P1071,Registration,2026-09-19 18:47:00
P1071,Triage,2026-09-19 19:02:00
P1071,X-Ray,2026-09-19 19:18:00
P1071,Triage,2026-09-19 20:06:00
P1071,X-Ray,2026-09-19 20:56:00
P1071,Doctor Consultation,2026-09-19 21:24:00
P1071,Discharge,2026-09-19 22:16:00
P1072,Registration,2026-09-19 18:51:00
P1072,Triage,2026-09-19 19:19:00
P1072,X-Ray,2026-09-19 19:49:00
P1072,Doctor Consultation,2026-09-19 20:06:00
P1072,Discharge,2026-09-19 21:03:00
P1073,Registration,2026-09-19 19:00:00
P1073,Triage,2026-09-19 19:25:00
P1073,X-Ray,2026-09-19 20:06:00
P1073,Triage,2026-09-19 20:36:00
P1073,X-Ray,2026-09-19 21:16:00
P1073,Doctor Consultation,2026-09-19 21:48:00
P1073,Discharge,2026-09-19 22:21:00
P1074,Registration,2026-09-19 19:02:00
P1074,Triage,2026-09-19 19:45:00
P1074,X-Ray,2026-09-19 20:26:00
P1074,Doctor Consultation,2026-09-19 21:08:00
P1074,Discharge,2026-09-19 22:05:00
P1075,Registration,2026-09-19 19:12:00
P1075,Triage,2026-09-19 19:52:00
P1075,X-Ray,2026-09-19 20:20:00
P1075,Doctor Consultation,2026-09-19 20:43:00
P1075,Discharge,2026-09-19 21:34:00
P1076,Registration,2026-09-19 19:20:00
P1076,Triage,2026-09-19 19:36:00
P1076,X-Ray,2026-09-19 20:27:00
P1076,Doctor Consultation,2026-09-19 20:53:00
P1076,Discharge,2026-09-19 21:45:00
P1077,Registration,2026-09-19 19:24:00
P1077,Triage,2026-09-19 19:47:00
P1077,X-Ray,2026-09-19 20:07:00
P1077,Doctor Consultation,2026-09-19 20:31:00
P1077,Discharge,2026-09-19 21:31:00
P1078,Registration,2026-09-19 19:30:00
P1078,Triage,2026-09-19 20:01:00
P1078,X-Ray,2026-09-19 20:34:00
P1078,Triage,2026-09-19 21:15:00
P1078,X-Ray,2026-09-19 21:36:00
P1078,Doctor Consultation,2026-09-19 22:02:00
P1078,Discharge,2026-09-19 22:27:00
P1079,Registration,2026-09-19 19:37:00
P1079,Triage,2026-09-19 20:05:00
P1079,X-Ray,2026-09-19 20:53:00
P1079,Doctor Consultation,2026-09-19 21:37:00
P1079,Discharge,2026-09-19 22:35:00
P1080,Registration,2026-09-19 19:41:00
P1080,Triage,2026-09-19 19:58:00
P1080,X-Ray,2026-09-19 20:35:00
P1080,Doctor Consultation,2026-09-19 21:12:00
P1080,Discharge,2026-09-19 21:35:00
P1081,Registration,2026-09-19 19:47:00
P1081,Triage,2026-09-19 20:10:00
P1081,X-Ray,2026-09-19 20:57:00
P1081,Triage,2026-09-19 21:45:00
P1081,X-Ray,2026-09-19 22:41:00
P1081,Doctor Consultation,2026-09-19 23:20:00
P1081,Discharge,2026-09-20 00:16:00
P1082,Registration,2026-09-19 19:57:00
P1082,Triage,2026-09-19 20:17:00
P1082,X-Ray,2026-09-19 21:05:00
P1082,Doctor Consultation,2026-09-19 21:52:00
P1082,Discharge,2026-09-19 22:19:00
P1083,Registration,2026-09-19 20:04:00
P1083,Triage,2026-09-19 20:26:00
P1083,X-Ray,2026-09-19 20:55:00
P1083,Triage,2026-09-19 21:26:00
P1083,X-Ray,2026-09-19 21:58:00
P1083,Doctor Consultation,2026-09-19 22:49:00
P1083,Discharge,2026-09-19 23:54:00
P1084,Registration,2026-09-19 20:14:00
P1084,Triage,2026-09-19 20:45:00
P1084,X-Ray,2026-09-19 21:07:00
P1084,Doctor Consultation,2026-09-19 22:08:00
P1084,Discharge,2026-09-19 22:47:00
P1085,Registration,2026-09-19 20:20:00
P1085,Triage,2026-09-19 20:30:00
P1085,X-Ray,2026-09-19 21:23:00
P1085,Doctor Consultation,2026-09-19 22:01:00
P1085,Discharge,2026-09-19 22:39:00
P1086,Registration,2026-09-19 20:25:00
P1086,Triage,2026-09-19 20:46:00
P1086,X-Ray,2026-09-19 21:34:00
P1086,Triage,2026-09-19 22:28:00
P1086,X-Ray,2026-09-19 22:47:00
P1086,Doctor Consultation,2026-09-19 23:09:00
P1086,Discharge,2026-09-20 00:01:00
P1087,Registration,2026-09-19 20:27:00
P1087,Triage,2026-09-19 21:12:00
P1087,X-Ray,2026-09-19 22:01:00
P1087,Triage,2026-09-19 22:29:00
P1087,X-Ray,2026-09-19 22:50:00
P1087,Doctor Consultation,2026-09-19 23:50:00
P1087,Discharge,2026-09-20 00:19:00
P1088,Registration,2026-09-19 20:30:00
P1088,Triage,2026-09-19 20:52:00
P1088,X-Ray,2026-09-19 21:37:00
P1088,Doctor Consultation,2026-09-19 22:14:00
P1088,Discharge,2026-09-19 23:03:00
P1089,Registration,2026-09-19 20:38:00
P1089,Triage,2026-09-19 21:13:00
P1089,X-Ray,2026-09-19 21:45:00
P1089,Doctor Consultation,2026-09-19 22:49:00
P1089,Discharge,2026-09-19 23:18:00
P1090,Registration,2026-09-19 20:46:00
P1090,Triage,2026-09-19 21:36:00
P1090,X-Ray,2026-09-19 22:09:00
P1090,Doctor Consultation,2026-09-19 23:02:00
P1090,Discharge,2026-09-19 23:45:00
P1091,Registration,2026-09-19 20:56:00
P1091,Triage,2026-09-19 21:40:00
P1091,X-Ray,2026-09-19 22:17:00
P1091,Triage,2026-09-19 23:10:00
P1091,X-Ray,2026-09-19 23:32:00
P1091,Doctor Consultation,2026-09-19 23:54:00
P1091,Discharge,2026-09-20 00:51:00
P1092,Registration,2026-09-19 21:05:00
P1092,Triage,2026-09-19 21:39:00
P1092,X-Ray,2026-09-19 22:18:00
P1092,Triage,2026-09-19 23:02:00
P1092,X-Ray,2026-09-19 23:57:00
P1092,Doctor Consultation,2026-09-20 00:56:00
P1092,Discharge,2026-09-20 01:28:00
P1093,Registration,2026-09-19 21:10:00
P1093,Triage,2026-09-19 21:39:00
P1093,X-Ray,2026-09-19 22:27:00
P1093,Triage,2026-09-19 23:02:00
P1093,X-Ray,2026-09-19 23:34:00
P1093,Doctor Consultation,2026-09-20 00:07:00
P1093,Discharge,2026-09-20 00:42:00
P1094,Registration,2026-09-19 21:18:00
P1094,Triage,2026-09-19 22:05:00
P1094,X-Ray,2026-09-19 22:35:00
P1094,Doctor Consultation,2026-09-19 23:28:00
P1094,Discharge,2026-09-20 00:36:00
P1095,Registration,2026-09-19 21:24:00
P1095,Triage,2026-09-19 22:03:00
P1095,X-Ray,2026-09-19 22:40:00
P1095,Triage,2026-09-19 23:16:00
P1095,X-Ray,2026-09-19 23:53:00
P1095,Doctor Consultation,2026-09-20 00:41:00
P1095,Discharge,2026-09-20 01:32:00
P1096,Registration,2026-09-19 21:32:00
P1096,Triage,2026-09-19 21:45:00
P1096,X-Ray,2026-09-19 22:23:00
P1096,Triage,2026-09-19 22:56:00
P1096,X-Ray,2026-09-19 23:30:00
P1096,Doctor Consultation,2026-09-19 23:57:00
P1096,Discharge,2026-09-20 00:34:00
P1097,Registration,2026-09-19 21:39:00
P1097,Triage,2026-09-19 22:13:00
P1097,X-Ray,2026-09-19 23:03:00
P1097,Triage,2026-09-19 23:38:00
P1097,X-Ray,2026-09-20 00:30:00
P1097,Doctor Consultation,2026-09-20 01:21:00
P1097,Discharge,2026-09-20 01:50:00
P1098,Registration,2026-09-19 21:44:00
P1098,Triage,2026-09-19 22:31:00
P1098,X-Ray,2026-09-19 22:50:00
P1098,Triage,2026-09-19 23:39:00
P1098,X-Ray,2026-09-20 00:11:00
P1098,Doctor Consultation,2026-09-20 01:08:00
P1098,Discharge,2026-09-20 01:38:00
P1099,Registration,2026-09-19 21:46:00
P1099,Triage,2026-09-19 22:29:00
P1099,X-Ray,2026-09-19 23:12:00
P1099,Doctor Consultation,2026-09-19 23:38:00
P1099,Discharge,2026-09-20 00:16:00
P1100,Registration,2026-09-19 21:53:00
P1100,Triage,2026-09-19 22:12:00
P1100,X-Ray,2026-09-19 23:01:00
P1100,Doctor Consultation,2026-09-19 23:56:00
P1100,Discharge,2026-09-20 00:52:00
P1101,Registration,2026-09-19 22:02:00
P1101,Triage,2026-09-19 22:46:00
P1101,X-Ray,2026-09-19 23:22:00
P1101,Triage,2026-09-19 23:45:00
P1101,X-Ray,2026-09-20 00:16:00
P1101,Doctor Consultation,2026-09-20 01:04:00
P1101,Discharge,2026-09-20 01:36:00
P1102,Registration,2026-09-19 22:11:00
P1102,Triage,2026-09-19 22:41:00
P1102,X-Ray,2026-09-19 23:10:00
P1102,Triage,2026-09-20 00:07:00
P1102,X-Ray,2026-09-20 00:25:00
P1102,Doctor Consultation,2026-09-20 01:07:00
P1102,Discharge,2026-09-20 02:00:00
P1103,Registration,2026-09-19 22:13:00
P1103,Triage,2026-09-19 22:52:00
P1103,X-Ray,2026-09-19 23:08:00
P1103,Doctor Consultation,2026-09-19 23:59:00
P1103,Discharge,2026-09-20 00:47:00
P1104,Registration,2026-09-19 22:23:00
P1104,Triage,2026-09-19 23:12:00
P1104,X-Ray,2026-09-19 23:27:00
P1104,Doctor Consultation,2026-09-19 23:56:00
P1104,Discharge,2026-09-20 00:48:00
P1105,Registration,2026-09-19 22:33:00
P1105,Triage,2026-09-19 23:16:00
P1105,X-Ray,2026-09-20 00:12:00
P1105,Doctor Consultation,2026-09-20 00:49:00
P1105,Discharge,2026-09-20 01:33:00
P1106,Registration,2026-09-19 22:42:00
P1106,Triage,2026-09-19 23:11:00
P1106,X-Ray,2026-09-19 23:33:00
P1106,Doctor Consultation,2026-09-20 00:34:00
P1106,Discharge,2026-09-20 01:28:00
P1107,Registration,2026-09-19 22:44:00
P1107,Triage,2026-09-19 22:53:00
P1107,X-Ray,2026-09-19 23:36:00
P1107,Doctor Consultation,2026-09-19 23:51:00
P1107,Discharge,2026-09-20 00:33:00
P1108,Registration,2026-09-19 22:48:00
P1108,Triage,2026-09-19 23:33:00
P1108,X-Ray,2026-09-20 00:13:00
P1108,Triage,2026-09-20 01:05:00
P1108,X-Ray,2026-09-20 01:37:00
P1108,Doctor Consultation,2026-09-20 02:23:00
P1108,Discharge,2026-09-20 02:54:00
P1109,Registration,2026-09-19 22:53:00
P1109,Triage,2026-09-19 23:01:00
P1109,X-Ray,2026-09-19 23:57:00
P1109,Triage,2026-09-20 00:20:00
P1109,X-Ray,2026-09-20 01:00:00
P1109,Doctor Consultation,2026-09-20 01:36:00
P1109,Discharge,2026-09-20 02:15:00
P1110,Registration,2026-09-19 22:58:00
P1110,Triage,2026-09-19 23:25:00
P1110,X-Ray,2026-09-19 23:51:00
P1110,Triage,2026-09-20 00:12:00
P1110,X-Ray,2026-09-20 00:52:00
P1110,Doctor Consultation,2026-09-20 01:32:00
P1110,Discharge,2026-09-20 02:15:00
P1111,Registration,2026-09-19 23:06:00
P1111,Triage,2026-09-19 23:41:00
P1111,X-Ray,2026-09-20 00:07:00
P1111,Triage,2026-09-20 01:05:00
P1111,X-Ray,2026-09-20 01:21:00
P1111,Doctor Consultation,2026-09-20 02:10:00
P1111,Discharge,2026-09-20 02:38:00
P1112,Registration,2026-09-19 23:09:00
P1112,Triage,2026-09-19 23:38:00
P1112,X-Ray,2026-09-20 00:06:00
P1112,Doctor Consultation,2026-09-20 00:29:00
P1112,Discharge,2026-09-20 01:25:00
P1113,Registration,2026-09-19 23:19:00
P1113,Triage,2026-09-19 23:30:00
P1113,X-Ray,2026-09-20 00:04:00
P1113,Triage,2026-09-20 00:50:00
P1113,X-Ray,2026-09-20 01:23:00
P1113,Doctor Consultation,2026-09-20 02:02:00
P1113,Discharge,2026-09-20 02:46:00
P1114,Registration,2026-09-19 23:24:00
P1114,Triage,2026-09-19 23:55:00
P1114,X-Ray,2026-09-20 00:13:00
P1114,Doctor Consultation,2026-09-20 00:52:00
P1114,Discharge,2026-09-20 01:17:00
P1115,Registration,2026-09-19 23:28:00
P1115,Triage,2026-09-20 00:09:00
P1115,X-Ray,2026-09-20 00:29:00
P1115,Doctor Consultation,2026-09-20 00:53:00
P1115,Discharge,2026-09-20 01:47:00
P1116,Registration,2026-09-19 23:34:00
P1116,Triage,2026-09-19 23:54:00
P1116,X-Ray,2026-09-20 00:21:00
P1116,Doctor Consultation,2026-09-20 01:11:00
P1116,Discharge,2026-09-20 01:41:00
P1117,Registration,2026-09-19 23:37:00
P1117,Triage,2026-09-20 00:15:00
P1117,X-Ray,2026-09-20 00:47:00
P1117,Doctor Consultation,2026-09-20 01:48:00
P1117,Discharge,2026-09-20 02:30:00
P1118,Registration,2026-09-19 23:39:00
P1118,Triage,2026-09-19 23:49:00
P1118,X-Ray,2026-09-20 00:08:00
P1118,Doctor Consultation,2026-09-20 00:51:00
P1118,Discharge,2026-09-20 01:41:00
P1119,Registration,2026-09-19 23:49:00
P1119,Triage,2026-09-19 23:56:00
P1119,X-Ray,2026-09-20 00:25:00
P1119,Triage,2026-09-20 01:07:00
P1119,X-Ray,2026-09-20 01:25:00
P1119,Doctor Consultation,2026-09-20 02:16:00
P1119,Discharge,2026-09-20 03:18:00
P1120,Registration,2026-09-19 23:53:00
P1120,Triage,2026-09-20 00:19:00
P1120,X-Ray,2026-09-20 01:06:00
P1120,Doctor Consultation,2026-09-20 01:33:00
P1120,Discharge,2026-09-20 02:32:00
P1121,Registration,2026-09-19 23:56:00
P1121,Triage,2026-09-20 00:12:00
P1121,X-Ray,2026-09-20 00:57:00
P1121,Doctor Consultation,2026-09-20 01:23:00
P1121,Discharge,2026-09-20 01:50:00
P1122,Registration,2026-09-20 00:04:00
P1122,Triage,2026-09-20 00:26:00
P1122,X-Ray,2026-09-20 00:55:00
P1122,Triage,2026-09-20 01:31:00
P1122,X-Ray,2026-09-20 02:15:00
P1122,Doctor Consultation,2026-09-20 03:17:00
P1122,Discharge,2026-09-20 03:48:00
P1123,Registration,2026-09-20 00:12:00
P1123,Triage,2026-09-20 00:57:00
P1123,X-Ray,2026-09-20 01:31:00
P1123,Doctor Consultation,2026-09-20 01:59:00
P1123,Discharge,2026-09-20 02:31:00
P1124,Registration,2026-09-20 00:16:00
P1124,Triage,2026-09-20 00:34:00
P1124,X-Ray,2026-09-20 01:10:00
P1124,Doctor Consultation,2026-09-20 02:01:00
P1124,Discharge,2026-09-20 03:01:00
P1125,Registration,2026-09-20 00:21:00
P1125,Triage,2026-09-20 00:59:00
P1125,X-Ray,2026-09-20 01:41:00
P1125,Doctor Consultation,2026-09-20 02:21:00
P1125,Discharge,2026-09-20 02:57:00
P1126,Registration,2026-09-20 00:31:00
P1126,Triage,2026-09-20 00:51:00
P1126,X-Ray,2026-09-20 01:26:00
P1126,Doctor Consultation,2026-09-20 02:23:00
P1126,Discharge,2026-09-20 02:58:00
P1127,Registration,2026-09-20 00:41:00
P1127,Triage,2026-09-20 01:17:00
P1127,X-Ray,2026-09-20 01:38:00
P1127,Triage,2026-09-20 02:09:00
P1127,X-Ray,2026-09-20 02:34:00
P1127,Doctor Consultation,2026-09-20 03:03:00
P1127,Discharge,2026-09-20 03:56:00
P1128,Registration,2026-09-20 00:45:00
P1128,Triage,2026-09-20 01:22:00
P1128,X-Ray,2026-09-20 02:13:00
P1128,Doctor Consultation,2026-09-20 03:01:00
P1128,Discharge,2026-09-20 03:46:00
P1129,Registration,2026-09-20 00:49:00
P1129,Triage,2026-09-20 00:58:00
P1129,X-Ray,2026-09-20 01:33:00
P1129,Doctor Consultation,2026-09-20 02:34:00
P1129,Discharge,2026-09-20 03:29:00
P1130,Registration,2026-09-20 00:59:00
P1130,Triage,2026-09-20 01:40:00
P1130,X-Ray,2026-09-20 02:15:00
P1130,Doctor Consultation,2026-09-20 02:38:00
P1130,Discharge,2026-09-20 03:38:00
P1131,Registration,2026-09-20 01:03:00
P1131,Triage,2026-09-20 01:25:00
P1131,X-Ray,2026-09-20 01:42:00
P1131,Doctor Consultation,2026-09-20 02:21:00
P1131,Discharge,2026-09-20 03:21:00
P1132,Registration,2026-09-20 01:12:00
P1132,Triage,2026-09-20 01:39:00
P1132,X-Ray,2026-09-20 01:53:00
P1132,Doctor Consultation,2026-09-20 02:47:00
P1132,Discharge,2026-09-20 03:24:00
P1133,Registration,2026-09-20 01:14:00
P1133,Triage,2026-09-20 01:31:00
P1133,X-Ray,2026-09-20 01:58:00
P1133,Doctor Consultation,2026-09-20 02:41:00
P1133,Discharge,2026-09-20 03:27:00
P1134,Registration,2026-09-20 01:19:00
P1134,Triage,2026-09-20 01:32:00
P1134,X-Ray,2026-09-20 02:02:00
P1134,Triage,2026-09-20 02:44:00
P1134,X-Ray,2026-09-20 03:32:00
P1134,Doctor Consultation,2026-09-20 04:06:00
P1134,Discharge,2026-09-20 04:55:00
P1135,Registration,2026-09-20 01:25:00
P1135,Triage,2026-09-20 02:12:00
P1135,X-Ray,2026-09-20 02:56:00
P1135,Doctor Consultation,2026-09-20 03:48:00
P1135,Discharge,2026-09-20 04:46:00
P1136,Registration,2026-09-20 01:30:00
P1136,Triage,2026-09-20 01:46:00
P1136,X-Ray,2026-09-20 02:43:00
P1136,Doctor Consultation,2026-09-20 03:14:00
P1136,Discharge,2026-09-20 03:52:00
P1137,Registration,2026-09-20 01:32:00
P1137,Triage,2026-09-20 01:48:00
P1137,X-Ray,2026-09-20 02:37:00
P1137,Doctor Consultation,2026-09-20 03:35:00
P1137,Discharge,2026-09-20 04:26:00
P1138,Registration,2026-09-20 01:37:00
P1138,Triage,2026-09-20 02:22:00
P1138,X-Ray,2026-09-20 03:04:00
P1138,Doctor Consultation,2026-09-20 03:53:00
P1138,Discharge,2026-09-20 04:47:00
P1139,Registration,2026-09-20 01:40:00
P1139,Triage,2026-09-20 02:06:00
P1139,X-Ray,2026-09-20 03:00:00
P1139,Doctor Consultation,2026-09-20 03:44:00
P1139,Discharge,2026-09-20 04:28:00
P1140,Registration,2026-09-20 01:43:00
P1140,Triage,2026-09-20 02:08:00
P1140,X-Ray,2026-09-20 02:58:00
P1140,Triage,2026-09-20 03:53:00
P1140,X-Ray,2026-09-20 04:26:00
P1140,Doctor Consultation,2026-09-20 05:13:00
P1140,Discharge,2026-09-20 06:18:00
P1141,Registration,2026-09-20 01:45:00
P1141,Triage,2026-09-20 02:28:00
P1141,X-Ray,2026-09-20 02:46:00
P1141,Doctor Consultation,2026-09-20 03:27:00
P1141,Discharge,2026-09-20 04:20:00
P1142,Registration,2026-09-20 01:52:00
P1142,Triage,2026-09-20 02:31:00
P1142,X-Ray,2026-09-20 03:23:00
P1142,Doctor Consultation,2026-09-20 04:03:00
P1142,Discharge,2026-09-20 04:32:00
P1143,Registration,2026-09-20 01:56:00
P1143,Triage,2026-09-20 02:11:00
P1143,X-Ray,2026-09-20 02:51:00
P1143,Triage,2026-09-20 03:35:00
P1143,X-Ray,2026-09-20 04:11:00
P1143,Doctor Consultation,2026-09-20 04:58:00
P1143,Discharge,2026-09-20 05:39:00
P1144,Registration,2026-09-20 02:05:00
P1144,Triage,2026-09-20 02:43:00
P1144,X-Ray,2026-09-20 03:19:00
P1144,Doctor Consultation,2026-09-20 03:49:00
P1144,Discharge,2026-09-20 04:39:00
P1145,Registration,2026-09-20 02:09:00
P1145,Triage,2026-09-20 02:37:00
P1145,X-Ray,2026-09-20 03:31:00
P1145,Doctor Consultation,2026-09-20 04:08:00
P1145,Discharge,2026-09-20 04:52:00
P1146,Registration,2026-09-20 02:12:00
P1146,Triage,2026-09-20 03:00:00
P1146,X-Ray,2026-09-20 03:57:00
P1146,Doctor Consultation,2026-09-20 04:38:00
P1146,Discharge,2026-09-20 05:15:00
P1147,Registration,2026-09-20 02:19:00
P1147,Triage,2026-09-20 02:52:00
P1147,X-Ray,2026-09-20 03:14:00
P1147,Triage,2026-09-20 03:35:00
P1147,X-Ray,2026-09-20 03:58:00
P1147,Doctor Consultation,2026-09-20 04:41:00
P1147,Discharge,2026-09-20 05:40:00
P1148,Registration,2026-09-20 02:27:00
P1148,Triage,2026-09-20 02:46:00
P1148,X-Ray,2026-09-20 03:02:00
P1148,Doctor Consultation,2026-09-20 03:51:00
P1148,Discharge,2026-09-20 04:23:00
P1149,Registration,2026-09-20 02:37:00
P1149,Triage,2026-09-20 03:09:00
P1149,X-Ray,2026-09-20 03:38:00
P1149,Doctor Consultation,2026-09-20 04:38:00
P1149,Discharge,2026-09-20 05:15:00
P1150,Registration,2026-09-20 02:46:00
P1150,Triage,2026-09-20 03:29:00
P1150,X-Ray,2026-09-20 03:58:00
P1150,Doctor Consultation,2026-09-20 04:44:00
P1150,Discharge,2026-09-20 05:20:00
P1151,Registration,2026-09-20 02:51:00
P1151,Triage,2026-09-20 03:08:00
P1151,X-Ray,2026-09-20 03:36:00
P1151,Doctor Consultation,2026-09-20 03:55:00
P1151,Discharge,2026-09-20 04:53:00
P1152,Registration,2026-09-20 03:01:00
P1152,Triage,2026-09-20 03:35:00
P1152,X-Ray,2026-09-20 04:20:00
P1152,Doctor Consultation,2026-09-20 05:09:00
P1152,Discharge,2026-09-20 05:52:00
P1153,Registration,2026-09-20 03:07:00
P1153,Triage,2026-09-20 03:31:00
P1153,X-Ray,2026-09-20 04:20:00
P1153,Doctor Consultation,2026-09-20 04:44:00
P1153,Discharge,2026-09-20 05:23:00
P1154,Registration,2026-09-20 03:17:00
P1154,Triage,2026-09-20 03:56:00
P1154,X-Ray,2026-09-20 04:47:00
P1154,Doctor Consultation,2026-09-20 05:13:00
P1154,Discharge,2026-09-20 05:57:00
P1155,Registration,2026-09-20 03:26:00
P1155,Triage,2026-09-20 04:02:00
P1155,X-Ray,2026-09-20 04:49:00
P1155,Triage,2026-09-20 05:48:00
P1155,X-Ray,2026-09-20 06:08:00
P1155,Doctor Consultation,2026-09-20 06:26:00
P1155,Discharge,2026-09-20 07:30:00
P1156,Registration,2026-09-20 03:33:00
P1156,Triage,2026-09-20 03:45:00
P1156,X-Ray,2026-09-20 04:27:00
P1156,Doctor Consultation,2026-09-20 05:00:00
P1156,Discharge,2026-09-20 05:24:00
P1157,Registration,2026-09-20 03:41:00
P1157,Triage,2026-09-20 04:14:00
P1157,X-Ray,2026-09-20 04:55:00
P1157,Doctor Consultation,2026-09-20 05:48:00
P1157,Discharge,2026-09-20 06:33:00
P1158,Registration,2026-09-20 03:51:00
P1158,Triage,2026-09-20 04:33:00
P1158,X-Ray,2026-09-20 05:30:00
P1158,Doctor Consultation,2026-09-20 05:50:00
P1158,Discharge,2026-09-20 06:28:00
P1159,Registration,2026-09-20 03:54:00
P1159,Triage,2026-09-20 04:14:00
P1159,X-Ray,2026-09-20 04:42:00
P1159,Doctor Consultation,2026-09-20 05:17:00
P1159,Discharge,2026-09-20 05:38:00
P1160,Registration,2026-09-20 03:57:00
P1160,Triage,2026-09-20 04:29:00
P1160,X-Ray,2026-09-20 05:12:00
P1160,Triage,2026-09-20 05:57:00
P1160,X-Ray,2026-09-20 06:22:00
P1160,Doctor Consultation,2026-09-20 06:53:00
P1160,Discharge,2026-09-20 07:30:00
P1161,Registration,2026-09-20 04:01:00
P1161,Triage,2026-09-20 04:41:00
P1161,X-Ray,2026-09-20 05:03:00
P1161,Doctor Consultation,2026-09-20 05:47:00
P1161,Discharge,2026-09-20 06:22:00
P1162,Registration,2026-09-20 04:04:00
P1162,Triage,2026-09-20 04:44:00
P1162,X-Ray,2026-09-20 04:59:00
P1162,Triage,2026-09-20 05:26:00
P1162,X-Ray,2026-09-20 05:47:00
P1162,Doctor Consultation,2026-09-20 06:35:00
P1162,Discharge,2026-09-20 07:03:00
P1163,Registration,2026-09-20 04:14:00
P1163,Triage,2026-09-20 04:47:00
P1163,X-Ray,2026-09-20 05:02:00
P1163,Triage,2026-09-20 06:02:00
P1163,X-Ray,2026-09-20 06:21:00
P1163,Doctor Consultation,2026-09-20 06:50:00
P1163,Discharge,2026-09-20 07:31:00
P1164,Registration,2026-09-20 04:21:00
P1164,Triage,2026-09-20 05:07:00
P1164,X-Ray,2026-09-20 05:58:00
P1164,Triage,2026-09-20 06:43:00
P1164,X-Ray,2026-09-20 07:27:00
P1164,Doctor Consultation,2026-09-20 08:12:00
P1164,Discharge,2026-09-20 09:06:00
P1165,Registration,2026-09-20 04:31:00
P1165,Triage,2026-09-20 04:57:00
P1165,X-Ray,2026-09-20 05:17:00
P1165,Doctor Consultation,2026-09-20 05:48:00
P1165,Discharge,2026-09-20 06:14:00
P1166,Registration,2026-09-20 04:36:00
P1166,Triage,2026-09-20 05:14:00
P1166,X-Ray,2026-09-20 06:09:00
P1166,Doctor Consultation,2026-09-20 06:58:00
P1166,Discharge,2026-09-20 07:51:00
P1167,Registration,2026-09-20 04:43:00
P1167,Triage,2026-09-20 05:06:00
P1167,X-Ray,2026-09-20 05:35:00
P1167,Triage,2026-09-20 05:58:00
P1167,X-Ray,2026-09-20 06:16:00
P1167,Doctor Consultation,2026-09-20 07:15:00
P1167,Discharge,2026-09-20 08:06:00
P1168,Registration,2026-09-20 04:50:00
P1168,Triage,2026-09-20 05:34:00
P1168,X-Ray,2026-09-20 06:06:00
P1168,Doctor Consultation,2026-09-20 06:45:00
P1168,Discharge,2026-09-20 07:32:00
P1169,Registration,2026-09-20 04:56:00
P1169,Triage,2026-09-20 05:31:00
P1169,X-Ray,2026-09-20 06:11:00
P1169,Doctor Consultation,2026-09-20 06:58:00
P1169,Discharge,2026-09-20 07:44:00
P1170,Registration,2026-09-20 05:03:00
P1170,Triage,2026-09-20 05:32:00
P1170,X-Ray,2026-09-20 06:07:00
P1170,Doctor Consultation,2026-09-20 06:35:00
P1170,Discharge,2026-09-20 07:03:00
P1171,Registration,2026-09-20 05:09:00
P1171,Triage,2026-09-20 05:37:00
P1171,X-Ray,2026-09-20 06:21:00
P1171,Doctor Consultation,2026-09-20 06:39:00
P1171,Discharge,2026-09-20 07:27:00
P1172,Registration,2026-09-20 05:16:00
P1172,Triage,2026-09-20 05:50:00
P1172,X-Ray,2026-09-20 06:41:00
P1172,Doctor Consultation,2026-09-20 07:30:00
P1172,Discharge,2026-09-20 07:58:00
P1173,Registration,2026-09-20 05:19:00
P1173,Triage,2026-09-20 05:41:00
P1173,X-Ray,2026-09-20 06:00:00
P1173,Doctor Consultation,2026-09-20 06:49:00
P1173,Discharge,2026-09-20 07:46:00
P1174,Registration,2026-09-20 05:21:00
P1174,Triage,2026-09-20 05:36:00
P1174,X-Ray,2026-09-20 05:50:00
P1174,Doctor Consultation,2026-09-20 06:29:00
P1174,Discharge,2026-09-20 07:13:00
P1175,Registration,2026-09-20 05:28:00
P1175,Triage,2026-09-20 05:40:00
P1175,X-Ray,2026-09-20 06:01:00
P1175,Doctor Consultation,2026-09-20 06:40:00
P1175,Discharge,2026-09-20 07:30:00
P1176,Registration,2026-09-20 05:33:00
P1176,Triage,2026-09-20 06:08:00
P1176,X-Ray,2026-09-20 06:44:00
P1176,Doctor Consultation,2026-09-20 07:29:00
P1176,Discharge,2026-09-20 08:04:00
P1177,Registration,2026-09-20 05:39:00
P1177,Triage,2026-09-20 05:51:00
P1177,X-Ray,2026-09-20 06:16:00
P1177,Doctor Consultation,2026-09-20 06:55:00
P1177,Discharge,2026-09-20 07:52:00
P1178,Registration,2026-09-20 05:42:00
P1178,Triage,2026-09-20 05:56:00
P1178,X-Ray,2026-09-20 06:42:00
P1178,Triage,2026-09-20 07:12:00
P1178,X-Ray,2026-09-20 07:51:00
P1178,Doctor Consultation,2026-09-20 08:44:00
P1178,Discharge,2026-09-20 09:26:00
P1179,Registration,2026-09-20 05:45:00
P1179,Triage,2026-09-20 06:07:00
P1179,X-Ray,2026-09-20 06:53:00
P1179,Doctor Consultation,2026-09-20 07:27:00
P1179,Discharge,2026-09-20 08:19:00
P1180,Registration,2026-09-20 05:54:00
P1180,Triage,2026-09-20 06:15:00
P1180,X-Ray,2026-09-20 06:49:00
P1180,Doctor Consultation,2026-09-20 07:11:00
P1180,Discharge,2026-09-20 07:43:00
P1181,Registration,2026-09-20 06:01:00
P1181,Triage,2026-09-20 06:37:00
P1181,X-Ray,2026-09-20 06:58:00
P1181,Doctor Consultation,2026-09-20 07:55:00
P1181,Discharge,2026-09-20 08:29:00
P1182,Registration,2026-09-20 06:03:00
P1182,Triage,2026-09-20 06:32:00
P1182,X-Ray,2026-09-20 06:57:00
P1182,Doctor Consultation,2026-09-20 07:46:00
P1182,Discharge,2026-09-20 08:10:00
P1183,Registration,2026-09-20 06:11:00
P1183,Triage,2026-09-20 06:52:00
P1183,X-Ray,2026-09-20 07:17:00
P1183,Triage,2026-09-20 08:14:00
P1183,X-Ray,2026-09-20 08:48:00
P1183,Doctor Consultation,2026-09-20 09:41:00
P1183,Discharge,2026-09-20 10:24:00
P1184,Registration,2026-09-20 06:16:00
P1184,Triage,2026-09-20 07:00:00
P1184,X-Ray,2026-09-20 07:21:00
P1184,Doctor Consultation,2026-09-20 08:04:00
P1184,Discharge,2026-09-20 08:27:00
P1185,Registration,2026-09-20 06:24:00
P1185,Triage,2026-09-20 07:10:00
P1185,X-Ray,2026-09-20 07:42:00
P1185,Doctor Consultation,2026-09-20 08:04:00
P1185,Discharge,2026-09-20 08:29:00
P1186,Registration,2026-09-20 06:26:00
P1186,Triage,2026-09-20 06:57:00
P1186,X-Ray,2026-09-20 07:23:00
P1186,Doctor Consultation,2026-09-20 08:21:00
P1186,Discharge,2026-09-20 09:13:00
P1187,Registration,2026-09-20 06:28:00
P1187,Triage,2026-09-20 07:14:00
P1187,X-Ray,2026-09-20 07:58:00
P1187,Doctor Consultation,2026-09-20 08:56:00
P1187,Discharge,2026-09-20 09:51:00
P1188,Registration,2026-09-20 06:37:00
P1188,Triage,2026-09-20 07:26:00
P1188,X-Ray,2026-09-20 08:13:00
P1188,Doctor Consultation,2026-09-20 08:59:00
P1188,Discharge,2026-09-20 09:39:00
P1189,Registration,2026-09-20 06:43:00
P1189,Triage,2026-09-20 07:15:00
P1189,X-Ray,2026-09-20 07:39:00
P1189,Doctor Consultation,2026-09-20 08:00:00
P1189,Discharge,2026-09-20 08:47:00
P1190,Registration,2026-09-20 06:45:00
P1190,Triage,2026-09-20 07:18:00
P1190,X-Ray,2026-09-20 08:10:00
P1190,Doctor Consultation,2026-09-20 08:43:00
P1190,Discharge,2026-09-20 09:36:00
P1191,Registration,2026-09-20 06:54:00
P1191,Triage,2026-09-20 07:28:00
P1191,X-Ray,2026-09-20 08:08:00
P1191,Doctor Consultation,2026-09-20 08:48:00
P1191,Discharge,2026-09-20 09:23:00
P1192,Registration,2026-09-20 06:59:00
P1192,Triage,2026-09-20 07:43:00
P1192,X-Ray,2026-09-20 08:35:00
P1192,Triage,2026-09-20 09:24:00
P1192,X-Ray,2026-09-20 10:08:00
P1192,Doctor Consultation,2026-09-20 10:47:00
P1192,Discharge,2026-09-20 11:33:00
P1193,Registration,2026-09-20 07:08:00
P1193,Triage,2026-09-20 07:37:00
P1193,X-Ray,2026-09-20 08:22:00
P1193,Triage,2026-09-20 08:49:00
P1193,X-Ray,2026-09-20 09:23:00
P1193,Doctor Consultation,2026-09-20 09:56:00
P1193,Discharge,2026-09-20 10:56:00
P1194,Registration,2026-09-20 07:12:00
P1194,Triage,2026-09-20 07:32:00
P1194,X-Ray,2026-09-20 08:24:00
P1194,Doctor Consultation,2026-09-20 09:00:00
P1194,Discharge,2026-09-20 09:59:00
P1195,Registration,2026-09-20 07:20:00
P1195,Triage,2026-09-20 07:37:00
P1195,X-Ray,2026-09-20 08:13:00
P1195,Doctor Consultation,2026-09-20 08:50:00
P1195,Discharge,2026-09-20 09:40:00
P1196,Registration,2026-09-20 07:30:00
P1196,Triage,2026-09-20 07:43:00
P1196,X-Ray,2026-09-20 07:59:00
P1196,Doctor Consultation,2026-09-20 08:14:00
P1196,Discharge,2026-09-20 08:51:00
P1197,Registration,2026-09-20 07:37:00
P1197,Triage,2026-09-20 07:58:00
P1197,X-Ray,2026-09-20 08:23:00
P1197,Doctor Consultation,2026-09-20 08:46:00
P1197,Discharge,2026-09-20 09:51:00
P1198,Registration,2026-09-20 07:46:00
P1198,Triage,2026-09-20 08:12:00
P1198,X-Ray,2026-09-20 08:32:00
P1198,Doctor Consultation,2026-09-20 09:05:00
P1198,Discharge,2026-09-20 09:34:00
P1199,Registration,2026-09-20 07:49:00
P1199,Triage,2026-09-20 08:09:00
P1199,X-Ray,2026-09-20 09:02:00
P1199,Doctor Consultation,2026-09-20 09:57:00
P1199,Discharge,2026-09-20 10:35:00
P1200,Registration,2026-09-20 07:53:00
P1200,Triage,2026-09-20 08:02:00
P1200,X-Ray,2026-09-20 08:38:00
P1200,Doctor Consultation,2026-09-20 09:24:00
P1200,Discharge,2026-09-20 10:04:00
P1201,Registration,2026-09-20 08:00:00
P1201,Triage,2026-09-20 08:36:00
P1201,X-Ray,2026-09-20 09:17:00
P1201,Doctor Consultation,2026-09-20 10:18:00
P1201,Discharge,2026-09-20 11:05:00
P1202,Registration,2026-09-20 08:07:00
P1202,Triage,2026-09-20 08:54:00
P1202,X-Ray,2026-09-20 09:33:00
P1202,Triage,2026-09-20 09:57:00
P1202,X-Ray,2026-09-20 10:29:00
P1202,Doctor Consultation,2026-09-20 11:14:00
P1202,Discharge,2026-09-20 11:43:00
P1203,Registration,2026-09-20 08:16:00
P1203,Triage,2026-09-20 08:36:00
P1203,X-Ray,2026-09-20 09:07:00
P1203,Triage,2026-09-20 09:57:00
P1203,X-Ray,2026-09-20 10:44:00
P1203,Doctor Consultation,2026-09-20 11:30:00
P1203,Discharge,2026-09-20 12:05:00
P1204,Registration,2026-09-20 08:21:00
P1204,Triage,2026-09-20 08:58:00
P1204,X-Ray,2026-09-20 09:35:00
P1204,Doctor Consultation,2026-09-20 10:07:00
P1204,Discharge,2026-09-20 10:41:00
P1205,Registration,2026-09-20 08:31:00
P1205,Triage,2026-09-20 09:14:00
P1205,X-Ray,2026-09-20 09:43:00
P1205,Triage,2026-09-20 10:16:00
P1205,X-Ray,2026-09-20 10:57:00
P1205,Doctor Consultation,2026-09-20 11:20:00
P1205,Discharge,2026-09-20 12:07:00
P1206,Registration,2026-09-20 08:38:00
P1206,Triage,2026-09-20 09:14:00
P1206,X-Ray,2026-09-20 09:37:00
P1206,Doctor Consultation,2026-09-20 10:13:00
P1206,Discharge,2026-09-20 11:05:00
P1207,Registration,2026-09-20 08:44:00
P1207,Triage,2026-09-20 08:59:00
P1207,X-Ray,2026-09-20 09:39:00
P1207,Triage,2026-09-20 10:09:00
P1207,X-Ray,2026-09-20 10:27:00
P1207,Doctor Consultation,2026-09-20 10:58:00
P1207,Discharge,2026-09-20 11:26:00
P1208,Registration,2026-09-20 08:47:00
P1208,Triage,2026-09-20 09:00:00
P1208,X-Ray,2026-09-20 09:11:00
P1208,Triage,2026-09-20 09:47:00
P1208,X-Ray,2026-09-20 10:10:00
P1208,Doctor Consultation,2026-09-20 11:04:00
P1208,Discharge,2026-09-20 12:13:00
P1209,Registration,2026-09-20 08:50:00
P1209,Triage,2026-09-20 09:05:00
P1209,X-Ray,2026-09-20 09:23:00
P1209,Doctor Consultation,2026-09-20 09:45:00
P1209,Discharge,2026-09-20 10:02:00
P1210,Registration,2026-09-20 08:55:00
P1210,Triage,2026-09-20 09:26:00
P1210,X-Ray,2026-09-20 10:21:00
P1210,Triage,2026-09-20 10:56:00
P1210,X-Ray,2026-09-20 11:25:00
P1210,Doctor Consultation,2026-09-20 12:25:00
P1210,Discharge,2026-09-20 13:15:00
P1211,Registration,2026-09-20 08:57:00
P1211,Triage,2026-09-20 09:09:00
P1211,X-Ray,2026-09-20 09:33:00
P1211,Doctor Consultation,2026-09-20 10:01:00
P1211,Discharge,2026-09-20 10:29:00
P1212,Registration,2026-09-20 09:02:00
P1212,Triage,2026-09-20 09:25:00
P1212,X-Ray,2026-09-20 10:02:00
P1212,Triage,2026-09-20 11:04:00
P1212,X-Ray,2026-09-20 11:56:00
P1212,Doctor Consultation,2026-09-20 12:49:00
P1212,Discharge,2026-09-20 13:26:00
P1213,Registration,2026-09-20 09:08:00
P1213,Triage,2026-09-20 09:49:00
P1213,X-Ray,2026-09-20 10:15:00
P1213,Doctor Consultation,2026-09-20 10:44:00
P1213,Discharge,2026-09-20 11:04:00
P1214,Registration,2026-09-20 09:17:00
P1214,Triage,2026-09-20 10:03:00
P1214,X-Ray,2026-09-20 10:24:00
P1214,Triage,2026-09-20 11:17:00
P1214,X-Ray,2026-09-20 11:32:00
P1214,Doctor Consultation,2026-09-20 12:29:00
P1214,Discharge,2026-09-20 13:33:00
P1215,Registration,2026-09-20 09:23:00
P1215,Triage,2026-09-20 10:00:00
P1215,X-Ray,2026-09-20 10:45:00
P1215,Doctor Consultation,2026-09-20 11:36:00
P1215,Discharge,2026-09-20 12:31:00
P1216,Registration,2026-09-20 09:33:00
P1216,Triage,2026-09-20 09:55:00
P1216,X-Ray,2026-09-20 10:24:00
P1216,Doctor Consultation,2026-09-20 11:01:00
P1216,Discharge,2026-09-20 11:58:00
P1217,Registration,2026-09-20 09:40:00
P1217,Triage,2026-09-20 10:19:00
P1217,X-Ray,2026-09-20 11:04:00
P1217,Doctor Consultation,2026-09-20 11:30:00
P1217,Discharge,2026-09-20 12:23:00
P1218,Registration,2026-09-20 09:44:00
P1218,Triage,2026-09-20 10:34:00
P1218,X-Ray,2026-09-20 11:11:00
P1218,Doctor Consultation,2026-09-20 11:31:00
P1218,Discharge,2026-09-20 12:10:00
P1219,Registration,2026-09-20 09:48:00
P1219,Triage,2026-09-20 10:20:00
P1219,X-Ray,2026-09-20 10:46:00
P1219,Triage,2026-09-20 11:26:00
P1219,X-Ray,2026-09-20 11:40:00
P1219,Doctor Consultation,2026-09-20 12:27:00
P1219,Discharge,2026-09-20 13:06:00
P1220,Registration,2026-09-20 09:53:00
P1220,Triage,2026-09-20 10:30:00
P1220,X-Ray,2026-09-20 10:56:00
P1220,Triage,2026-09-20 11:21:00
P1220,X-Ray,2026-09-20 11:42:00
P1220,Doctor Consultation,2026-09-20 12:18:00
P1220,Discharge,2026-09-20 13:26:00
P1221,Registration,2026-09-20 09:57:00
P1221,Triage,2026-09-20 10:20:00
P1221,X-Ray,2026-09-20 11:07:00
P1221,Triage,2026-09-20 11:41:00
P1221,X-Ray,2026-09-20 12:11:00
P1221,Doctor Consultation,2026-09-20 13:11:00
P1221,Discharge,2026-09-20 14:14:00
P1222,Registration,2026-09-20 10:00:00
P1222,Triage,2026-09-20 10:30:00
P1222,X-Ray,2026-09-20 10:53:00
P1222,Doctor Consultation,2026-09-20 11:49:00
P1222,Discharge,2026-09-20 12:23:00
P1223,Registration,2026-09-20 10:09:00
P1223,Triage,2026-09-20 10:30:00
P1223,X-Ray,2026-09-20 10:59:00
P1223,Doctor Consultation,2026-09-20 11:59:00
P1223,Discharge,2026-09-20 12:46:00
P1224,Registration,2026-09-20 10:16:00
P1224,Triage,2026-09-20 10:44:00
P1224,X-Ray,2026-09-20 11:40:00
P1224,Doctor Consultation,2026-09-20 12:35:00
P1224,Discharge,2026-09-20 13:12:00
P1225,Registration,2026-09-20 10:25:00
P1225,Triage,2026-09-20 11:06:00
P1225,X-Ray,2026-09-20 11:41:00
P1225,Doctor Consultation,2026-09-20 12:37:00
P1225,Discharge,2026-09-20 13:07:00
P1226,Registration,2026-09-20 10:34:00
P1226,Triage,2026-09-20 10:47:00
P1226,X-Ray,2026-09-20 11:28:00
P1226,Doctor Consultation,2026-09-20 12:03:00
P1226,Discharge,2026-09-20 12:45:00
P1227,Registration,2026-09-20 10:43:00
P1227,Triage,2026-09-20 11:10:00
P1227,X-Ray,2026-09-20 12:04:00
P1227,Triage,2026-09-20 13:01:00
P1227,X-Ray,2026-09-20 13:30:00
P1227,Doctor Consultation,2026-09-20 14:21:00
P1227,Discharge,2026-09-20 15:24:00
P1228,Registration,2026-09-20 10:48:00
P1228,Triage,2026-09-20 11:13:00
P1228,X-Ray,2026-09-20 11:35:00
P1228,Doctor Consultation,2026-09-20 12:30:00
P1228,Discharge,2026-09-20 13:09:00
P1229,Registration,2026-09-20 10:56:00
P1229,Triage,2026-09-20 11:22:00
P1229,X-Ray,2026-09-20 11:49:00
P1229,Doctor Consultation,2026-09-20 12:24:00
P1229,Discharge,2026-09-20 12:40:00
P1230,Registration,2026-09-20 10:59:00
P1230,Triage,2026-09-20 11:35:00
P1230,X-Ray,2026-09-20 12:19:00
P1230,Doctor Consultation,2026-09-20 12:52:00
P1230,Discharge,2026-09-20 13:41:00
P1231,Registration,2026-09-20 11:05:00
P1231,Triage,2026-09-20 11:51:00
P1231,X-Ray,2026-09-20 12:26:00
P1231,Doctor Consultation,2026-09-20 13:20:00
P1231,Discharge,2026-09-20 13:59:00
P1232,Registration,2026-09-20 11:08:00
P1232,Triage,2026-09-20 11:52:00
P1232,X-Ray,2026-09-20 12:32:00
P1232,Triage,2026-09-20 13:09:00
P1232,X-Ray,2026-09-20 14:00:00
P1232,Doctor Consultation,2026-09-20 14:55:00
P1232,Discharge,2026-09-20 15:43:00
P1233,Registration,2026-09-20 11:12:00
P1233,Triage,2026-09-20 11:37:00
P1233,X-Ray,2026-09-20 12:28:00
P1233,Triage,2026-09-20 12:54:00
P1233,X-Ray,2026-09-20 13:15:00
P1233,Doctor Consultation,2026-09-20 14:03:00
P1233,Discharge,2026-09-20 14:24:00
P1234,Registration,2026-09-20 11:16:00
P1234,Triage,2026-09-20 11:39:00
P1234,X-Ray,2026-09-20 12:13:00
P1234,Triage,2026-09-20 12:54:00
P1234,X-Ray,2026-09-20 13:31:00
P1234,Doctor Consultation,2026-09-20 13:55:00
P1234,Discharge,2026-09-20 14:50:00
P1235,Registration,2026-09-20 11:26:00
P1235,Triage,2026-09-20 11:45:00
P1235,X-Ray,2026-09-20 12:08:00
P1235,Doctor Consultation,2026-09-20 12:54:00
P1235,Discharge,2026-09-20 13:21:00
P1236,Registration,2026-09-20 11:31:00
P1236,Triage,2026-09-20 11:41:00
P1236,X-Ray,2026-09-20 12:15:00
P1236,Triage,2026-09-20 12:39:00
P1236,X-Ray,2026-09-20 13:03:00
P1236,Doctor Consultation,2026-09-20 13:30:00
P1236,Discharge,2026-09-20 14:21:00
P1237,Registration,2026-09-20 11:38:00
P1237,Triage,2026-09-20 11:49:00
P1237,X-Ray,2026-09-20 12:25:00
P1237,Doctor Consultation,2026-09-20 12:48:00
P1237,Discharge,2026-09-20 13:51:00
P1238,Registration,2026-09-20 11:40:00
P1238,Triage,2026-09-20 12:00:00
P1238,X-Ray,2026-09-20 12:50:00
P1238,Triage,2026-09-20 13:12:00
P1238,X-Ray,2026-09-20 13:32:00
P1238,Doctor Consultation,2026-09-20 14:19:00
P1238,Discharge,2026-09-20 15:04:00
P1239,Registration,2026-09-20 11:44:00
P1239,Triage,2026-09-20 12:10:00
P1239,X-Ray,2026-09-20 12:51:00
P1239,Doctor Consultation,2026-09-20 13:38:00
P1239,Discharge,2026-09-20 14:10:00
P1240,Registration,2026-09-20 11:51:00
P1240,Triage,2026-09-20 12:25:00
P1240,X-Ray,2026-09-20 12:54:00
P1240,Triage,2026-09-20 13:17:00
P1240,X-Ray,2026-09-20 14:12:00
P1240,Doctor Consultation,2026-09-20 15:09:00
P1240,Discharge,2026-09-20 15:49:00
P1241,Registration,2026-09-20 11:54:00
P1241,Triage,2026-09-20 12:14:00
P1241,X-Ray,2026-09-20 13:03:00
P1241,Triage,2026-09-20 13:35:00
P1241,X-Ray,2026-09-20 14:13:00
P1241,Doctor Consultation,2026-09-20 15:02:00
P1241,Discharge,2026-09-20 15:58:00
P1242,Registration,2026-09-20 12:00:00
P1242,Triage,2026-09-20 12:26:00
P1242,X-Ray,2026-09-20 12:49:00
P1242,Triage,2026-09-20 13:27:00
P1242,X-Ray,2026-09-20 14:11:00
P1242,Doctor Consultation,2026-09-20 14:52:00
P1242,Discharge,2026-09-20 15:46:00
P1243,Registration,2026-09-20 12:09:00
P1243,Triage,2026-09-20 12:33:00
P1243,X-Ray,2026-09-20 13:23:00
P1243,Doctor Consultation,2026-09-20 13:39:00
P1243,Discharge,2026-09-20 14:33:00
P1244,Registration,2026-09-20 12:11:00
P1244,Triage,2026-09-20 12:37:00
P1244,X-Ray,2026-09-20 13:18:00
P1244,Doctor Consultation,2026-09-20 13:52:00
P1244,Discharge,2026-09-20 14:13:00
P1245,Registration,2026-09-20 12:16:00
P1245,Triage,2026-09-20 12:49:00
P1245,X-Ray,2026-09-20 13:17:00
P1245,Doctor Consultation,2026-09-20 13:39:00
P1245,Discharge,2026-09-20 14:05:00
P1246,Registration,2026-09-20 12:22:00
P1246,Triage,2026-09-20 12:45:00
P1246,X-Ray,2026-09-20 13:36:00
P1246,Triage,2026-09-20 14:02:00
P1246,X-Ray,2026-09-20 14:30:00
P1246,Doctor Consultation,2026-09-20 14:52:00
P1246,Discharge,2026-09-20 15:24:00
P1247,Registration,2026-09-20 12:32:00
P1247,Triage,2026-09-20 13:15:00
P1247,X-Ray,2026-09-20 13:36:00
P1247,Triage,2026-09-20 14:06:00
P1247,X-Ray,2026-09-20 14:42:00
P1247,Doctor Consultation,2026-09-20 15:31:00
P1247,Discharge,2026-09-20 15:48:00
P1248,Registration,2026-09-20 12:40:00
P1248,Triage,2026-09-20 13:01:00
P1248,X-Ray,2026-09-20 13:47:00
P1248,Doctor Consultation,2026-09-20 14:06:00
P1248,Discharge,2026-09-20 14:47:00
P1249,Registration,2026-09-20 12:45:00
P1249,Triage,2026-09-20 13:09:00
P1249,X-Ray,2026-09-20 13:37:00
P1249,Doctor Consultation,2026-09-20 13:59:00
P1249,Discharge,2026-09-20 14:51:00
P1250,Registration,2026-09-20 12:55:00
P1250,Triage,2026-09-20 13:19:00
P1250,X-Ray,2026-09-20 13:47:00
P1250,Doctor Consultation,2026-09-20 14:12:00
P1250,Discharge,2026-09-20 15:07:00
P1251,Registration,2026-09-20 13:05:00
P1251,Triage,2026-09-20 13:49:00
P1251,X-Ray,2026-09-20 14:16:00
P1251,Triage,2026-09-20 15:16:00
P1251,X-Ray,2026-09-20 15:57:00
P1251,Doctor Consultation,2026-09-20 16:51:00
P1251,Discharge,2026-09-20 17:41:00
P1252,Registration,2026-09-20 13:12:00
P1252,Triage,2026-09-20 13:51:00
P1252,X-Ray,2026-09-20 14:45:00
P1252,Doctor Consultation,2026-09-20 15:29:00
P1252,Discharge,2026-09-20 16:02:00
P1253,Registration,2026-09-20 13:16:00
P1253,Triage,2026-09-20 13:54:00
P1253,X-Ray,2026-09-20 14:45:00
P1253,Triage,2026-09-20 15:20:00
P1253,X-Ray,2026-09-20 15:51:00
P1253,Doctor Consultation,2026-09-20 16:54:00
P1253,Discharge,2026-09-20 17:51:00
P1254,Registration,2026-09-20 13:26:00
P1254,Triage,2026-09-20 14:10:00
P1254,X-Ray,2026-09-20 14:35:00
P1254,Doctor Consultation,2026-09-20 15:01:00
P1254,Discharge,2026-09-20 15:36:00
P1255,Registration,2026-09-20 13:36:00
P1255,Triage,2026-09-20 13:59:00
P1255,X-Ray,2026-09-20 14:27:00
P1255,Triage,2026-09-20 15:06:00
P1255,X-Ray,2026-09-20 15:30:00
P1255,Doctor Consultation,2026-09-20 16:13:00
P1255,Discharge,2026-09-20 17:13:00
P1256,Registration,2026-09-20 13:41:00
P1256,Triage,2026-09-20 13:57:00
P1256,X-Ray,2026-09-20 14:50:00
P1256,Doctor Consultation,2026-09-20 15:44:00
P1256,Discharge,2026-09-20 16:15:00
P1257,Registration,2026-09-20 13:51:00
P1257,Triage,2026-09-20 14:10:00
P1257,X-Ray,2026-09-20 14:40:00
P1257,Doctor Consultation,2026-09-20 15:23:00
P1257,Discharge,2026-09-20 16:00:00
P1258,Registration,2026-09-20 13:56:00
P1258,Triage,2026-09-20 14:21:00
P1258,X-Ray,2026-09-20 14:45:00
P1258,Triage,2026-09-20 15:06:00
P1258,X-Ray,2026-09-20 15:33:00
P1258,Doctor Consultation,2026-09-20 16:02:00
P1258,Discharge,2026-09-20 16:52:00
P1259,Registration,2026-09-20 13:58:00
P1259,Triage,2026-09-20 14:28:00
P1259,X-Ray,2026-09-20 15:07:00
P1259,Doctor Consultation,2026-09-20 15:44:00
P1259,Discharge,2026-09-20 16:51:00
P1260,Registration,2026-09-20 14:00:00
P1260,Triage,2026-09-20 14:38:00
P1260,X-Ray,2026-09-20 15:15:00
P1260,Doctor Consultation,2026-09-20 15:46:00
P1260,Discharge,2026-09-20 16:40:00
P1261,Registration,2026-09-20 14:08:00
P1261,Triage,2026-09-20 14:48:00
P1261,X-Ray,2026-09-20 15:22:00
P1261,Doctor Consultation,2026-09-20 16:08:00
P1261,Discharge,2026-09-20 16:55:00
P1262,Registration,2026-09-20 14:18:00
P1262,Triage,2026-09-20 15:06:00
P1262,X-Ray,2026-09-20 15:46:00
P1262,Triage,2026-09-20 16:28:00
P1262,X-Ray,2026-09-20 17:19:00
P1262,Doctor Consultation,2026-09-20 17:43:00
P1262,Discharge,2026-09-20 18:27:00
P1263,Registration,2026-09-20 14:23:00
P1263,Triage,2026-09-20 14:30:00
P1263,X-Ray,2026-09-20 14:58:00
P1263,Doctor Consultation,2026-09-20 15:23:00
P1263,Discharge,2026-09-20 15:56:00
P1264,Registration,2026-09-20 14:32:00
P1264,Triage,2026-09-20 15:16:00
P1264,X-Ray,2026-09-20 15:39:00
P1264,Triage,2026-09-20 16:35:00
P1264,X-Ray,2026-09-20 17:19:00
P1264,Doctor Consultation,2026-09-20 17:52:00
P1264,Discharge,2026-09-20 18:39:00
P1265,Registration,2026-09-20 14:34:00
P1265,Triage,2026-09-20 15:10:00
P1265,X-Ray,2026-09-20 15:30:00
P1265,Triage,2026-09-20 15:58:00
P1265,X-Ray,2026-09-20 16:46:00
P1265,Doctor Consultation,2026-09-20 17:04:00
P1265,Discharge,2026-09-20 17:42:00
P1266,Registration,2026-09-20 14:36:00
P1266,Triage,2026-09-20 15:05:00
P1266,X-Ray,2026-09-20 16:02:00
P1266,Triage,2026-09-20 16:38:00
P1266,X-Ray,2026-09-20 17:02:00
P1266,Doctor Consultation,2026-09-20 17:28:00
P1266,Discharge,2026-09-20 17:55:00
P1267,Registration,2026-09-20 14:45:00
P1267,Triage,2026-09-20 14:56:00
P1267,X-Ray,2026-09-20 15:37:00
P1267,Doctor Consultation,2026-09-20 16:36:00
P1267,Discharge,2026-09-20 17:20:00
P1268,Registration,2026-09-20 14:47:00
P1268,Triage,2026-09-20 15:01:00
P1268,X-Ray,2026-09-20 15:17:00
P1268,Triage,2026-09-20 15:58:00
P1268,X-Ray,2026-09-20 16:40:00
P1268,Doctor Consultation,2026-09-20 17:18:00
P1268,Discharge,2026-09-20 17:44:00
P1269,Registration,2026-09-20 14:51:00
P1269,Triage,2026-09-20 15:11:00
P1269,X-Ray,2026-09-20 16:02:00
P1269,Triage,2026-09-20 16:57:00
P1269,X-Ray,2026-09-20 17:41:00
P1269,Doctor Consultation,2026-09-20 18:08:00
P1269,Discharge,2026-09-20 18:43:00
P1270,Registration,2026-09-20 14:56:00
P1270,Triage,2026-09-20 15:13:00
P1270,X-Ray,2026-09-20 15:29:00
P1270,Triage,2026-09-20 15:52:00
P1270,X-Ray,2026-09-20 16:10:00
P1270,Doctor Consultation,2026-09-20 16:59:00
P1270,Discharge,2026-09-20 17:59:00
P1271,Registration,2026-09-20 15:02:00
P1271,Triage,2026-09-20 15:30:00
P1271,X-Ray,2026-09-20 16:13:00
P1271,Doctor Consultation,2026-09-20 16:43:00
P1271,Discharge,2026-09-20 17:43:00
P1272,Registration,2026-09-20 15:07:00
P1272,Triage,2026-09-20 15:52:00
P1272,X-Ray,2026-09-20 16:52:00
P1272,Triage,2026-09-20 17:19:00
P1272,X-Ray,2026-09-20 17:39:00
P1272,Doctor Consultation,2026-09-20 18:11:00
P1272,Discharge,2026-09-20 18:58:00
P1273,Registration,2026-09-20 15:11:00
P1273,Triage,2026-09-20 16:01:00
P1273,X-Ray,2026-09-20 16:30:00
P1273,Triage,2026-09-20 17:15:00
P1273,X-Ray,2026-09-20 17:52:00
P1273,Doctor Consultation,2026-09-20 18:27:00
P1273,Discharge,2026-09-20 18:55:00
P1274,Registration,2026-09-20 15:18:00
P1274,Triage,2026-09-20 15:34:00
P1274,X-Ray,2026-09-20 16:30:00
P1274,Doctor Consultation,2026-09-20 17:19:00
P1274,Discharge,2026-09-20 17:54:00
P1275,Registration,2026-09-20 15:27:00
P1275,Triage,2026-09-20 16:15:00
P1275,X-Ray,2026-09-20 16:51:00
P1275,Doctor Consultation,2026-09-20 17:42:00
P1275,Discharge,2026-09-20 18:08:00
P1276,Registration,2026-09-20 15:34:00
P1276,Triage,2026-09-20 16:12:00
P1276,X-Ray,2026-09-20 16:53:00
P1276,Triage,2026-09-20 17:46:00
P1276,X-Ray,2026-09-20 18:25:00
P1276,Doctor Consultation,2026-09-20 19:14:00
P1276,Discharge,2026-09-20 20:08:00
P1277,Registration,2026-09-20 15:43:00
P1277,Triage,2026-09-20 16:14:00
P1277,X-Ray,2026-09-20 17:05:00
P1277,Triage,2026-09-20 18:09:00
P1277,X-Ray,2026-09-20 18:36:00
P1277,Doctor Consultation,2026-09-20 19:18:00
P1277,Discharge,2026-09-20 19:59:00
P1278,Registration,2026-09-20 15:50:00
P1278,Triage,2026-09-20 16:14:00
P1278,X-Ray,2026-09-20 16:45:00
P1278,Doctor Consultation,2026-09-20 17:24:00
P1278,Discharge,2026-09-20 18:06:00
P1279,Registration,2026-09-20 15:56:00
P1279,Triage,2026-09-20 16:18:00
P1279,X-Ray,2026-09-20 16:45:00
P1279,Triage,2026-09-20 17:16:00
P1279,X-Ray,2026-09-20 17:59:00
P1279,Doctor Consultation,2026-09-20 18:57:00
P1279,Discharge,2026-09-20 19:35:00
P1280,Registration,2026-09-20 16:06:00
P1280,Triage,2026-09-20 16:55:00
P1280,X-Ray,2026-09-20 17:21:00
P1280,Triage,2026-09-20 18:25:00
P1280,X-Ray,2026-09-20 18:51:00
P1280,Doctor Consultation,2026-09-20 19:47:00
P1280,Discharge,2026-09-20 20:28:00
P1281,Registration,2026-09-20 16:15:00
P1281,Triage,2026-09-20 16:59:00
P1281,X-Ray,2026-09-20 17:23:00
P1281,Doctor Consultation,2026-09-20 18:20:00
P1281,Discharge,2026-09-20 18:53:00
P1282,Registration,2026-09-20 16:23:00
P1282,Triage,2026-09-20 16:33:00
P1282,X-Ray,2026-09-20 16:56:00
P1282,Doctor Consultation,2026-09-20 17:46:00
P1282,Discharge,2026-09-20 18:50:00
P1283,Registration,2026-09-20 16:33:00
P1283,Triage,2026-09-20 16:58:00
P1283,X-Ray,2026-09-20 17:35:00
P1283,Doctor Consultation,2026-09-20 18:31:00
P1283,Discharge,2026-09-20 19:19:00
P1284,Registration,2026-09-20 16:41:00
P1284,Triage,2026-09-20 17:00:00
P1284,X-Ray,2026-09-20 17:34:00
P1284,Triage,2026-09-20 17:51:00
P1284,X-Ray,2026-09-20 18:19:00
P1284,Doctor Consultation,2026-09-20 19:10:00
P1284,Discharge,2026-09-20 19:41:00
P1285,Registration,2026-09-20 16:49:00
P1285,Triage,2026-09-20 16:56:00
P1285,X-Ray,2026-09-20 17:28:00
P1285,Triage,2026-09-20 18:09:00
P1285,X-Ray,2026-09-20 18:50:00
P1285,Doctor Consultation,2026-09-20 19:22:00
P1285,Discharge,2026-09-20 20:23:00
P1286,Registration,2026-09-20 16:59:00
P1286,Triage,2026-09-20 17:16:00
P1286,X-Ray,2026-09-20 18:01:00
P1286,Doctor Consultation,2026-09-20 18:45:00
P1286,Discharge,2026-09-20 19:17:00
P1287,Registration,2026-09-20 17:04:00
P1287,Triage,2026-09-20 17:21:00
P1287,X-Ray,2026-09-20 18:08:00
P1287,Doctor Consultation,2026-09-20 18:49:00
P1287,Discharge,2026-09-20 19:26:00
P1288,Registration,2026-09-20 17:09:00
P1288,Triage,2026-09-20 17:32:00
P1288,X-Ray,2026-09-20 18:28:00
P1288,Doctor Consultation,2026-09-20 18:56:00
P1288,Discharge,2026-09-20 19:35:00
P1289,Registration,2026-09-20 17:11:00
P1289,Triage,2026-09-20 17:47:00
P1289,X-Ray,2026-09-20 18:44:00
P1289,Triage,2026-09-20 19:33:00
P1289,X-Ray,2026-09-20 20:00:00
P1289,Doctor Consultation,2026-09-20 20:21:00
P1289,Discharge,2026-09-20 21:17:00
P1290,Registration,2026-09-20 17:15:00
P1290,Triage,2026-09-20 18:04:00
P1290,X-Ray,2026-09-20 18:21:00
P1290,Doctor Consultation,2026-09-20 19:01:00
P1290,Discharge,2026-09-20 19:53:00
P1291,Registration,2026-09-20 17:25:00
P1291,Triage,2026-09-20 18:03:00
P1291,X-Ray,2026-09-20 19:00:00
P1291,Triage,2026-09-20 19:49:00
P1291,X-Ray,2026-09-20 20:21:00
P1291,Doctor Consultation,2026-09-20 20:50:00
P1291,Discharge,2026-09-20 21:45:00
P1292,Registration,2026-09-20 17:29:00
P1292,Triage,2026-09-20 17:50:00
P1292,X-Ray,2026-09-20 18:27:00
P1292,Doctor Consultation,2026-09-20 19:05:00
P1292,Discharge,2026-09-20 19:45:00
P1293,Registration,2026-09-20 17:37:00
P1293,Triage,2026-09-20 17:48:00
P1293,X-Ray,2026-09-20 18:44:00
P1293,Doctor Consultation,2026-09-20 19:06:00
P1293,Discharge,2026-09-20 19:36:00
P1294,Registration,2026-09-20 17:44:00
P1294,Triage,2026-09-20 18:22:00
P1294,X-Ray,2026-09-20 19:06:00
P1294,Doctor Consultation,2026-09-20 19:32:00
P1294,Discharge,2026-09-20 20:16:00
P1295,Registration,2026-09-20 17:49:00
P1295,Triage,2026-09-20 18:28:00
P1295,X-Ray,2026-09-20 18:50:00
P1295,Triage,2026-09-20 19:45:00
P1295,X-Ray,2026-09-20 20:38:00
P1295,Doctor Consultation,2026-09-20 21:35:00
P1295,Discharge,2026-09-20 21:58:00
P1296,Registration,2026-09-20 17:56:00
P1296,Triage,2026-09-20 18:09:00
P1296,X-Ray,2026-09-20 18:26:00
P1296,Triage,2026-09-20 19:25:00
P1296,X-Ray,2026-09-20 19:51:00
P1296,Doctor Consultation,2026-09-20 20:40:00
P1296,Discharge,2026-09-20 21:31:00
P1297,Registration,2026-09-20 18:02:00
P1297,Triage,2026-09-20 18:29:00
P1297,X-Ray,2026-09-20 18:55:00
P1297,Triage,2026-09-20 19:35:00
P1297,X-Ray,2026-09-20 20:20:00
P1297,Doctor Consultation,2026-09-20 20:50:00
P1297,Discharge,2026-09-20 21:46:00
P1298,Registration,2026-09-20 18:06:00
P1298,Triage,2026-09-20 18:43:00
P1298,X-Ray,2026-09-20 19:10:00
P1298,Triage,2026-09-20 19:37:00
P1298,X-Ray,2026-09-20 20:00:00
P1298,Doctor Consultation,2026-09-20 20:22:00
P1298,Discharge,2026-09-20 20:56:00
P1299,Registration,2026-09-20 18:15:00
P1299,Triage,2026-09-20 18:35:00
P1299,X-Ray,2026-09-20 19:21:00
P1299,Doctor Consultation,2026-09-20 19:53:00
P1299,Discharge,2026-09-20 20:28:00
P1300,Registration,2026-09-20 18:21:00
P1300,Triage,2026-09-20 19:00:00
P1300,X-Ray,2026-09-20 19:21:00
P1300,Doctor Consultation,2026-09-20 19:50:00
P1300,Discharge,2026-09-20 20:13:00
P1301,Registration,2026-09-20 18:25:00
P1301,Triage,2026-09-20 19:11:00
P1301,X-Ray,2026-09-20 20:02:00
P1301,Doctor Consultation,2026-09-20 20:50:00
P1301,Discharge,2026-09-20 21:41:00
P1302,Registration,2026-09-20 18:28:00
P1302,Triage,2026-09-20 19:16:00
P1302,X-Ray,2026-09-20 19:37:00
P1302,Doctor Consultation,2026-09-20 20:17:00
P1302,Discharge,2026-09-20 20:36:00
P1303,Registration,2026-09-20 18:37:00
P1303,Triage,2026-09-20 19:12:00
P1303,X-Ray,2026-09-20 20:04:00
P1303,Doctor Consultation,2026-09-20 20:58:00
P1303,Discharge,2026-09-20 22:00:00
P1304,Registration,2026-09-20 18:45:00
P1304,Triage,2026-09-20 19:05:00
P1304,X-Ray,2026-09-20 19:54:00
P1304,Doctor Consultation,2026-09-20 20:13:00
P1304,Discharge,2026-09-20 20:38:00
P1305,Registration,2026-09-20 18:51:00
P1305,Triage,2026-09-20 19:25:00
P1305,X-Ray,2026-09-20 20:00:00
P1305,Triage,2026-09-20 20:21:00
P1305,X-Ray,2026-09-20 21:07:00
P1305,Doctor Consultation,2026-09-20 21:26:00
P1305,Discharge,2026-09-20 22:14:00
P1306,Registration,2026-09-20 19:00:00
P1306,Triage,2026-09-20 19:27:00
P1306,X-Ray,2026-09-20 19:58:00
P1306,Doctor Consultation,2026-09-20 20:16:00
P1306,Discharge,2026-09-20 21:06:00
P1307,Registration,2026-09-20 19:09:00
P1307,Triage,2026-09-20 19:42:00
P1307,X-Ray,2026-09-20 20:24:00
P1307,Doctor Consultation,2026-09-20 21:07:00
P1307,Discharge,2026-09-20 21:38:00
P1308,Registration,2026-09-20 19:12:00
P1308,Triage,2026-09-20 19:41:00
P1308,X-Ray,2026-09-20 20:22:00
P1308,Triage,2026-09-20 21:14:00
P1308,X-Ray,2026-09-20 22:03:00
P1308,Doctor Consultation,2026-09-20 22:44:00
P1308,Discharge,2026-09-20 23:16:00
P1309,Registration,2026-09-20 19:15:00
P1309,Triage,2026-09-20 19:42:00
P1309,X-Ray,2026-09-20 20:10:00
P1309,Doctor Consultation,2026-09-20 20:31:00
P1309,Discharge,2026-09-20 21:25:00
P1310,Registration,2026-09-20 19:17:00
P1310,Triage,2026-09-20 20:05:00
P1310,X-Ray,2026-09-20 20:46:00
P1310,Triage,2026-09-20 21:29:00
P1310,X-Ray,2026-09-20 22:06:00
P1310,Doctor Consultation,2026-09-20 22:59:00
P1310,Discharge,2026-09-21 00:04:00
P1311,Registration,2026-09-20 19:23:00
P1311,Triage,2026-09-20 19:58:00
P1311,X-Ray,2026-09-20 20:42:00
P1311,Doctor Consultation,2026-09-20 21:07:00
P1311,Discharge,2026-09-20 21:33:00
P1312,Registration,2026-09-20 19:30:00
P1312,Triage,2026-09-20 20:20:00
P1312,X-Ray,2026-09-20 20:43:00
P1312,Doctor Consultation,2026-09-20 21:12:00
P1312,Discharge,2026-09-20 22:08:00
P1313,Registration,2026-09-20 19:36:00
P1313,Triage,2026-09-20 19:45:00
P1313,X-Ray,2026-09-20 19:59:00
P1313,Doctor Consultation,2026-09-20 20:28:00
P1313,Discharge,2026-09-20 21:32:00
P1314,Registration,2026-09-20 19:44:00
P1314,Triage,2026-09-20 20:19:00
P1314,X-Ray,2026-09-20 21:13:00
P1314,Doctor Consultation,2026-09-20 21:45:00
P1314,Discharge,2026-09-20 22:04:00
P1315,Registration,2026-09-20 19:46:00
P1315,Triage,2026-09-20 20:00:00
P1315,X-Ray,2026-09-20 20:42:00
P1315,Triage,2026-09-20 21:30:00
P1315,X-Ray,2026-09-20 21:46:00
P1315,Doctor Consultation,2026-09-20 22:40:00
P1315,Discharge,2026-09-20 23:44:00
P1316,Registration,2026-09-20 19:55:00
P1316,Triage,2026-09-20 20:40:00
P1316,X-Ray,2026-09-20 21:33:00
P1316,Doctor Consultation,2026-09-20 22:33:00
P1316,Discharge,2026-09-20 23:31:00
P1317,Registration,2026-09-20 20:05:00
P1317,Triage,2026-09-20 20:27:00
P1317,X-Ray,2026-09-20 21:04:00
P1317,Doctor Consultation,2026-09-20 21:43:00
P1317,Discharge,2026-09-20 22:40:00
P1318,Registration,2026-09-20 20:14:00
P1318,Triage,2026-09-20 20:27:00
P1318,X-Ray,2026-09-20 21:05:00
P1318,Doctor Consultation,2026-09-20 21:30:00
P1318,Discharge,2026-09-20 22:24:00
P1319,Registration,2026-09-20 20:19:00
P1319,Triage,2026-09-20 20:56:00
P1319,X-Ray,2026-09-20 21:14:00
P1319,Doctor Consultation,2026-09-20 22:09:00
P1319,Discharge,2026-09-20 23:01:00
P1320,Registration,2026-09-20 20:27:00
P1320,Triage,2026-09-20 20:41:00
P1320,X-Ray,2026-09-20 21:04:00
P1320,Doctor Consultation,2026-09-20 21:58:00
P1320,Discharge,2026-09-20 22:35:00
P1321,Registration,2026-09-20 20:35:00
P1321,Triage,2026-09-20 20:54:00
P1321,X-Ray,2026-09-20 21:40:00
P1321,Doctor Consultation,2026-09-20 22:16:00
P1321,Discharge,2026-09-20 22:49:00
P1322,Registration,2026-09-20 20:40:00
P1322,Triage,2026-09-20 21:15:00
P1322,X-Ray,2026-09-20 21:47:00
P1322,Doctor Consultation,2026-09-20 22:35:00
P1322,Discharge,2026-09-20 23:15:00
P1323,Registration,2026-09-20 20:44:00
P1323,Triage,2026-09-20 21:30:00
P1323,X-Ray,2026-09-20 21:51:00
P1323,Triage,2026-09-20 22:12:00
P1323,X-Ray,2026-09-20 22:23:00
P1323,Doctor Consultation,2026-09-20 23:14:00
P1323,Discharge,2026-09-21 00:13:00
P1324,Registration,2026-09-20 20:48:00
P1324,Triage,2026-09-20 21:25:00
P1324,X-Ray,2026-09-20 21:39:00
P1324,Doctor Consultation,2026-09-20 22:14:00
P1324,Discharge,2026-09-20 23:02:00
P1325,Registration,2026-09-20 20:50:00
P1325,Triage,2026-09-20 21:20:00
P1325,X-Ray,2026-09-20 21:33:00
P1325,Triage,2026-09-20 22:02:00
P1325,X-Ray,2026-09-20 22:51:00
P1325,Doctor Consultation,2026-09-20 23:18:00
P1325,Discharge,2026-09-21 00:03:00
P1326,Registration,2026-09-20 20:53:00
P1326,Triage,2026-09-20 21:41:00
P1326,X-Ray,2026-09-20 22:03:00
P1326,Triage,2026-09-20 22:45:00
P1326,X-Ray,2026-09-20 23:01:00
P1326,Doctor Consultation,2026-09-21 00:01:00
P1326,Discharge,2026-09-21 00:34:00
P1327,Registration,2026-09-20 21:02:00
P1327,Triage,2026-09-20 21:13:00
P1327,X-Ray,2026-09-20 21:50:00
P1327,Doctor Consultation,2026-09-20 22:25:00
P1327,Discharge,2026-09-20 23:23:00
P1328,Registration,2026-09-20 21:12:00
P1328,Triage,2026-09-20 21:48:00
P1328,X-Ray,2026-09-20 22:20:00
P1328,Triage,2026-09-20 23:05:00
P1328,X-Ray,2026-09-20 23:33:00
P1328,Doctor Consultation,2026-09-21 00:04:00
P1328,Discharge,2026-09-21 00:25:00
P1329,Registration,2026-09-20 21:14:00
P1329,Triage,2026-09-20 21:30:00
P1329,X-Ray,2026-09-20 22:09:00
P1329,Doctor Consultation,2026-09-20 22:35:00
P1329,Discharge,2026-09-20 23:10:00
P1330,Registration,2026-09-20 21:21:00
P1330,Triage,2026-09-20 21:58:00
P1330,X-Ray,2026-09-20 22:21:00
P1330,Doctor Consultation,2026-09-20 23:21:00
P1330,Discharge,2026-09-20 23:58:00
P1331,Registration,2026-09-20 21:23:00
P1331,Triage,2026-09-20 21:45:00
P1331,X-Ray,2026-09-20 22:04:00
P1331,Doctor Consultation,2026-09-20 22:21:00
P1331,Discharge,2026-09-20 23:08:00
P1332,Registration,2026-09-20 21:32:00
P1332,Triage,2026-09-20 22:02:00
P1332,X-Ray,2026-09-20 22:27:00
P1332,Doctor Consultation,2026-09-20 23:14:00
P1332,Discharge,2026-09-21 00:15:00
P1333,Registration,2026-09-20 21:34:00
P1333,Triage,2026-09-20 21:58:00
P1333,X-Ray,2026-09-20 22:19:00
P1333,Doctor Consultation,2026-09-20 23:02:00
P1333,Discharge,2026-09-20 23:23:00
P1334,Registration,2026-09-20 21:39:00
P1334,Triage,2026-09-20 22:06:00
P1334,X-Ray,2026-09-20 22:30:00
P1334,Doctor Consultation,2026-09-20 22:53:00
P1334,Discharge,2026-09-20 23:48:00
P1335,Registration,2026-09-20 21:46:00
P1335,Triage,2026-09-20 22:16:00
P1335,X-Ray,2026-09-20 22:32:00
P1335,Doctor Consultation,2026-09-20 23:26:00
P1335,Discharge,2026-09-21 00:00:00
P1336,Registration,2026-09-20 21:53:00
P1336,Triage,2026-09-20 22:35:00
P1336,X-Ray,2026-09-20 23:24:00
P1336,Doctor Consultation,2026-09-21 00:27:00
P1336,Discharge,2026-09-21 01:15:00
P1337,Registration,2026-09-20 22:02:00
P1337,Triage,2026-09-20 22:45:00
P1337,X-Ray,2026-09-20 23:04:00
P1337,Doctor Consultation,2026-09-20 23:44:00
P1337,Discharge,2026-09-21 00:25:00
P1338,Registration,2026-09-20 22:11:00
P1338,Triage,2026-09-20 22:50:00
P1338,X-Ray,2026-09-20 23:45:00
P1338,Doctor Consultation,2026-09-21 00:23:00
P1338,Discharge,2026-09-21 01:13:00
P1339,Registration,2026-09-20 22:17:00
P1339,Triage,2026-09-20 22:38:00
P1339,X-Ray,2026-09-20 23:35:00
P1339,Doctor Consultation,2026-09-21 00:19:00
P1339,Discharge,2026-09-21 00:42:00
P1340,Registration,2026-09-20 22:19:00
P1340,Triage,2026-09-20 22:44:00
P1340,X-Ray,2026-09-20 23:00:00
P1340,Triage,2026-09-20 23:24:00
P1340,X-Ray,2026-09-20 23:52:00
P1340,Doctor Consultation,2026-09-21 00:49:00
P1340,Discharge,2026-09-21 01:18:00
P1341,Registration,2026-09-20 22:21:00
P1341,Triage,2026-09-20 23:03:00
P1341,X-Ray,2026-09-20 23:58:00
P1341,Doctor Consultation,2026-09-21 00:24:00
P1341,Discharge,2026-09-21 01:10:00
P1342,Registration,2026-09-20 22:25:00
P1342,Triage,2026-09-20 22:33:00
P1342,X-Ray,2026-09-20 23:20:00
P1342,Doctor Consultation,2026-09-20 23:57:00
P1342,Discharge,2026-09-21 00:49:00
P1343,Registration,2026-09-20 22:28:00
P1343,Triage,2026-09-20 22:47:00
P1343,X-Ray,2026-09-20 23:25:00
P1343,Triage,2026-09-21 00:06:00
P1343,X-Ray,2026-09-21 00:32:00
P1343,Doctor Consultation,2026-09-21 01:06:00
P1343,Discharge,2026-09-21 01:49:00
P1344,Registration,2026-09-20 22:34:00
P1344,Triage,2026-09-20 22:45:00
P1344,X-Ray,2026-09-20 23:04:00
P1344,Triage,2026-09-20 23:34:00
P1344,X-Ray,2026-09-21 00:02:00
P1344,Doctor Consultation,2026-09-21 00:26:00
P1344,Discharge,2026-09-21 01:16:00
P1345,Registration,2026-09-20 22:44:00
P1345,Triage,2026-09-20 23:26:00
P1345,X-Ray,2026-09-21 00:07:00
P1345,Doctor Consultation,2026-09-21 01:11:00
P1345,Discharge,2026-09-21 01:39:00
P1346,Registration,2026-09-20 22:47:00
P1346,Triage,2026-09-20 23:09:00
P1346,X-Ray,2026-09-20 23:43:00
P1346,Doctor Consultation,2026-09-21 00:37:00
P1346,Discharge,2026-09-21 00:58:00
P1347,Registration,2026-09-20 22:51:00
P1347,Triage,2026-09-20 23:29:00
P1347,X-Ray,2026-09-21 00:11:00
P1347,Triage,2026-09-21 00:47:00
P1347,X-Ray,2026-09-21 01:30:00
P1347,Doctor Consultation,2026-09-21 02:18:00
P1347,Discharge,2026-09-21 02:58:00
P1348,Registration,2026-09-20 22:56:00
P1348,Triage,2026-09-20 23:43:00
P1348,X-Ray,2026-09-21 00:08:00
P1348,Doctor Consultation,2026-09-21 01:04:00
P1348,Discharge,2026-09-21 01:57:00
P1349,Registration,2026-09-20 23:03:00
P1349,Triage,2026-09-20 23:12:00
P1349,X-Ray,2026-09-20 23:41:00
P1349,Triage,2026-09-21 00:32:00
P1349,X-Ray,2026-09-21 00:48:00
P1349,Doctor Consultation,2026-09-21 01:36:00
P1349,Discharge,2026-09-21 02:27:00
P1350,Registration,2026-09-20 23:10:00
P1350,Triage,2026-09-20 23:25:00
P1350,X-Ray,2026-09-21 00:14:00
P1350,Doctor Consultation,2026-09-21 01:12:00
P1350,Discharge,2026-09-21 02:07:00
P1351,Registration,2026-09-20 23:19:00
P1351,Triage,2026-09-20 23:35:00
P1351,X-Ray,2026-09-20 23:56:00
P1351,Doctor Consultation,2026-09-21 00:41:00
P1351,Discharge,2026-09-21 01:22:00
P1352,Registration,2026-09-20 23:25:00
P1352,Triage,2026-09-20 23:35:00
P1352,X-Ray,2026-09-20 23:57:00
P1352,Triage,2026-09-21 00:40:00
P1352,X-Ray,2026-09-21 01:09:00
P1352,Doctor Consultation,2026-09-21 01:55:00
P1352,Discharge,2026-09-21 02:45:00
P1353,Registration,2026-09-20 23:28:00
P1353,Triage,2026-09-21 00:03:00
P1353,X-Ray,2026-09-21 00:14:00
P1353,Doctor Consultation,2026-09-21 00:53:00
P1353,Discharge,2026-09-21 01:18:00
P1354,Registration,2026-09-20 23:38:00
P1354,Triage,2026-09-21 00:08:00
P1354,X-Ray,2026-09-21 00:25:00
P1354,Doctor Consultation,2026-09-21 01:05:00
P1354,Discharge,2026-09-21 01:37:00
P1355,Registration,2026-09-20 23:43:00
P1355,Triage,2026-09-21 00:04:00
P1355,X-Ray,2026-09-21 00:31:00
P1355,Doctor Consultation,2026-09-21 01:25:00
P1355,Discharge,2026-09-21 02:17:00
P1356,Registration,2026-09-20 23:53:00
P1356,Triage,2026-09-21 00:25:00
P1356,X-Ray,2026-09-21 00:54:00
P1356,Doctor Consultation,2026-09-21 01:20:00
P1356,Discharge,2026-09-21 02:02:00
P1357,Registration,2026-09-20 23:57:00
P1357,Triage,2026-09-21 00:10:00
P1357,X-Ray,2026-09-21 00:29:00
P1357,Triage,2026-09-21 01:14:00
P1357,X-Ray,2026-09-21 02:04:00
P1357,Doctor Consultation,2026-09-21 02:36:00
P1357,Discharge,2026-09-21 03:33:00
P1358,Registration,2026-09-21 00:00:00
P1358,Triage,2026-09-21 00:44:00
P1358,X-Ray,2026-09-21 01:35:00
P1358,Triage,2026-09-21 02:20:00
P1358,X-Ray,2026-09-21 02:41:00
P1358,Doctor Consultation,2026-09-21 03:30:00
P1358,Discharge,2026-09-21 04:18:00
P1359,Registration,2026-09-21 00:10:00
P1359,Triage,2026-09-21 00:49:00
P1359,X-Ray,2026-09-21 01:22:00
P1359,Doctor Consultation,2026-09-21 02:04:00
P1359,Discharge,2026-09-21 03:04:00
P1360,Registration,2026-09-21 00:15:00
P1360,Triage,2026-09-21 00:46:00
P1360,X-Ray,2026-09-21 01:23:00
P1360,Doctor Consultation,2026-09-21 02:13:00
P1360,Discharge,2026-09-21 02:54:00
P1361,Registration,2026-09-21 00:18:00
P1361,Triage,2026-09-21 01:05:00
P1361,X-Ray,2026-09-21 01:22:00
P1361,Doctor Consultation,2026-09-21 02:03:00
P1361,Discharge,2026-09-21 02:40:00
P1362,Registration,2026-09-21 00:22:00
P1362,Triage,2026-09-21 00:44:00
P1362,X-Ray,2026-09-21 00:58:00
P1362,Doctor Consultation,2026-09-21 01:31:00
P1362,Discharge,2026-09-21 01:51:00
P1363,Registration,2026-09-21 00:26:00
P1363,Triage,2026-09-21 00:42:00
P1363,X-Ray,2026-09-21 01:01:00
P1363,Doctor Consultation,2026-09-21 01:39:00
P1363,Discharge,2026-09-21 01:57:00
P1364,Registration,2026-09-21 00:29:00
P1364,Triage,2026-09-21 00:48:00
P1364,X-Ray,2026-09-21 01:07:00
P1364,Triage,2026-09-21 01:47:00
P1364,X-Ray,2026-09-21 02:27:00
P1364,Doctor Consultation,2026-09-21 03:25:00
P1364,Discharge,2026-09-21 04:16:00
P1365,Registration,2026-09-21 00:33:00
P1365,Triage,2026-09-21 00:54:00
P1365,X-Ray,2026-09-21 01:29:00
P1365,Triage,2026-09-21 02:22:00
P1365,X-Ray,2026-09-21 03:03:00
P1365,Doctor Consultation,2026-09-21 03:34:00
P1365,Discharge,2026-09-21 04:16:00
P1366,Registration,2026-09-21 00:37:00
P1366,Triage,2026-09-21 01:13:00
P1366,X-Ray,2026-09-21 01:49:00
P1366,Triage,2026-09-21 02:33:00
P1366,X-Ray,2026-09-21 03:02:00
P1366,Doctor Consultation,2026-09-21 03:37:00
P1366,Discharge,2026-09-21 04:11:00
P1367,Registration,2026-09-21 00:39:00
P1367,Triage,2026-09-21 01:23:00
P1367,X-Ray,2026-09-21 02:02:00
P1367,Doctor Consultation,2026-09-21 02:35:00
P1367,Discharge,2026-09-21 03:16:00
P1368,Registration,2026-09-21 00:48:00
P1368,Triage,2026-09-21 01:07:00
P1368,X-Ray,2026-09-21 01:38:00
P1368,Doctor Consultation,2026-09-21 02:08:00
P1368,Discharge,2026-09-21 02:38:00
P1369,Registration,2026-09-21 00:56:00
P1369,Triage,2026-09-21 01:11:00
P1369,X-Ray,2026-09-21 01:48:00
P1369,Triage,2026-09-21 02:27:00
P1369,X-Ray,2026-09-21 02:55:00
P1369,Doctor Consultation,2026-09-21 03:53:00
P1369,Discharge,2026-09-21 04:42:00
P1370,Registration,2026-09-21 00:59:00
P1370,Triage,2026-09-21 01:21:00
P1370,X-Ray,2026-09-21 01:51:00
P1370,Doctor Consultation,2026-09-21 02:44:00
P1370,Discharge,2026-09-21 03:44:00
P1371,Registration,2026-09-21 01:09:00
P1371,Triage,2026-09-21 01:36:00
P1371,X-Ray,2026-09-21 02:20:00
P1371,Triage,2026-09-21 03:05:00
P1371,X-Ray,2026-09-21 03:45:00
P1371,Doctor Consultation,2026-09-21 04:14:00
P1371,Discharge,2026-09-21 04:51:00
P1372,Registration,2026-09-21 01:15:00
P1372,Triage,2026-09-21 02:01:00
P1372,X-Ray,2026-09-21 02:54:00
P1372,Doctor Consultation,2026-09-21 03:53:00
P1372,Discharge,2026-09-21 04:25:00
P1373,Registration,2026-09-21 01:24:00
P1373,Triage,2026-09-21 01:52:00
P1373,X-Ray,2026-09-21 02:23:00
P1373,Doctor Consultation,2026-09-21 03:13:00
P1373,Discharge,2026-09-21 04:09:00
P1374,Registration,2026-09-21 01:33:00
P1374,Triage,2026-09-21 01:44:00
P1374,X-Ray,2026-09-21 02:31:00
P1374,Triage,2026-09-21 03:02:00
P1374,X-Ray,2026-09-21 03:20:00
P1374,Doctor Consultation,2026-09-21 04:07:00
P1374,Discharge,2026-09-21 05:09:00
P1375,Registration,2026-09-21 01:36:00
P1375,Triage,2026-09-21 01:54:00
P1375,X-Ray,2026-09-21 02:20:00
P1375,Doctor Consultation,2026-09-21 03:01:00
P1375,Discharge,2026-09-21 03:21:00
P1376,Registration,2026-09-21 01:38:00
P1376,Triage,2026-09-21 01:55:00
P1376,X-Ray,2026-09-21 02:46:00
P1376,Doctor Consultation,2026-09-21 03:21:00
P1376,Discharge,2026-09-21 03:59:00
P1377,Registration,2026-09-21 01:41:00
P1377,Triage,2026-09-21 02:28:00
P1377,X-Ray,2026-09-21 03:26:00
P1377,Triage,2026-09-21 03:46:00
P1377,X-Ray,2026-09-21 04:20:00
P1377,Doctor Consultation,2026-09-21 04:53:00
P1377,Discharge,2026-09-21 05:39:00
P1378,Registration,2026-09-21 01:49:00
P1378,Triage,2026-09-21 02:01:00
P1378,X-Ray,2026-09-21 02:56:00
P1378,Doctor Consultation,2026-09-21 03:50:00
P1378,Discharge,2026-09-21 04:13:00
P1379,Registration,2026-09-21 01:56:00
P1379,Triage,2026-09-21 02:41:00
P1379,X-Ray,2026-09-21 02:54:00
P1379,Doctor Consultation,2026-09-21 03:50:00
P1379,Discharge,2026-09-21 04:22:00
P1380,Registration,2026-09-21 02:00:00
P1380,Triage,2026-09-21 02:10:00
P1380,X-Ray,2026-09-21 02:34:00
P1380,Doctor Consultation,2026-09-21 03:04:00
P1380,Discharge,2026-09-21 03:41:00
P1381,Registration,2026-09-21 02:02:00
P1381,Triage,2026-09-21 02:49:00
P1381,X-Ray,2026-09-21 03:03:00
P1381,Doctor Consultation,2026-09-21 03:32:00
P1381,Discharge,2026-09-21 04:38:00
P1382,Registration,2026-09-21 02:10:00
P1382,Triage,2026-09-21 02:27:00
P1382,X-Ray,2026-09-21 03:08:00
P1382,Triage,2026-09-21 03:33:00
P1382,X-Ray,2026-09-21 03:50:00
P1382,Doctor Consultation,2026-09-21 04:24:00
P1382,Discharge,2026-09-21 04:58:00
P1383,Registration,2026-09-21 02:14:00
P1383,Triage,2026-09-21 02:48:00
P1383,X-Ray,2026-09-21 03:26:00
P1383,Triage,2026-09-21 03:54:00
P1383,X-Ray,2026-09-21 04:41:00
P1383,Doctor Consultation,2026-09-21 05:37:00
P1383,Discharge,2026-09-21 06:30:00
P1384,Registration,2026-09-21 02:24:00
P1384,Triage,2026-09-21 03:00:00
P1384,X-Ray,2026-09-21 03:27:00
P1384,Doctor Consultation,2026-09-21 04:19:00
P1384,Discharge,2026-09-21 05:02:00
P1385,Registration,2026-09-21 02:29:00
P1385,Triage,2026-09-21 02:48:00
P1385,X-Ray,2026-09-21 03:22:00
P1385,Doctor Consultation,2026-09-21 04:17:00
P1385,Discharge,2026-09-21 04:51:00
P1386,Registration,2026-09-21 02:33:00
P1386,Triage,2026-09-21 03:15:00
P1386,X-Ray,2026-09-21 04:01:00
P1386,Doctor Consultation,2026-09-21 04:48:00
P1386,Discharge,2026-09-21 05:10:00
P1387,Registration,2026-09-21 02:43:00
P1387,Triage,2026-09-21 03:06:00
P1387,X-Ray,2026-09-21 03:48:00
P1387,Doctor Consultation,2026-09-21 04:46:00
P1387,Discharge,2026-09-21 05:18:00
P1388,Registration,2026-09-21 02:50:00
P1388,Triage,2026-09-21 03:13:00
P1388,X-Ray,2026-09-21 03:48:00
P1388,Doctor Consultation,2026-09-21 04:19:00
P1388,Discharge,2026-09-21 04:41:00
P1389,Registration,2026-09-21 02:59:00
P1389,Triage,2026-09-21 03:15:00
P1389,X-Ray,2026-09-21 04:08:00
P1389,Doctor Consultation,2026-09-21 04:57:00
P1389,Discharge,2026-09-21 05:55:00
P1390,Registration,2026-09-21 03:02:00
P1390,Triage,2026-09-21 03:29:00
P1390,X-Ray,2026-09-21 03:56:00
P1390,Doctor Consultation,2026-09-21 04:38:00
P1390,Discharge,2026-09-21 05:04:00
P1391,Registration,2026-09-21 03:04:00
P1391,Triage,2026-09-21 03:12:00
P1391,X-Ray,2026-09-21 03:43:00
P1391,Doctor Consultation,2026-09-21 04:40:00
P1391,Discharge,2026-09-21 05:02:00
P1392,Registration,2026-09-21 03:13:00
P1392,Triage,2026-09-21 03:48:00
P1392,X-Ray,2026-09-21 04:29:00
P1392,Doctor Consultation,2026-09-21 05:24:00
P1392,Discharge,2026-09-21 05:48:00
P1393,Registration,2026-09-21 03:20:00
P1393,Triage,2026-09-21 03:59:00
P1393,X-Ray,2026-09-21 04:37:00
P1393,Doctor Consultation,2026-09-21 05:12:00
P1393,Discharge,2026-09-21 05:37:00
P1394,Registration,2026-09-21 03:30:00
P1394,Triage,2026-09-21 04:13:00
P1394,X-Ray,2026-09-21 04:33:00
P1394,Doctor Consultation,2026-09-21 05:08:00
P1394,Discharge,2026-09-21 05:44:00
P1395,Registration,2026-09-21 03:39:00
P1395,Triage,2026-09-21 04:18:00
P1395,X-Ray,2026-09-21 04:30:00
P1395,Triage,2026-09-21 04:57:00
P1395,X-Ray,2026-09-21 05:23:00
P1395,Doctor Consultation,2026-09-21 06:05:00
P1395,Discharge,2026-09-21 07:11:00
P1396,Registration,2026-09-21 03:42:00
P1396,Triage,2026-09-21 04:24:00
P1396,X-Ray,2026-09-21 05:01:00
P1396,Doctor Consultation,2026-09-21 05:58:00
P1396,Discharge,2026-09-21 06:31:00
P1397,Registration,2026-09-21 03:46:00
P1397,Triage,2026-09-21 04:14:00
P1397,X-Ray,2026-09-21 04:32:00
P1397,Doctor Consultation,2026-09-21 05:11:00
P1397,Discharge,2026-09-21 06:07:00
P1398,Registration,2026-09-21 03:48:00
P1398,Triage,2026-09-21 04:35:00
P1398,X-Ray,2026-09-21 04:55:00
P1398,Doctor Consultation,2026-09-21 05:29:00
P1398,Discharge,2026-09-21 06:17:00
P1399,Registration,2026-09-21 03:55:00
P1399,Triage,2026-09-21 04:41:00
P1399,X-Ray,2026-09-21 05:34:00
P1399,Doctor Consultation,2026-09-21 05:59:00
P1399,Discharge,2026-09-21 06:19:00
P1400,Registration,2026-09-21 03:57:00
P1400,Triage,2026-09-21 04:23:00
P1400,X-Ray,2026-09-21 04:48:00
P1400,Doctor Consultation,2026-09-21 05:44:00
P1400,Discharge,2026-09-21 06:15:00
P1401,Registration,2026-09-21 04:01:00
P1401,Triage,2026-09-21 04:42:00
P1401,X-Ray,2026-09-21 05:28:00
P1401,Doctor Consultation,2026-09-21 06:10:00
P1401,Discharge,2026-09-21 07:04:00
P1402,Registration,2026-09-21 04:09:00
P1402,Triage,2026-09-21 04:21:00
P1402,X-Ray,2026-09-21 04:58:00
P1402,Triage,2026-09-21 05:40:00
P1402,X-Ray,2026-09-21 06:25:00
P1402,Doctor Consultation,2026-09-21 07:08:00
P1402,Discharge,2026-09-21 07:55:00
P1403,Registration,2026-09-21 04:11:00
P1403,Triage,2026-09-21 04:29:00
P1403,X-Ray,2026-09-21 05:17:00
P1403,Triage,2026-09-21 05:51:00
P1403,X-Ray,2026-09-21 06:21:00
P1403,Doctor Consultation,2026-09-21 06:45:00
P1403,Discharge,2026-09-21 07:16:00
P1404,Registration,2026-09-21 04:17:00
P1404,Triage,2026-09-21 04:37:00
P1404,X-Ray,2026-09-21 05:15:00
P1404,Doctor Consultation,2026-09-21 05:36:00
P1404,Discharge,2026-09-21 06:21:00
P1405,Registration,2026-09-21 04:24:00
P1405,Triage,2026-09-21 04:50:00
P1405,X-Ray,2026-09-21 05:04:00
P1405,Triage,2026-09-21 05:34:00
P1405,X-Ray,2026-09-21 06:15:00
P1405,Doctor Consultation,2026-09-21 07:00:00
P1405,Discharge,2026-09-21 07:41:00
P1406,Registration,2026-09-21 04:29:00
P1406,Triage,2026-09-21 04:53:00
P1406,X-Ray,2026-09-21 05:43:00
P1406,Doctor Consultation,2026-09-21 06:17:00
P1406,Discharge,2026-09-21 07:01:00
P1407,Registration,2026-09-21 04:38:00
P1407,Triage,2026-09-21 05:06:00
P1407,X-Ray,2026-09-21 05:34:00
P1407,Doctor Consultation,2026-09-21 06:39:00
P1407,Discharge,2026-09-21 07:13:00
P1408,Registration,2026-09-21 04:43:00
P1408,Triage,2026-09-21 05:13:00
P1408,X-Ray,2026-09-21 05:59:00
P1408,Doctor Consultation,2026-09-21 06:55:00
P1408,Discharge,2026-09-21 07:27:00
P1409,Registration,2026-09-21 04:48:00
P1409,Triage,2026-09-21 05:00:00
P1409,X-Ray,2026-09-21 05:49:00
P1409,Doctor Consultation,2026-09-21 06:44:00
P1409,Discharge,2026-09-21 07:20:00
P1410,Registration,2026-09-21 04:53:00
P1410,Triage,2026-09-21 05:40:00
P1410,X-Ray,2026-09-21 06:12:00
P1410,Triage,2026-09-21 06:47:00
P1410,X-Ray,2026-09-21 07:24:00
P1410,Doctor Consultation,2026-09-21 08:09:00
P1410,Discharge,2026-09-21 08:33:00
P1411,Registration,2026-09-21 04:55:00
P1411,Triage,2026-09-21 05:41:00
P1411,X-Ray,2026-09-21 06:30:00
P1411,Doctor Consultation,2026-09-21 07:14:00
P1411,Discharge,2026-09-21 08:01:00
P1412,Registration,2026-09-21 05:05:00
P1412,Triage,2026-09-21 05:12:00
P1412,X-Ray,2026-09-21 05:37:00
P1412,Doctor Consultation,2026-09-21 05:53:00
P1412,Discharge,2026-09-21 06:32:00
P1413,Registration,2026-09-21 05:08:00
P1413,Triage,2026-09-21 05:30:00
P1413,X-Ray,2026-09-21 06:07:00
P1413,Doctor Consultation,2026-09-21 07:09:00
P1413,Discharge,2026-09-21 07:55:00
P1414,Registration,2026-09-21 05:11:00
P1414,Triage,2026-09-21 05:21:00
P1414,X-Ray,2026-09-21 05:53:00
P1414,Doctor Consultation,2026-09-21 06:37:00
P1414,Discharge,2026-09-21 07:11:00
P1415,Registration,2026-09-21 05:14:00
P1415,Triage,2026-09-21 05:28:00
P1415,X-Ray,2026-09-21 06:26:00
P1415,Triage,2026-09-21 07:08:00
P1415,X-Ray,2026-09-21 07:53:00
P1415,Doctor Consultation,2026-09-21 08:26:00
P1415,Discharge,2026-09-21 09:13:00
P1416,Registration,2026-09-21 05:21:00
P1416,Triage,2026-09-21 05:55:00
P1416,X-Ray,2026-09-21 06:18:00
P1416,Doctor Consultation,2026-09-21 06:48:00
P1416,Discharge,2026-09-21 07:11:00
P1417,Registration,2026-09-21 05:30:00
P1417,Triage,2026-09-21 06:05:00
P1417,X-Ray,2026-09-21 06:21:00
P1417,Triage,2026-09-21 06:42:00
P1417,X-Ray,2026-09-21 07:04:00
P1417,Doctor Consultation,2026-09-21 08:01:00
P1417,Discharge,2026-09-21 08:31:00
P1418,Registration,2026-09-21 05:32:00
P1418,Triage,2026-09-21 05:56:00
P1418,X-Ray,2026-09-21 06:38:00
P1418,Doctor Consultation,2026-09-21 07:26:00
P1418,Discharge,2026-09-21 08:15:00
P1419,Registration,2026-09-21 05:35:00
P1419,Triage,2026-09-21 05:46:00
P1419,X-Ray,2026-09-21 06:08:00
P1419,Doctor Consultation,2026-09-21 06:56:00
P1419,Discharge,2026-09-21 07:40:00
P1420,Registration,2026-09-21 05:43:00
P1420,Triage,2026-09-21 05:51:00
P1420,X-Ray,2026-09-21 06:16:00
P1420,Doctor Consultation,2026-09-21 07:10:00
P1420,Discharge,2026-09-21 07:47:00
P1421,Registration,2026-09-21 05:46:00
P1421,Triage,2026-09-21 06:10:00
P1421,X-Ray,2026-09-21 06:47:00
P1421,Doctor Consultation,2026-09-21 07:29:00
P1421,Discharge,2026-09-21 08:16:00
P1422,Registration,2026-09-21 05:55:00
P1422,Triage,2026-09-21 06:32:00
P1422,X-Ray,2026-09-21 06:59:00
P1422,Doctor Consultation,2026-09-21 07:36:00
P1422,Discharge,2026-09-21 08:17:00
P1423,Registration,2026-09-21 05:58:00
P1423,Triage,2026-09-21 06:38:00
P1423,X-Ray,2026-09-21 07:07:00
P1423,Triage,2026-09-21 07:46:00
P1423,X-Ray,2026-09-21 08:29:00
P1423,Doctor Consultation,2026-09-21 09:29:00
P1423,Discharge,2026-09-21 10:14:00
P1424,Registration,2026-09-21 06:03:00
P1424,Triage,2026-09-21 06:51:00
P1424,X-Ray,2026-09-21 07:05:00
P1424,Triage,2026-09-21 07:44:00
P1424,X-Ray,2026-09-21 08:02:00
P1424,Doctor Consultation,2026-09-21 08:29:00
P1424,Discharge,2026-09-21 09:31:00
P1425,Registration,2026-09-21 06:09:00
P1425,Triage,2026-09-21 06:18:00
P1425,X-Ray,2026-09-21 06:51:00
P1425,Triage,2026-09-21 07:25:00
P1425,X-Ray,2026-09-21 08:19:00
P1425,Doctor Consultation,2026-09-21 09:22:00
P1425,Discharge,2026-09-21 10:29:00
P1426,Registration,2026-09-21 06:15:00
P1426,Triage,2026-09-21 06:30:00
P1426,X-Ray,2026-09-21 07:06:00
P1426,Doctor Consultation,2026-09-21 07:57:00
P1426,Discharge,2026-09-21 09:00:00
P1427,Registration,2026-09-21 06:20:00
P1427,Triage,2026-09-21 06:45:00
P1427,X-Ray,2026-09-21 07:27:00
P1427,Triage,2026-09-21 08:22:00
P1427,X-Ray,2026-09-21 08:53:00
P1427,Doctor Consultation,2026-09-21 09:22:00
P1427,Discharge,2026-09-21 09:51:00
P1428,Registration,2026-09-21 06:26:00
P1428,Triage,2026-09-21 07:01:00
P1428,X-Ray,2026-09-21 07:55:00
P1428,Doctor Consultation,2026-09-21 08:36:00
P1428,Discharge,2026-09-21 09:26:00
P1429,Registration,2026-09-21 06:30:00
P1429,Triage,2026-09-21 07:06:00
P1429,X-Ray,2026-09-21 07:23:00
P1429,Doctor Consultation,2026-09-21 08:16:00
P1429,Discharge,2026-09-21 08:49:00
P1430,Registration,2026-09-21 06:40:00
P1430,Triage,2026-09-21 07:21:00
P1430,X-Ray,2026-09-21 07:54:00
P1430,Doctor Consultation,2026-09-21 08:52:00
P1430,Discharge,2026-09-21 09:33:00
P1431,Registration,2026-09-21 06:50:00
P1431,Triage,2026-09-21 06:59:00
P1431,X-Ray,2026-09-21 07:40:00
P1431,Doctor Consultation,2026-09-21 08:12:00
P1431,Discharge,2026-09-21 09:07:00
P1432,Registration,2026-09-21 06:57:00
P1432,Triage,2026-09-21 07:30:00
P1432,X-Ray,2026-09-21 08:11:00
P1432,Triage,2026-09-21 08:43:00
P1432,X-Ray,2026-09-21 09:16:00
P1432,Doctor Consultation,2026-09-21 10:07:00
P1432,Discharge,2026-09-21 11:10:00
P1433,Registration,2026-09-21 07:04:00
P1433,Triage,2026-09-21 07:24:00
P1433,X-Ray,2026-09-21 08:09:00
P1433,Doctor Consultation,2026-09-21 08:58:00
P1433,Discharge,2026-09-21 09:25:00
P1434,Registration,2026-09-21 07:14:00
P1434,Triage,2026-09-21 07:30:00
P1434,X-Ray,2026-09-21 07:56:00
P1434,Triage,2026-09-21 08:40:00
P1434,X-Ray,2026-09-21 09:07:00
P1434,Doctor Consultation,2026-09-21 10:02:00
P1434,Discharge,2026-09-21 10:58:00
P1435,Registration,2026-09-21 07:16:00
P1435,Triage,2026-09-21 07:54:00
P1435,X-Ray,2026-09-21 08:07:00
P1435,Doctor Consultation,2026-09-21 08:54:00
P1435,Discharge,2026-09-21 10:00:00
P1436,Registration,2026-09-21 07:24:00
P1436,Triage,2026-09-21 07:38:00
P1436,X-Ray,2026-09-21 08:26:00
P1436,Triage,2026-09-21 08:48:00
P1436,X-Ray,2026-09-21 09:11:00
P1436,Doctor Consultation,2026-09-21 09:56:00
P1436,Discharge,2026-09-21 10:14:00
P1437,Registration,2026-09-21 07:32:00
P1437,Triage,2026-09-21 07:46:00
P1437,X-Ray,2026-09-21 08:40:00
P1437,Doctor Consultation,2026-09-21 09:08:00
P1437,Discharge,2026-09-21 09:36:00
P1438,Registration,2026-09-21 07:40:00
P1438,Triage,2026-09-21 08:25:00
P1438,X-Ray,2026-09-21 09:08:00
P1438,Doctor Consultation,2026-09-21 09:42:00
P1438,Discharge,2026-09-21 10:21:00
P1439,Registration,2026-09-21 07:46:00
P1439,Triage,2026-09-21 08:24:00
P1439,X-Ray,2026-09-21 09:19:00
P1439,Triage,2026-09-21 10:03:00
P1439,X-Ray,2026-09-21 10:18:00
P1439,Doctor Consultation,2026-09-21 10:48:00
P1439,Discharge,2026-09-21 11:41:00
P1440,Registration,2026-09-21 07:50:00
P1440,Triage,2026-09-21 08:28:00
P1440,X-Ray,2026-09-21 09:18:00
P1440,Triage,2026-09-21 09:42:00
P1440,X-Ray,2026-09-21 10:30:00
P1440,Doctor Consultation,2026-09-21 10:58:00
P1440,Discharge,2026-09-21 11:22:00
P1441,Registration,2026-09-21 08:00:00
P1441,Triage,2026-09-21 08:13:00
P1441,X-Ray,2026-09-21 08:38:00
P1441,Doctor Consultation,2026-09-21 09:25:00
P1441,Discharge,2026-09-21 09:52:00
P1442,Registration,2026-09-21 08:07:00
P1442,Triage,2026-09-21 08:27:00
P1442,X-Ray,2026-09-21 09:07:00
P1442,Doctor Consultation,2026-09-21 09:52:00
P1442,Discharge,2026-09-21 10:38:00
P1443,Registration,2026-09-21 08:12:00
P1443,Triage,2026-09-21 08:26:00
P1443,X-Ray,2026-09-21 09:15:00
P1443,Doctor Consultation,2026-09-21 09:32:00
P1443,Discharge,2026-09-21 10:06:00
P1444,Registration,2026-09-21 08:20:00
P1444,Triage,2026-09-21 08:37:00
P1444,X-Ray,2026-09-21 09:25:00
P1444,Triage,2026-09-21 10:24:00
P1444,X-Ray,2026-09-21 11:03:00
P1444,Doctor Consultation,2026-09-21 11:31:00
P1444,Discharge,2026-09-21 12:20:00
P1445,Registration,2026-09-21 08:30:00
P1445,Triage,2026-09-21 09:16:00
P1445,X-Ray,2026-09-21 09:36:00
P1445,Triage,2026-09-21 10:20:00
P1445,X-Ray,2026-09-21 10:39:00
P1445,Doctor Consultation,2026-09-21 11:18:00
P1445,Discharge,2026-09-21 11:40:00
P1446,Registration,2026-09-21 08:36:00
P1446,Triage,2026-09-21 08:58:00
P1446,X-Ray,2026-09-21 09:28:00
P1446,Triage,2026-09-21 10:09:00
P1446,X-Ray,2026-09-21 10:45:00
P1446,Doctor Consultation,2026-09-21 11:41:00
P1446,Discharge,2026-09-21 12:08:00
P1447,Registration,2026-09-21 08:45:00
P1447,Triage,2026-09-21 09:04:00
P1447,X-Ray,2026-09-21 09:15:00
P1447,Doctor Consultation,2026-09-21 10:12:00
P1447,Discharge,2026-09-21 11:00:00
P1448,Registration,2026-09-21 08:48:00
P1448,Triage,2026-09-21 09:30:00
P1448,X-Ray,2026-09-21 09:56:00
P1448,Doctor Consultation,2026-09-21 10:54:00
P1448,Discharge,2026-09-21 11:50:00
P1449,Registration,2026-09-21 08:53:00
P1449,Triage,2026-09-21 09:35:00
P1449,X-Ray,2026-09-21 09:55:00
P1449,Doctor Consultation,2026-09-21 10:29:00
P1449,Discharge,2026-09-21 11:20:00
P1450,Registration,2026-09-21 09:00:00
P1450,Triage,2026-09-21 09:11:00
P1450,X-Ray,2026-09-21 10:05:00
P1450,Triage,2026-09-21 11:08:00
P1450,X-Ray,2026-09-21 11:49:00
P1450,Doctor Consultation,2026-09-21 12:21:00
P1450,Discharge,2026-09-21 13:20:00
P1451,Registration,2026-09-21 09:08:00
P1451,Triage,2026-09-21 09:33:00
P1451,X-Ray,2026-09-21 10:22:00
P1451,Doctor Consultation,2026-09-21 10:39:00
P1451,Discharge,2026-09-21 11:05:00
P1452,Registration,2026-09-21 09:18:00
P1452,Triage,2026-09-21 09:37:00
P1452,X-Ray,2026-09-21 10:30:00
P1452,Triage,2026-09-21 11:10:00
P1452,X-Ray,2026-09-21 11:40:00
P1452,Doctor Consultation,2026-09-21 12:21:00
P1452,Discharge,2026-09-21 12:47:00
P1453,Registration,2026-09-21 09:28:00
P1453,Triage,2026-09-21 09:51:00
P1453,X-Ray,2026-09-21 10:43:00
P1453,Doctor Consultation,2026-09-21 11:04:00
P1453,Discharge,2026-09-21 11:28:00
P1454,Registration,2026-09-21 09:35:00
P1454,Triage,2026-09-21 10:23:00
P1454,X-Ray,2026-09-21 11:08:00
P1454,Doctor Consultation,2026-09-21 12:06:00
P1454,Discharge,2026-09-21 12:44:00
P1455,Registration,2026-09-21 09:45:00
P1455,Triage,2026-09-21 10:02:00
P1455,X-Ray,2026-09-21 10:16:00
P1455,Triage,2026-09-21 10:38:00
P1455,X-Ray,2026-09-21 11:11:00
P1455,Doctor Consultation,2026-09-21 12:10:00
P1455,Discharge,2026-09-21 13:16:00
P1456,Registration,2026-09-21 09:55:00
P1456,Triage,2026-09-21 10:22:00
P1456,X-Ray,2026-09-21 11:02:00
P1456,Doctor Consultation,2026-09-21 11:58:00
P1456,Discharge,2026-09-21 12:20:00
P1457,Registration,2026-09-21 10:02:00
P1457,Triage,2026-09-21 10:14:00
P1457,X-Ray,2026-09-21 11:02:00
P1457,Doctor Consultation,2026-09-21 11:40:00
P1457,Discharge,2026-09-21 12:15:00
P1458,Registration,2026-09-21 10:11:00
P1458,Triage,2026-09-21 10:53:00
P1458,X-Ray,2026-09-21 11:24:00
P1458,Doctor Consultation,2026-09-21 12:18:00
P1458,Discharge,2026-09-21 13:04:00
P1459,Registration,2026-09-21 10:14:00
P1459,Triage,2026-09-21 11:01:00
P1459,X-Ray,2026-09-21 11:50:00
P1459,Doctor Consultation,2026-09-21 12:51:00
P1459,Discharge,2026-09-21 13:45:00
P1460,Registration,2026-09-21 10:22:00
P1460,Triage,2026-09-21 10:38:00
P1460,X-Ray,2026-09-21 11:26:00
P1460,Doctor Consultation,2026-09-21 12:02:00
P1460,Discharge,2026-09-21 12:34:00
P1461,Registration,2026-09-21 10:32:00
P1461,Triage,2026-09-21 11:20:00
P1461,X-Ray,2026-09-21 11:56:00
P1461,Triage,2026-09-21 12:28:00
P1461,X-Ray,2026-09-21 13:01:00
P1461,Doctor Consultation,2026-09-21 13:46:00
P1461,Discharge,2026-09-21 14:40:00
P1462,Registration,2026-09-21 10:34:00
P1462,Triage,2026-09-21 10:59:00
P1462,X-Ray,2026-09-21 11:28:00
P1462,Doctor Consultation,2026-09-21 12:11:00
P1462,Discharge,2026-09-21 12:50:00
P1463,Registration,2026-09-21 10:44:00
P1463,Triage,2026-09-21 11:06:00
P1463,X-Ray,2026-09-21 11:40:00
P1463,Doctor Consultation,2026-09-21 12:22:00
P1463,Discharge,2026-09-21 13:22:00
P1464,Registration,2026-09-21 10:48:00
P1464,Triage,2026-09-21 11:22:00
P1464,X-Ray,2026-09-21 11:47:00
P1464,Doctor Consultation,2026-09-21 12:46:00
P1464,Discharge,2026-09-21 13:25:00
P1465,Registration,2026-09-21 10:52:00
P1465,Triage,2026-09-21 11:12:00
P1465,X-Ray,2026-09-21 11:51:00
P1465,Triage,2026-09-21 12:24:00
P1465,X-Ray,2026-09-21 13:03:00
P1465,Doctor Consultation,2026-09-21 13:56:00
P1465,Discharge,2026-09-21 14:41:00
P1466,Registration,2026-09-21 10:57:00
P1466,Triage,2026-09-21 11:12:00
P1466,X-Ray,2026-09-21 11:57:00
P1466,Triage,2026-09-21 12:48:00
P1466,X-Ray,2026-09-21 13:27:00
P1466,Doctor Consultation,2026-09-21 13:48:00
P1466,Discharge,2026-09-21 14:51:00
P1467,Registration,2026-09-21 11:05:00
P1467,Triage,2026-09-21 11:15:00
P1467,X-Ray,2026-09-21 11:54:00
P1467,Doctor Consultation,2026-09-21 12:34:00
P1467,Discharge,2026-09-21 13:11:00
P1468,Registration,2026-09-21 11:10:00
P1468,Triage,2026-09-21 11:49:00
P1468,X-Ray,2026-09-21 12:12:00
P1468,Triage,2026-09-21 12:58:00
P1468,X-Ray,2026-09-21 13:47:00
P1468,Doctor Consultation,2026-09-21 14:07:00
P1468,Discharge,2026-09-21 15:01:00
P1469,Registration,2026-09-21 11:15:00
P1469,Triage,2026-09-21 11:27:00
P1469,X-Ray,2026-09-21 11:55:00
P1469,Triage,2026-09-21 12:35:00
P1469,X-Ray,2026-09-21 13:06:00
P1469,Doctor Consultation,2026-09-21 13:54:00
P1469,Discharge,2026-09-21 14:32:00
P1470,Registration,2026-09-21 11:20:00
P1470,Triage,2026-09-21 11:51:00
P1470,X-Ray,2026-09-21 12:23:00
P1470,Triage,2026-09-21 13:14:00
P1470,X-Ray,2026-09-21 13:38:00
P1470,Doctor Consultation,2026-09-21 14:23:00
P1470,Discharge,2026-09-21 15:12:00
P1471,Registration,2026-09-21 11:22:00
P1471,Triage,2026-09-21 11:40:00
P1471,X-Ray,2026-09-21 12:06:00
P1471,Doctor Consultation,2026-09-21 12:30:00
P1471,Discharge,2026-09-21 13:08:00
P1472,Registration,2026-09-21 11:31:00
P1472,Triage,2026-09-21 12:15:00
P1472,X-Ray,2026-09-21 13:03:00
P1472,Doctor Consultation,2026-09-21 13:29:00
P1472,Discharge,2026-09-21 14:18:00
P1473,Registration,2026-09-21 11:37:00
P1473,Triage,2026-09-21 12:17:00
P1473,X-Ray,2026-09-21 13:10:00
P1473,Doctor Consultation,2026-09-21 13:55:00
P1473,Discharge,2026-09-21 14:23:00
P1474,Registration,2026-09-21 11:47:00
P1474,Triage,2026-09-21 12:23:00
P1474,X-Ray,2026-09-21 12:53:00
P1474,Doctor Consultation,2026-09-21 13:49:00
P1474,Discharge,2026-09-21 14:45:00
P1475,Registration,2026-09-21 11:53:00
P1475,Triage,2026-09-21 12:09:00
P1475,X-Ray,2026-09-21 12:47:00
P1475,Triage,2026-09-21 13:31:00
P1475,X-Ray,2026-09-21 14:08:00
P1475,Doctor Consultation,2026-09-21 15:11:00
P1475,Discharge,2026-09-21 16:13:00
P1476,Registration,2026-09-21 12:00:00
P1476,Triage,2026-09-21 12:48:00
P1476,X-Ray,2026-09-21 13:13:00
P1476,Doctor Consultation,2026-09-21 13:44:00
P1476,Discharge,2026-09-21 14:47:00
P1477,Registration,2026-09-21 12:03:00
P1477,Triage,2026-09-21 12:34:00
P1477,X-Ray,2026-09-21 12:52:00
P1477,Doctor Consultation,2026-09-21 13:09:00
P1477,Discharge,2026-09-21 13:34:00
P1478,Registration,2026-09-21 12:10:00
P1478,Triage,2026-09-21 12:22:00
P1478,X-Ray,2026-09-21 12:43:00
P1478,Doctor Consultation,2026-09-21 13:15:00
P1478,Discharge,2026-09-21 14:00:00
P1479,Registration,2026-09-21 12:15:00
P1479,Triage,2026-09-21 12:54:00
P1479,X-Ray,2026-09-21 13:37:00
P1479,Triage,2026-09-21 14:35:00
P1479,X-Ray,2026-09-21 15:22:00
P1479,Doctor Consultation,2026-09-21 15:56:00
P1479,Discharge,2026-09-21 16:32:00
P1480,Registration,2026-09-21 12:21:00
P1480,Triage,2026-09-21 12:55:00
P1480,X-Ray,2026-09-21 13:53:00
P1480,Doctor Consultation,2026-09-21 14:24:00
P1480,Discharge,2026-09-21 15:08:00
P1481,Registration,2026-09-21 12:30:00
P1481,Triage,2026-09-21 12:58:00
P1481,X-Ray,2026-09-21 13:44:00
P1481,Doctor Consultation,2026-09-21 14:01:00
P1481,Discharge,2026-09-21 14:43:00
P1482,Registration,2026-09-21 12:37:00
P1482,Triage,2026-09-21 13:17:00
P1482,X-Ray,2026-09-21 13:41:00
P1482,Triage,2026-09-21 14:10:00
P1482,X-Ray,2026-09-21 14:34:00
P1482,Doctor Consultation,2026-09-21 14:58:00
P1482,Discharge,2026-09-21 15:57:00
P1483,Registration,2026-09-21 12:39:00
P1483,Triage,2026-09-21 12:49:00
P1483,X-Ray,2026-09-21 13:05:00
P1483,Doctor Consultation,2026-09-21 13:54:00
P1483,Discharge,2026-09-21 14:42:00
P1484,Registration,2026-09-21 12:48:00
P1484,Triage,2026-09-21 13:20:00
P1484,X-Ray,2026-09-21 14:04:00
P1484,Triage,2026-09-21 14:51:00
P1484,X-Ray,2026-09-21 15:40:00
P1484,Doctor Consultation,2026-09-21 16:25:00
P1484,Discharge,2026-09-21 16:56:00
P1485,Registration,2026-09-21 12:57:00
P1485,Triage,2026-09-21 13:29:00
P1485,X-Ray,2026-09-21 14:27:00
P1485,Doctor Consultation,2026-09-21 15:16:00
P1485,Discharge,2026-09-21 15:59:00
P1486,Registration,2026-09-21 12:59:00
P1486,Triage,2026-09-21 13:38:00
P1486,X-Ray,2026-09-21 14:27:00
P1486,Triage,2026-09-21 15:23:00
P1486,X-Ray,2026-09-21 15:42:00
P1486,Doctor Consultation,2026-09-21 16:06:00
P1486,Discharge,2026-09-21 16:54:00
P1487,Registration,2026-09-21 13:08:00
P1487,Triage,2026-09-21 13:31:00
P1487,X-Ray,2026-09-21 14:12:00
P1487,Triage,2026-09-21 15:06:00
P1487,X-Ray,2026-09-21 16:03:00
P1487,Doctor Consultation,2026-09-21 16:21:00
P1487,Discharge,2026-09-21 16:57:00
P1488,Registration,2026-09-21 13:12:00
P1488,Triage,2026-09-21 13:46:00
P1488,X-Ray,2026-09-21 14:04:00
P1488,Doctor Consultation,2026-09-21 14:45:00
P1488,Discharge,2026-09-21 15:42:00
P1489,Registration,2026-09-21 13:17:00
P1489,Triage,2026-09-21 13:40:00
P1489,X-Ray,2026-09-21 14:12:00
P1489,Doctor Consultation,2026-09-21 15:00:00
P1489,Discharge,2026-09-21 15:58:00
P1490,Registration,2026-09-21 13:24:00
P1490,Triage,2026-09-21 13:50:00
P1490,X-Ray,2026-09-21 14:13:00
P1490,Doctor Consultation,2026-09-21 15:04:00
P1490,Discharge,2026-09-21 15:48:00
P1491,Registration,2026-09-21 13:32:00
P1491,Triage,2026-09-21 14:15:00
P1491,X-Ray,2026-09-21 14:46:00
P1491,Triage,2026-09-21 15:41:00
P1491,X-Ray,2026-09-21 16:37:00
P1491,Doctor Consultation,2026-09-21 17:04:00
P1491,Discharge,2026-09-21 18:11:00
P1492,Registration,2026-09-21 13:34:00
P1492,Triage,2026-09-21 14:10:00
P1492,X-Ray,2026-09-21 14:31:00
P1492,Triage,2026-09-21 15:07:00
P1492,X-Ray,2026-09-21 15:58:00
P1492,Doctor Consultation,2026-09-21 16:53:00
P1492,Discharge,2026-09-21 17:30:00
P1493,Registration,2026-09-21 13:43:00
P1493,Triage,2026-09-21 14:00:00
P1493,X-Ray,2026-09-21 14:54:00
P1493,Doctor Consultation,2026-09-21 15:32:00
P1493,Discharge,2026-09-21 16:00:00
P1494,Registration,2026-09-21 13:46:00
P1494,Triage,2026-09-21 14:20:00
P1494,X-Ray,2026-09-21 15:05:00
P1494,Triage,2026-09-21 15:34:00
P1494,X-Ray,2026-09-21 15:46:00
P1494,Doctor Consultation,2026-09-21 16:40:00
P1494,Discharge,2026-09-21 17:48:00
P1495,Registration,2026-09-21 13:56:00
P1495,Triage,2026-09-21 14:28:00
P1495,X-Ray,2026-09-21 15:01:00
P1495,Doctor Consultation,2026-09-21 15:53:00
P1495,Discharge,2026-09-21 16:30:00
P1496,Registration,2026-09-21 14:06:00
P1496,Triage,2026-09-21 14:15:00
P1496,X-Ray,2026-09-21 14:29:00
P1496,Doctor Consultation,2026-09-21 15:07:00
P1496,Discharge,2026-09-21 15:53:00
P1497,Registration,2026-09-21 14:13:00
P1497,Triage,2026-09-21 14:42:00
P1497,X-Ray,2026-09-21 15:07:00
P1497,Triage,2026-09-21 15:36:00
P1497,X-Ray,2026-09-21 15:55:00
P1497,Doctor Consultation,2026-09-21 16:56:00
P1497,Discharge,2026-09-21 17:53:00
P1498,Registration,2026-09-21 14:15:00
P1498,Triage,2026-09-21 14:53:00
P1498,X-Ray,2026-09-21 15:39:00
P1498,Triage,2026-09-21 16:00:00
P1498,X-Ray,2026-09-21 16:31:00
P1498,Doctor Consultation,2026-09-21 17:22:00
P1498,Discharge,2026-09-21 18:20:00
P1499,Registration,2026-09-21 14:20:00
P1499,Triage,2026-09-21 14:35:00
P1499,X-Ray,2026-09-21 15:01:00
P1499,Doctor Consultation,2026-09-21 15:43:00
P1499,Discharge,2026-09-21 16:39:00
P1500,Registration,2026-09-21 14:24:00
P1500,Triage,2026-09-21 14:39:00
P1500,X-Ray,2026-09-21 15:28:00
P1500,Triage,2026-09-21 16:18:00
P1500,X-Ray,2026-09-21 16:46:00
P1500,Doctor Consultation,2026-09-21 17:08:00
P1500,Discharge,2026-09-21 17:32:00
P1501,Registration,2026-09-21 14:32:00
P1501,Triage,2026-09-21 14:51:00
P1501,X-Ray,2026-09-21 15:08:00
P1501,Doctor Consultation,2026-09-21 15:34:00
P1501,Discharge,2026-09-21 16:11:00
P1502,Registration,2026-09-21 14:42:00
P1502,Triage,2026-09-21 15:02:00
P1502,X-Ray,2026-09-21 15:34:00
P1502,Doctor Consultation,2026-09-21 16:07:00
P1502,Discharge,2026-09-21 16:55:00
P1503,Registration,2026-09-21 14:49:00
P1503,Triage,2026-09-21 15:07:00
P1503,X-Ray,2026-09-21 15:43:00
P1503,Triage,2026-09-21 16:12:00
P1503,X-Ray,2026-09-21 16:42:00
P1503,Doctor Consultation,2026-09-21 17:05:00
P1503,Discharge,2026-09-21 17:40:00
P1504,Registration,2026-09-21 14:59:00
P1504,Triage,2026-09-21 15:28:00
P1504,X-Ray,2026-09-21 16:14:00
P1504,Doctor Consultation,2026-09-21 16:59:00
P1504,Discharge,2026-09-21 17:27:00
P1505,Registration,2026-09-21 15:07:00
P1505,Triage,2026-09-21 15:38:00
P1505,X-Ray,2026-09-21 16:17:00
P1505,Triage,2026-09-21 16:33:00
P1505,X-Ray,2026-09-21 17:22:00
P1505,Doctor Consultation,2026-09-21 18:08:00
P1505,Discharge,2026-09-21 19:04:00
P1506,Registration,2026-09-21 15:09:00
P1506,Triage,2026-09-21 15:46:00
P1506,X-Ray,2026-09-21 16:06:00
P1506,Doctor Consultation,2026-09-21 16:37:00
P1506,Discharge,2026-09-21 17:27:00
P1507,Registration,2026-09-21 15:19:00
P1507,Triage,2026-09-21 15:36:00
P1507,X-Ray,2026-09-21 15:50:00
P1507,Doctor Consultation,2026-09-21 16:13:00
P1507,Discharge,2026-09-21 16:33:00
P1508,Registration,2026-09-21 15:28:00
P1508,Triage,2026-09-21 15:45:00
P1508,X-Ray,2026-09-21 16:39:00
P1508,Doctor Consultation,2026-09-21 17:26:00
P1508,Discharge,2026-09-21 18:23:00
P1509,Registration,2026-09-21 15:34:00
P1509,Triage,2026-09-21 16:09:00
P1509,X-Ray,2026-09-21 16:47:00
P1509,Triage,2026-09-21 17:45:00
P1509,X-Ray,2026-09-21 18:21:00
P1509,Doctor Consultation,2026-09-21 18:47:00
P1509,Discharge,2026-09-21 19:24:00
P1510,Registration,2026-09-21 15:41:00
P1510,Triage,2026-09-21 16:29:00
P1510,X-Ray,2026-09-21 16:49:00
P1510,Triage,2026-09-21 17:25:00
P1510,X-Ray,2026-09-21 17:50:00
P1510,Doctor Consultation,2026-09-21 18:12:00
P1510,Discharge,2026-09-21 19:06:00
P1511,Registration,2026-09-21 15:49:00
P1511,Triage,2026-09-21 16:22:00
P1511,X-Ray,2026-09-21 16:57:00
P1511,Doctor Consultation,2026-09-21 17:25:00
P1511,Discharge,2026-09-21 18:19:00
P1512,Registration,2026-09-21 15:56:00
P1512,Triage,2026-09-21 16:19:00
P1512,X-Ray,2026-09-21 17:03:00
P1512,Triage,2026-09-21 17:27:00
P1512,X-Ray,2026-09-21 18:10:00
P1512,Doctor Consultation,2026-09-21 18:31:00
P1512,Discharge,2026-09-21 18:51:00
P1513,Registration,2026-09-21 15:59:00
P1513,Triage,2026-09-21 16:08:00
P1513,X-Ray,2026-09-21 16:22:00
P1513,Doctor Consultation,2026-09-21 17:18:00
P1513,Discharge,2026-09-21 17:46:00
P1514,Registration,2026-09-21 16:07:00
P1514,Triage,2026-09-21 16:45:00
P1514,X-Ray,2026-09-21 17:24:00
P1514,Triage,2026-09-21 17:49:00
P1514,X-Ray,2026-09-21 18:07:00
P1514,Doctor Consultation,2026-09-21 18:36:00
P1514,Discharge,2026-09-21 19:30:00
P1515,Registration,2026-09-21 16:11:00
P1515,Triage,2026-09-21 16:39:00
P1515,X-Ray,2026-09-21 17:18:00
P1515,Doctor Consultation,2026-09-21 17:46:00
P1515,Discharge,2026-09-21 18:28:00
P1516,Registration,2026-09-21 16:14:00
P1516,Triage,2026-09-21 16:38:00
P1516,X-Ray,2026-09-21 16:58:00
P1516,Triage,2026-09-21 17:31:00
P1516,X-Ray,2026-09-21 18:19:00
P1516,Doctor Consultation,2026-09-21 19:09:00
P1516,Discharge,2026-09-21 19:45:00
P1517,Registration,2026-09-21 16:18:00
P1517,Triage,2026-09-21 16:27:00
P1517,X-Ray,2026-09-21 17:13:00
P1517,Triage,2026-09-21 17:45:00
P1517,X-Ray,2026-09-21 18:34:00
P1517,Doctor Consultation,2026-09-21 19:19:00
P1517,Discharge,2026-09-21 20:15:00
P1518,Registration,2026-09-21 16:24:00
P1518,Triage,2026-09-21 16:39:00
P1518,X-Ray,2026-09-21 16:57:00
P1518,Doctor Consultation,2026-09-21 17:29:00
P1518,Discharge,2026-09-21 18:28:00
P1519,Registration,2026-09-21 16:28:00
P1519,Triage,2026-09-21 16:54:00
P1519,X-Ray,2026-09-21 17:35:00
P1519,Doctor Consultation,2026-09-21 18:05:00
P1519,Discharge,2026-09-21 18:44:00
P1520,Registration,2026-09-21 16:38:00
P1520,Triage,2026-09-21 17:16:00
P1520,X-Ray,2026-09-21 17:28:00
P1520,Triage,2026-09-21 18:00:00
P1520,X-Ray,2026-09-21 18:42:00
P1520,Doctor Consultation,2026-09-21 19:09:00
P1520,Discharge,2026-09-21 19:54:00
P1521,Registration,2026-09-21 16:41:00
P1521,Triage,2026-09-21 17:16:00
P1521,X-Ray,2026-09-21 18:06:00
P1521,Doctor Consultation,2026-09-21 19:00:00
P1521,Discharge,2026-09-21 19:34:00
P1522,Registration,2026-09-21 16:43:00
P1522,Triage,2026-09-21 17:29:00
P1522,X-Ray,2026-09-21 18:16:00
P1522,Doctor Consultation,2026-09-21 18:43:00
P1522,Discharge,2026-09-21 19:42:00
P1523,Registration,2026-09-21 16:50:00
P1523,Triage,2026-09-21 17:17:00
P1523,X-Ray,2026-09-21 17:31:00
P1523,Triage,2026-09-21 18:29:00
P1523,X-Ray,2026-09-21 19:20:00
P1523,Doctor Consultation,2026-09-21 20:12:00
P1523,Discharge,2026-09-21 21:14:00
P1524,Registration,2026-09-21 16:58:00
P1524,Triage,2026-09-21 17:48:00
P1524,X-Ray,2026-09-21 18:05:00
P1524,Doctor Consultation,2026-09-21 18:52:00
P1524,Discharge,2026-09-21 19:28:00
P1525,Registration,2026-09-21 17:06:00
P1525,Triage,2026-09-21 17:21:00
P1525,X-Ray,2026-09-21 18:01:00
P1525,Doctor Consultation,2026-09-21 18:26:00
P1525,Discharge,2026-09-21 19:18:00
P1526,Registration,2026-09-21 17:08:00
P1526,Triage,2026-09-21 17:32:00
P1526,X-Ray,2026-09-21 17:56:00
P1526,Doctor Consultation,2026-09-21 18:43:00
P1526,Discharge,2026-09-21 19:16:00
P1527,Registration,2026-09-21 17:11:00
P1527,Triage,2026-09-21 17:21:00
P1527,X-Ray,2026-09-21 17:48:00
P1527,Doctor Consultation,2026-09-21 18:32:00
P1527,Discharge,2026-09-21 18:52:00
P1528,Registration,2026-09-21 17:20:00
P1528,Triage,2026-09-21 18:04:00
P1528,X-Ray,2026-09-21 18:22:00
P1528,Triage,2026-09-21 19:04:00
P1528,X-Ray,2026-09-21 19:24:00
P1528,Doctor Consultation,2026-09-21 19:50:00
P1528,Discharge,2026-09-21 20:19:00
P1529,Registration,2026-09-21 17:25:00
P1529,Triage,2026-09-21 17:44:00
P1529,X-Ray,2026-09-21 18:00:00
P1529,Doctor Consultation,2026-09-21 18:23:00
P1529,Discharge,2026-09-21 19:19:00
P1530,Registration,2026-09-21 17:28:00
P1530,Triage,2026-09-21 17:54:00
P1530,X-Ray,2026-09-21 18:42:00
P1530,Doctor Consultation,2026-09-21 19:09:00
P1530,Discharge,2026-09-21 19:55:00
P1531,Registration,2026-09-21 17:38:00
P1531,Triage,2026-09-21 18:22:00
P1531,X-Ray,2026-09-21 19:11:00
P1531,Doctor Consultation,2026-09-21 19:59:00
P1531,Discharge,2026-09-21 20:48:00
P1532,Registration,2026-09-21 17:40:00
P1532,Triage,2026-09-21 18:23:00
P1532,X-Ray,2026-09-21 18:59:00
P1532,Doctor Consultation,2026-09-21 19:41:00
P1532,Discharge,2026-09-21 20:16:00
P1533,Registration,2026-09-21 17:45:00
P1533,Triage,2026-09-21 18:11:00
P1533,X-Ray,2026-09-21 18:55:00
P1533,Doctor Consultation,2026-09-21 19:16:00
P1533,Discharge,2026-09-21 20:08:00
P1534,Registration,2026-09-21 17:51:00
P1534,Triage,2026-09-21 18:36:00
P1534,X-Ray,2026-09-21 19:03:00
P1534,Doctor Consultation,2026-09-21 19:50:00
P1534,Discharge,2026-09-21 21:00:00
P1535,Registration,2026-09-21 17:57:00
P1535,Triage,2026-09-21 18:20:00
P1535,X-Ray,2026-09-21 18:47:00
P1535,Triage,2026-09-21 19:40:00
P1535,X-Ray,2026-09-21 20:03:00
P1535,Doctor Consultation,2026-09-21 20:50:00
P1535,Discharge,2026-09-21 21:37:00
P1536,Registration,2026-09-21 18:01:00
P1536,Triage,2026-09-21 18:30:00
P1536,X-Ray,2026-09-21 19:08:00
P1536,Doctor Consultation,2026-09-21 19:53:00
P1536,Discharge,2026-09-21 20:31:00
P1537,Registration,2026-09-21 18:03:00
P1537,Triage,2026-09-21 18:53:00
P1537,X-Ray,2026-09-21 19:46:00
P1537,Doctor Consultation,2026-09-21 20:31:00
P1537,Discharge,2026-09-21 21:09:00
P1538,Registration,2026-09-21 18:05:00
P1538,Triage,2026-09-21 18:23:00
P1538,X-Ray,2026-09-21 19:02:00
P1538,Triage,2026-09-21 19:26:00
P1538,X-Ray,2026-09-21 20:05:00
P1538,Doctor Consultation,2026-09-21 20:45:00
P1538,Discharge,2026-09-21 21:14:00
P1539,Registration,2026-09-21 18:10:00
P1539,Triage,2026-09-21 18:37:00
P1539,X-Ray,2026-09-21 19:29:00
P1539,Doctor Consultation,2026-09-21 19:46:00
P1539,Discharge,2026-09-21 20:25:00
P1540,Registration,2026-09-21 18:20:00
P1540,Triage,2026-09-21 19:07:00
P1540,X-Ray,2026-09-21 19:44:00
P1540,Doctor Consultation,2026-09-21 20:17:00
P1540,Discharge,2026-09-21 21:14:00
P1541,Registration,2026-09-21 18:30:00
P1541,Triage,2026-09-21 19:04:00
P1541,X-Ray,2026-09-21 19:53:00
P1541,Doctor Consultation,2026-09-21 20:14:00
P1541,Discharge,2026-09-21 20:42:00
P1542,Registration,2026-09-21 18:33:00
P1542,Triage,2026-09-21 19:03:00
P1542,X-Ray,2026-09-21 20:01:00
P1542,Doctor Consultation,2026-09-21 20:36:00
P1542,Discharge,2026-09-21 21:23:00
P1543,Registration,2026-09-21 18:38:00
P1543,Triage,2026-09-21 18:48:00
P1543,X-Ray,2026-09-21 19:14:00
P1543,Triage,2026-09-21 19:34:00
P1543,X-Ray,2026-09-21 20:08:00
P1543,Doctor Consultation,2026-09-21 21:03:00
P1543,Discharge,2026-09-21 21:46:00
P1544,Registration,2026-09-21 18:40:00
P1544,Triage,2026-09-21 19:06:00
P1544,X-Ray,2026-09-21 19:51:00
P1544,Doctor Consultation,2026-09-21 20:24:00
P1544,Discharge,2026-09-21 21:21:00
P1545,Registration,2026-09-21 18:48:00
P1545,Triage,2026-09-21 19:07:00
P1545,X-Ray,2026-09-21 19:38:00
P1545,Triage,2026-09-21 20:29:00
P1545,X-Ray,2026-09-21 21:10:00
P1545,Doctor Consultation,2026-09-21 21:56:00
P1545,Discharge,2026-09-21 22:30:00
P1546,Registration,2026-09-21 18:54:00
P1546,Triage,2026-09-21 19:35:00
P1546,X-Ray,2026-09-21 19:53:00
P1546,Doctor Consultation,2026-09-21 20:43:00
P1546,Discharge,2026-09-21 21:08:00
P1547,Registration,2026-09-21 18:57:00
P1547,Triage,2026-09-21 19:40:00
P1547,X-Ray,2026-09-21 20:05:00
P1547,Doctor Consultation,2026-09-21 21:04:00
P1547,Discharge,2026-09-21 21:49:00
P1548,Registration,2026-09-21 19:03:00
P1548,Triage,2026-09-21 19:48:00
P1548,X-Ray,2026-09-21 20:43:00
P1548,Doctor Consultation,2026-09-21 21:34:00
P1548,Discharge,2026-09-21 22:30:00
P1549,Registration,2026-09-21 19:09:00
P1549,Triage,2026-09-21 19:36:00
P1549,X-Ray,2026-09-21 20:28:00
P1549,Doctor Consultation,2026-09-21 21:07:00
P1549,Discharge,2026-09-21 21:30:00
P1550,Registration,2026-09-21 19:13:00
P1550,Triage,2026-09-21 19:24:00
P1550,X-Ray,2026-09-21 20:14:00
P1550,Doctor Consultation,2026-09-21 20:49:00
P1550,Discharge,2026-09-21 21:18:00
P1551,Registration,2026-09-21 19:16:00
P1551,Triage,2026-09-21 19:50:00
P1551,X-Ray,2026-09-21 20:13:00
P1551,Triage,2026-09-21 21:09:00
P1551,X-Ray,2026-09-21 22:02:00
P1551,Doctor Consultation,2026-09-21 22:36:00
P1551,Discharge,2026-09-21 23:24:00
P1552,Registration,2026-09-21 19:24:00
P1552,Triage,2026-09-21 19:38:00
P1552,X-Ray,2026-09-21 20:33:00
P1552,Doctor Consultation,2026-09-21 21:12:00
P1552,Discharge,2026-09-21 22:16:00
P1553,Registration,2026-09-21 19:32:00
P1553,Triage,2026-09-21 19:40:00
P1553,X-Ray,2026-09-21 20:35:00
P1553,Doctor Consultation,2026-09-21 21:02:00
P1553,Discharge,2026-09-21 21:59:00
P1554,Registration,2026-09-21 19:36:00
P1554,Triage,2026-09-21 20:10:00
P1554,X-Ray,2026-09-21 20:47:00
P1554,Triage,2026-09-21 21:49:00
P1554,X-Ray,2026-09-21 22:32:00
P1554,Doctor Consultation,2026-09-21 23:20:00
P1554,Discharge,2026-09-21 23:56:00
P1555,Registration,2026-09-21 19:42:00
P1555,Triage,2026-09-21 20:11:00
P1555,X-Ray,2026-09-21 20:50:00
P1555,Triage,2026-09-21 21:40:00
P1555,X-Ray,2026-09-21 22:29:00
P1555,Doctor Consultation,2026-09-21 23:20:00
P1555,Discharge,2026-09-22 00:08:00
P1556,Registration,2026-09-21 19:47:00
P1556,Triage,2026-09-21 20:21:00
P1556,X-Ray,2026-09-21 20:48:00
P1556,Triage,2026-09-21 21:24:00
P1556,X-Ray,2026-09-21 22:04:00
P1556,Doctor Consultation,2026-09-21 23:01:00
P1556,Discharge,2026-09-21 23:47:00
P1557,Registration,2026-09-21 19:53:00
P1557,Triage,2026-09-21 20:43:00
P1557,X-Ray,2026-09-21 21:36:00
P1557,Triage,2026-09-21 22:22:00
P1557,X-Ray,2026-09-21 22:38:00
P1557,Doctor Consultation,2026-09-21 23:20:00
P1557,Discharge,2026-09-21 23:51:00
P1558,Registration,2026-09-21 19:57:00
P1558,Triage,2026-09-21 20:33:00
P1558,X-Ray,2026-09-21 21:19:00
P1558,Triage,2026-09-21 22:14:00
P1558,X-Ray,2026-09-21 22:53:00
P1558,Doctor Consultation,2026-09-21 23:30:00
P1558,Discharge,2026-09-22 00:11:00
P1559,Registration,2026-09-21 20:00:00
P1559,Triage,2026-09-21 20:15:00
P1559,X-Ray,2026-09-21 20:49:00
P1559,Triage,2026-09-21 21:28:00
P1559,X-Ray,2026-09-21 22:19:00
P1559,Doctor Consultation,2026-09-21 23:08:00
P1559,Discharge,2026-09-21 23:24:00
P1560,Registration,2026-09-21 20:03:00
P1560,Triage,2026-09-21 20:43:00
P1560,X-Ray,2026-09-21 21:35:00
P1560,Doctor Consultation,2026-09-21 22:04:00
P1560,Discharge,2026-09-21 22:32:00
P1561,Registration,2026-09-21 20:12:00
P1561,Triage,2026-09-21 20:36:00
P1561,X-Ray,2026-09-21 21:01:00
P1561,Doctor Consultation,2026-09-21 21:38:00
P1561,Discharge,2026-09-21 22:38:00
P1562,Registration,2026-09-21 20:15:00
P1562,Triage,2026-09-21 20:32:00
P1562,X-Ray,2026-09-21 20:55:00
P1562,Triage,2026-09-21 21:34:00
P1562,X-Ray,2026-09-21 22:17:00
P1562,Doctor Consultation,2026-09-21 22:51:00
P1562,Discharge,2026-09-21 23:41:00
P1563,Registration,2026-09-21 20:25:00
P1563,Triage,2026-09-21 21:14:00
P1563,X-Ray,2026-09-21 21:49:00
P1563,Triage,2026-09-21 22:40:00
P1563,X-Ray,2026-09-21 23:11:00
P1563,Doctor Consultation,2026-09-21 23:35:00
P1563,Discharge,2026-09-22 00:29:00
P1564,Registration,2026-09-21 20:31:00
P1564,Triage,2026-09-21 20:43:00
P1564,X-Ray,2026-09-21 21:20:00
P1564,Doctor Consultation,2026-09-21 21:58:00
P1564,Discharge,2026-09-21 22:42:00
P1565,Registration,2026-09-21 20:38:00
P1565,Triage,2026-09-21 20:50:00
P1565,X-Ray,2026-09-21 21:09:00
P1565,Doctor Consultation,2026-09-21 21:36:00
P1565,Discharge,2026-09-21 22:23:00
P1566,Registration,2026-09-21 20:41:00
P1566,Triage,2026-09-21 21:04:00
P1566,X-Ray,2026-09-21 21:35:00
P1566,Doctor Consultation,2026-09-21 22:10:00
P1566,Discharge,2026-09-21 22:50:00
P1567,Registration,2026-09-21 20:46:00
P1567,Triage,2026-09-21 21:06:00
P1567,X-Ray,2026-09-21 21:47:00
P1567,Doctor Consultation,2026-09-21 22:07:00
P1567,Discharge,2026-09-21 22:27:00
P1568,Registration,2026-09-21 20:51:00
P1568,Triage,2026-09-21 21:21:00
P1568,X-Ray,2026-09-21 21:53:00
P1568,Doctor Consultation,2026-09-21 22:32:00
P1568,Discharge,2026-09-21 23:14:00
P1569,Registration,2026-09-21 20:57:00
P1569,Triage,2026-09-21 21:26:00
P1569,X-Ray,2026-09-21 21:58:00
P1569,Doctor Consultation,2026-09-21 22:15:00
P1569,Discharge,2026-09-21 23:05:00
P1570,Registration,2026-09-21 21:05:00
P1570,Triage,2026-09-21 21:46:00
P1570,X-Ray,2026-09-21 22:24:00
P1570,Doctor Consultation,2026-09-21 22:55:00
P1570,Discharge,2026-09-21 23:34:00
P1571,Registration,2026-09-21 21:12:00
P1571,Triage,2026-09-21 21:25:00
P1571,X-Ray,2026-09-21 21:56:00
P1571,Triage,2026-09-21 22:42:00
P1571,X-Ray,2026-09-21 23:23:00
P1571,Doctor Consultation,2026-09-22 00:26:00
P1571,Discharge,2026-09-22 01:15:00
P1572,Registration,2026-09-21 21:14:00
P1572,Triage,2026-09-21 21:38:00
P1572,X-Ray,2026-09-21 22:36:00
P1572,Doctor Consultation,2026-09-21 23:01:00
P1572,Discharge,2026-09-22 00:02:00
P1573,Registration,2026-09-21 21:24:00
P1573,Triage,2026-09-21 22:11:00
P1573,X-Ray,2026-09-21 23:01:00
P1573,Doctor Consultation,2026-09-21 23:56:00
P1573,Discharge,2026-09-22 00:31:00
P1574,Registration,2026-09-21 21:33:00
P1574,Triage,2026-09-21 22:11:00
P1574,X-Ray,2026-09-21 22:39:00
P1574,Doctor Consultation,2026-09-21 23:09:00
P1574,Discharge,2026-09-21 23:56:00
P1575,Registration,2026-09-21 21:35:00
P1575,Triage,2026-09-21 22:01:00
P1575,X-Ray,2026-09-21 22:30:00
P1575,Doctor Consultation,2026-09-21 23:00:00
P1575,Discharge,2026-09-21 23:59:00
P1576,Registration,2026-09-21 21:39:00
P1576,Triage,2026-09-21 22:23:00
P1576,X-Ray,2026-09-21 22:43:00
P1576,Doctor Consultation,2026-09-21 23:34:00
P1576,Discharge,2026-09-22 00:05:00
P1577,Registration,2026-09-21 21:43:00
P1577,Triage,2026-09-21 22:02:00
P1577,X-Ray,2026-09-21 22:52:00
P1577,Doctor Consultation,2026-09-21 23:43:00
P1577,Discharge,2026-09-22 00:14:00
P1578,Registration,2026-09-21 21:46:00
P1578,Triage,2026-09-21 21:53:00
P1578,X-Ray,2026-09-21 22:19:00
P1578,Triage,2026-09-21 22:36:00
P1578,X-Ray,2026-09-21 22:50:00
P1578,Doctor Consultation,2026-09-21 23:37:00
P1578,Discharge,2026-09-22 00:33:00
P1579,Registration,2026-09-21 21:49:00
P1579,Triage,2026-09-21 22:28:00
P1579,X-Ray,2026-09-21 23:26:00
P1579,Triage,2026-09-22 00:26:00
P1579,X-Ray,2026-09-22 01:16:00
P1579,Doctor Consultation,2026-09-22 01:44:00
P1579,Discharge,2026-09-22 02:34:00
P1580,Registration,2026-09-21 21:55:00
P1580,Triage,2026-09-21 22:10:00
P1580,X-Ray,2026-09-21 22:27:00
P1580,Triage,2026-09-21 23:20:00
P1580,X-Ray,2026-09-21 23:54:00
P1580,Doctor Consultation,2026-09-22 00:34:00
P1580,Discharge,2026-09-22 01:28:00
P1581,Registration,2026-09-21 22:04:00
P1581,Triage,2026-09-21 22:24:00
P1581,X-Ray,2026-09-21 22:58:00
P1581,Triage,2026-09-21 23:56:00
P1581,X-Ray,2026-09-22 00:17:00
P1581,Doctor Consultation,2026-09-22 00:32:00
P1581,Discharge,2026-09-22 00:54:00
P1582,Registration,2026-09-21 22:12:00
P1582,Triage,2026-09-21 22:42:00
P1582,X-Ray,2026-09-21 23:17:00
P1582,Doctor Consultation,2026-09-22 00:05:00
P1582,Discharge,2026-09-22 00:38:00
P1583,Registration,2026-09-21 22:14:00
P1583,Triage,2026-09-21 22:48:00
P1583,X-Ray,2026-09-21 23:28:00
P1583,Doctor Consultation,2026-09-22 00:06:00
P1583,Discharge,2026-09-22 00:27:00
P1584,Registration,2026-09-21 22:22:00
P1584,Triage,2026-09-21 22:36:00
P1584,X-Ray,2026-09-21 23:01:00
P1584,Doctor Consultation,2026-09-21 23:20:00
P1584,Discharge,2026-09-22 00:23:00
P1585,Registration,2026-09-21 22:25:00
P1585,Triage,2026-09-21 23:13:00
P1585,X-Ray,2026-09-21 23:32:00
P1585,Doctor Consultation,2026-09-22 00:34:00
P1585,Discharge,2026-09-22 01:12:00
P1586,Registration,2026-09-21 22:33:00
P1586,Triage,2026-09-21 22:59:00
P1586,X-Ray,2026-09-21 23:26:00
P1586,Doctor Consultation,2026-09-22 00:21:00
P1586,Discharge,2026-09-22 00:58:00
P1587,Registration,2026-09-21 22:42:00
P1587,Triage,2026-09-21 23:24:00
P1587,X-Ray,2026-09-22 00:15:00
P1587,Doctor Consultation,2026-09-22 01:11:00
P1587,Discharge,2026-09-22 01:59:00
P1588,Registration,2026-09-21 22:45:00
P1588,Triage,2026-09-21 23:31:00
P1588,X-Ray,2026-09-21 23:58:00
P1588,Doctor Consultation,2026-09-22 00:47:00
P1588,Discharge,2026-09-22 01:40:00
P1589,Registration,2026-09-21 22:53:00
P1589,Triage,2026-09-21 23:09:00
P1589,X-Ray,2026-09-21 23:24:00
P1589,Triage,2026-09-22 00:08:00
P1589,X-Ray,2026-09-22 00:52:00
P1589,Doctor Consultation,2026-09-22 01:50:00
P1589,Discharge,2026-09-22 02:34:00
P1590,Registration,2026-09-21 22:59:00
P1590,Triage,2026-09-21 23:42:00
P1590,X-Ray,2026-09-22 00:05:00
P1590,Doctor Consultation,2026-09-22 00:50:00
P1590,Discharge,2026-09-22 01:37:00
P1591,Registration,2026-09-21 23:02:00
P1591,Triage,2026-09-21 23:30:00
P1591,X-Ray,2026-09-21 23:49:00
P1591,Doctor Consultation,2026-09-22 00:29:00
P1591,Discharge,2026-09-22 01:34:00
P1592,Registration,2026-09-21 23:05:00
P1592,Triage,2026-09-21 23:30:00
P1592,X-Ray,2026-09-22 00:19:00
P1592,Triage,2026-09-22 01:08:00
P1592,X-Ray,2026-09-22 01:47:00
P1592,Doctor Consultation,2026-09-22 02:17:00
P1592,Discharge,2026-09-22 02:46:00
P1593,Registration,2026-09-21 23:12:00
P1593,Triage,2026-09-21 23:47:00
P1593,X-Ray,2026-09-22 00:13:00
P1593,Doctor Consultation,2026-09-22 00:50:00
P1593,Discharge,2026-09-22 01:15:00
P1594,Registration,2026-09-21 23:18:00
P1594,Triage,2026-09-21 23:45:00
P1594,X-Ray,2026-09-22 00:33:00
P1594,Doctor Consultation,2026-09-22 00:50:00
P1594,Discharge,2026-09-22 01:17:00
P1595,Registration,2026-09-21 23:27:00
P1595,Triage,2026-09-21 23:37:00
P1595,X-Ray,2026-09-22 00:28:00
P1595,Doctor Consultation,2026-09-22 01:03:00
P1595,Discharge,2026-09-22 01:54:00
P1596,Registration,2026-09-21 23:29:00
P1596,Triage,2026-09-21 23:45:00
P1596,X-Ray,2026-09-22 00:29:00
P1596,Doctor Consultation,2026-09-22 01:18:00
P1596,Discharge,2026-09-22 02:13:00
P1597,Registration,2026-09-21 23:35:00
P1597,Triage,2026-09-22 00:13:00
P1597,X-Ray,2026-09-22 01:04:00
P1597,Triage,2026-09-22 01:31:00
P1597,X-Ray,2026-09-22 02:13:00
P1597,Doctor Consultation,2026-09-22 02:36:00
P1597,Discharge,2026-09-22 03:21:00
P1598,Registration,2026-09-21 23:43:00
P1598,Triage,2026-09-21 23:52:00
P1598,X-Ray,2026-09-22 00:13:00
P1598,Doctor Consultation,2026-09-22 00:50:00
P1598,Discharge,2026-09-22 01:11:00
P1599,Registration,2026-09-21 23:50:00
P1599,Triage,2026-09-22 00:27:00
P1599,X-Ray,2026-09-22 00:43:00
P1599,Doctor Consultation,2026-09-22 01:14:00
P1599,Discharge,2026-09-22 01:47:00
P1600,Registration,2026-09-21 23:57:00
P1600,Triage,2026-09-22 00:10:00
P1600,X-Ray,2026-09-22 00:37:00
P1600,Triage,2026-09-22 00:57:00
P1600,X-Ray,2026-09-22 01:36:00
P1600,Doctor Consultation,2026-09-22 02:19:00
P1600,Discharge,2026-09-22 02:44:00
P1601,Registration,2026-09-22 00:06:00
P1601,Triage,2026-09-22 00:45:00
P1601,X-Ray,2026-09-22 01:23:00
P1601,Triage,2026-09-22 02:06:00
P1601,X-Ray,2026-09-22 02:34:00
P1601,Doctor Consultation,2026-09-22 03:08:00
P1601,Discharge,2026-09-22 04:03:00
P1602,Registration,2026-09-22 00:14:00
P1602,Triage,2026-09-22 00:40:00
P1602,X-Ray,2026-09-22 01:04:00
P1602,Triage,2026-09-22 01:30:00
P1602,X-Ray,2026-09-22 02:21:00
P1602,Doctor Consultation,2026-09-22 03:08:00
P1602,Discharge,2026-09-22 03:48:00
P1603,Registration,2026-09-22 00:19:00
P1603,Triage,2026-09-22 00:28:00
P1603,X-Ray,2026-09-22 01:03:00
P1603,Doctor Consultation,2026-09-22 01:27:00
P1603,Discharge,2026-09-22 02:28:00
P1604,Registration,2026-09-22 00:24:00
P1604,Triage,2026-09-22 01:00:00
P1604,X-Ray,2026-09-22 01:27:00
P1604,Doctor Consultation,2026-09-22 02:15:00
P1604,Discharge,2026-09-22 03:11:00
P1605,Registration,2026-09-22 00:31:00
P1605,Triage,2026-09-22 01:05:00
P1605,X-Ray,2026-09-22 01:26:00
P1605,Doctor Consultation,2026-09-22 02:04:00
P1605,Discharge,2026-09-22 02:34:00
P1606,Registration,2026-09-22 00:40:00
P1606,Triage,2026-09-22 01:04:00
P1606,X-Ray,2026-09-22 01:52:00
P1606,Triage,2026-09-22 02:27:00
P1606,X-Ray,2026-09-22 03:04:00
P1606,Doctor Consultation,2026-09-22 03:41:00
P1606,Discharge,2026-09-22 04:27:00
P1607,Registration,2026-09-22 00:48:00
P1607,Triage,2026-09-22 01:16:00
P1607,X-Ray,2026-09-22 01:34:00
P1607,Doctor Consultation,2026-09-22 02:24:00
P1607,Discharge,2026-09-22 02:50:00
P1608,Registration,2026-09-22 00:55:00
P1608,Triage,2026-09-22 01:26:00
P1608,X-Ray,2026-09-22 02:00:00
P1608,Doctor Consultation,2026-09-22 02:31:00
P1608,Discharge,2026-09-22 03:28:00
P1609,Registration,2026-09-22 00:57:00
P1609,Triage,2026-09-22 01:26:00
P1609,X-Ray,2026-09-22 01:39:00
P1609,Doctor Consultation,2026-09-22 02:41:00
P1609,Discharge,2026-09-22 03:06:00
P1610,Registration,2026-09-22 01:02:00
P1610,Triage,2026-09-22 01:15:00
P1610,X-Ray,2026-09-22 02:04:00
P1610,Triage,2026-09-22 02:31:00
P1610,X-Ray,2026-09-22 02:51:00
P1610,Doctor Consultation,2026-09-22 03:29:00
P1610,Discharge,2026-09-22 04:21:00
P1611,Registration,2026-09-22 01:04:00
P1611,Triage,2026-09-22 01:22:00
P1611,X-Ray,2026-09-22 01:43:00
P1611,Doctor Consultation,2026-09-22 02:43:00
P1611,Discharge,2026-09-22 03:23:00
P1612,Registration,2026-09-22 01:10:00
P1612,Triage,2026-09-22 01:28:00
P1612,X-Ray,2026-09-22 01:43:00
P1612,Doctor Consultation,2026-09-22 02:16:00
P1612,Discharge,2026-09-22 03:04:00
P1613,Registration,2026-09-22 01:17:00
P1613,Triage,2026-09-22 01:24:00
P1613,X-Ray,2026-09-22 02:02:00
P1613,Doctor Consultation,2026-09-22 02:22:00
P1613,Discharge,2026-09-22 02:54:00
P1614,Registration,2026-09-22 01:22:00
P1614,Triage,2026-09-22 01:52:00
P1614,X-Ray,2026-09-22 02:49:00
P1614,Doctor Consultation,2026-09-22 03:36:00
P1614,Discharge,2026-09-22 04:03:00
P1615,Registration,2026-09-22 01:28:00
P1615,Triage,2026-09-22 01:44:00
P1615,X-Ray,2026-09-22 02:13:00
P1615,Triage,2026-09-22 02:59:00
P1615,X-Ray,2026-09-22 03:53:00
P1615,Doctor Consultation,2026-09-22 04:30:00
P1615,Discharge,2026-09-22 04:57:00
P1616,Registration,2026-09-22 01:31:00
P1616,Triage,2026-09-22 01:59:00
P1616,X-Ray,2026-09-22 02:58:00
P1616,Triage,2026-09-22 03:35:00
P1616,X-Ray,2026-09-22 03:58:00
P1616,Doctor Consultation,2026-09-22 04:29:00
P1616,Discharge,2026-09-22 05:01:00
P1617,Registration,2026-09-22 01:35:00
P1617,Triage,2026-09-22 02:10:00
P1617,X-Ray,2026-09-22 02:52:00
P1617,Doctor Consultation,2026-09-22 03:34:00
P1617,Discharge,2026-09-22 03:55:00
P1618,Registration,2026-09-22 01:38:00
P1618,Triage,2026-09-22 02:26:00
P1618,X-Ray,2026-09-22 02:56:00
P1618,Doctor Consultation,2026-09-22 03:41:00
P1618,Discharge,2026-09-22 04:22:00
P1619,Registration,2026-09-22 01:45:00
P1619,Triage,2026-09-22 02:18:00
P1619,X-Ray,2026-09-22 02:31:00
P1619,Triage,2026-09-22 03:12:00
P1619,X-Ray,2026-09-22 04:05:00
P1619,Doctor Consultation,2026-09-22 04:29:00
P1619,Discharge,2026-09-22 05:09:00
P1620,Registration,2026-09-22 01:55:00
P1620,Triage,2026-09-22 02:33:00
P1620,X-Ray,2026-09-22 03:06:00
P1620,Triage,2026-09-22 03:36:00
P1620,X-Ray,2026-09-22 04:25:00
P1620,Doctor Consultation,2026-09-22 04:52:00
P1620,Discharge,2026-09-22 05:25:00
P1621,Registration,2026-09-22 02:01:00
P1621,Triage,2026-09-22 02:24:00
P1621,X-Ray,2026-09-22 02:34:00
P1621,Doctor Consultation,2026-09-22 03:26:00
P1621,Discharge,2026-09-22 04:19:00
P1622,Registration,2026-09-22 02:08:00
P1622,Triage,2026-09-22 02:26:00
P1622,X-Ray,2026-09-22 03:08:00
P1622,Triage,2026-09-22 03:27:00
P1622,X-Ray,2026-09-22 03:57:00
P1622,Doctor Consultation,2026-09-22 04:38:00
P1622,Discharge,2026-09-22 05:09:00
P1623,Registration,2026-09-22 02:12:00
P1623,Triage,2026-09-22 02:56:00
P1623,X-Ray,2026-09-22 03:21:00
P1623,Triage,2026-09-22 03:48:00
P1623,X-Ray,2026-09-22 04:19:00
P1623,Doctor Consultation,2026-09-22 05:20:00
P1623,Discharge,2026-09-22 05:53:00
P1624,Registration,2026-09-22 02:18:00
P1624,Triage,2026-09-22 02:29:00
P1624,X-Ray,2026-09-22 02:41:00
P1624,Triage,2026-09-22 03:07:00
P1624,X-Ray,2026-09-22 03:53:00
P1624,Doctor Consultation,2026-09-22 04:20:00
P1624,Discharge,2026-09-22 05:01:00
P1625,Registration,2026-09-22 02:28:00
P1625,Triage,2026-09-22 03:10:00
P1625,X-Ray,2026-09-22 03:39:00
P1625,Doctor Consultation,2026-09-22 04:03:00
P1625,Discharge,2026-09-22 04:26:00
P1626,Registration,2026-09-22 02:36:00
P1626,Triage,2026-09-22 03:23:00
P1626,X-Ray,2026-09-22 03:51:00
P1626,Doctor Consultation,2026-09-22 04:37:00
P1626,Discharge,2026-09-22 05:27:00
P1627,Registration,2026-09-22 02:43:00
P1627,Triage,2026-09-22 02:56:00
P1627,X-Ray,2026-09-22 03:45:00
P1627,Doctor Consultation,2026-09-22 04:36:00
P1627,Discharge,2026-09-22 05:10:00
P1628,Registration,2026-09-22 02:45:00
P1628,Triage,2026-09-22 03:19:00
P1628,X-Ray,2026-09-22 03:50:00
P1628,Triage,2026-09-22 04:14:00
P1628,X-Ray,2026-09-22 04:54:00
P1628,Doctor Consultation,2026-09-22 05:47:00
P1628,Discharge,2026-09-22 06:11:00
P1629,Registration,2026-09-22 02:54:00
P1629,Triage,2026-09-22 03:39:00
P1629,X-Ray,2026-09-22 03:51:00
P1629,Doctor Consultation,2026-09-22 04:20:00
P1629,Discharge,2026-09-22 04:59:00
P1630,Registration,2026-09-22 02:59:00
P1630,Triage,2026-09-22 03:17:00
P1630,X-Ray,2026-09-22 03:57:00
P1630,Doctor Consultation,2026-09-22 04:20:00
P1630,Discharge,2026-09-22 04:44:00
P1631,Registration,2026-09-22 03:09:00
P1631,Triage,2026-09-22 03:19:00
P1631,X-Ray,2026-09-22 04:02:00
P1631,Doctor Consultation,2026-09-22 04:32:00
P1631,Discharge,2026-09-22 05:06:00
P1632,Registration,2026-09-22 03:19:00
P1632,Triage,2026-09-22 03:49:00
P1632,X-Ray,2026-09-22 04:42:00
P1632,Doctor Consultation,2026-09-22 05:35:00
P1632,Discharge,2026-09-22 06:36:00
P1633,Registration,2026-09-22 03:28:00
P1633,Triage,2026-09-22 03:59:00
P1633,X-Ray,2026-09-22 04:50:00
P1633,Triage,2026-09-22 05:08:00
P1633,X-Ray,2026-09-22 05:38:00
P1633,Doctor Consultation,2026-09-22 06:34:00
P1633,Discharge,2026-09-22 06:59:00
P1634,Registration,2026-09-22 03:32:00
P1634,Triage,2026-09-22 03:53:00
P1634,X-Ray,2026-09-22 04:28:00
P1634,Doctor Consultation,2026-09-22 05:07:00
P1634,Discharge,2026-09-22 05:29:00
P1635,Registration,2026-09-22 03:36:00
P1635,Triage,2026-09-22 03:56:00
P1635,X-Ray,2026-09-22 04:09:00
P1635,Doctor Consultation,2026-09-22 05:01:00
P1635,Discharge,2026-09-22 06:01:00
P1636,Registration,2026-09-22 03:46:00
P1636,Triage,2026-09-22 04:02:00
P1636,X-Ray,2026-09-22 04:31:00
P1636,Triage,2026-09-22 05:02:00
P1636,X-Ray,2026-09-22 05:30:00
P1636,Doctor Consultation,2026-09-22 06:20:00
P1636,Discharge,2026-09-22 06:56:00
P1637,Registration,2026-09-22 03:56:00
P1637,Triage,2026-09-22 04:29:00
P1637,X-Ray,2026-09-22 05:20:00
P1637,Doctor Consultation,2026-09-22 05:56:00
P1637,Discharge,2026-09-22 06:19:00
P1638,Registration,2026-09-22 04:00:00
P1638,Triage,2026-09-22 04:11:00
P1638,X-Ray,2026-09-22 04:34:00
P1638,Triage,2026-09-22 05:00:00
P1638,X-Ray,2026-09-22 05:40:00
P1638,Doctor Consultation,2026-09-22 06:24:00
P1638,Discharge,2026-09-22 06:49:00
P1639,Registration,2026-09-22 04:07:00
P1639,Triage,2026-09-22 04:22:00
P1639,X-Ray,2026-09-22 04:45:00
P1639,Doctor Consultation,2026-09-22 05:27:00
P1639,Discharge,2026-09-22 06:09:00
P1640,Registration,2026-09-22 04:15:00
P1640,Triage,2026-09-22 04:44:00
P1640,X-Ray,2026-09-22 05:17:00
P1640,Triage,2026-09-22 06:08:00
P1640,X-Ray,2026-09-22 06:47:00
P1640,Doctor Consultation,2026-09-22 07:45:00
P1640,Discharge,2026-09-22 08:42:00
P1641,Registration,2026-09-22 04:19:00
P1641,Triage,2026-09-22 04:36:00
P1641,X-Ray,2026-09-22 05:00:00
P1641,Doctor Consultation,2026-09-22 05:25:00
P1641,Discharge,2026-09-22 06:14:00
P1642,Registration,2026-09-22 04:21:00
P1642,Triage,2026-09-22 05:06:00
P1642,X-Ray,2026-09-22 05:37:00
P1642,Doctor Consultation,2026-09-22 05:54:00
P1642,Discharge,2026-09-22 06:32:00
P1643,Registration,2026-09-22 04:24:00
P1643,Triage,2026-09-22 04:44:00
P1643,X-Ray,2026-09-22 05:32:00
P1643,Doctor Consultation,2026-09-22 06:00:00
P1643,Discharge,2026-09-22 06:44:00
P1644,Registration,2026-09-22 04:26:00
P1644,Triage,2026-09-22 05:00:00
P1644,X-Ray,2026-09-22 05:41:00
P1644,Doctor Consultation,2026-09-22 06:27:00
P1644,Discharge,2026-09-22 06:58:00
P1645,Registration,2026-09-22 04:31:00
P1645,Triage,2026-09-22 04:44:00
P1645,X-Ray,2026-09-22 05:35:00
P1645,Doctor Consultation,2026-09-22 06:19:00
P1645,Discharge,2026-09-22 06:48:00
P1646,Registration,2026-09-22 04:37:00
P1646,Triage,2026-09-22 05:05:00
P1646,X-Ray,2026-09-22 05:27:00
P1646,Doctor Consultation,2026-09-22 06:16:00
P1646,Discharge,2026-09-22 06:55:00
P1647,Registration,2026-09-22 04:42:00
P1647,Triage,2026-09-22 05:14:00
P1647,X-Ray,2026-09-22 05:43:00
P1647,Doctor Consultation,2026-09-22 06:46:00
P1647,Discharge,2026-09-22 07:23:00
P1648,Registration,2026-09-22 04:47:00
P1648,Triage,2026-09-22 05:19:00
P1648,X-Ray,2026-09-22 05:58:00
P1648,Triage,2026-09-22 06:19:00
P1648,X-Ray,2026-09-22 06:42:00
P1648,Doctor Consultation,2026-09-22 07:14:00
P1648,Discharge,2026-09-22 07:50:00
P1649,Registration,2026-09-22 04:57:00
P1649,Triage,2026-09-22 05:15:00
P1649,X-Ray,2026-09-22 05:58:00
P1649,Doctor Consultation,2026-09-22 07:01:00
P1649,Discharge,2026-09-22 07:51:00
P1650,Registration,2026-09-22 05:00:00
P1650,Triage,2026-09-22 05:19:00
P1650,X-Ray,2026-09-22 05:54:00
P1650,Doctor Consultation,2026-09-22 06:18:00
P1650,Discharge,2026-09-22 07:01:00
P1651,Registration,2026-09-22 05:05:00
P1651,Triage,2026-09-22 05:21:00
P1651,X-Ray,2026-09-22 06:04:00
P1651,Doctor Consultation,2026-09-22 06:44:00
P1651,Discharge,2026-09-22 07:23:00
P1652,Registration,2026-09-22 05:10:00
P1652,Triage,2026-09-22 05:20:00
P1652,X-Ray,2026-09-22 05:37:00
P1652,Triage,2026-09-22 06:16:00
P1652,X-Ray,2026-09-22 07:09:00
P1652,Doctor Consultation,2026-09-22 07:56:00
P1652,Discharge,2026-09-22 08:34:00
P1653,Registration,2026-09-22 05:17:00
P1653,Triage,2026-09-22 06:03:00
P1653,X-Ray,2026-09-22 06:40:00
P1653,Doctor Consultation,2026-09-22 07:23:00
P1653,Discharge,2026-09-22 08:17:00
P1654,Registration,2026-09-22 05:24:00
P1654,Triage,2026-09-22 05:48:00
P1654,X-Ray,2026-09-22 06:27:00
P1654,Doctor Consultation,2026-09-22 07:21:00
P1654,Discharge,2026-09-22 08:09:00
P1655,Registration,2026-09-22 05:34:00
P1655,Triage,2026-09-22 06:08:00
P1655,X-Ray,2026-09-22 06:38:00
P1655,Doctor Consultation,2026-09-22 07:00:00
P1655,Discharge,2026-09-22 07:41:00
P1656,Registration,2026-09-22 05:41:00
P1656,Triage,2026-09-22 06:24:00
P1656,X-Ray,2026-09-22 07:18:00
P1656,Triage,2026-09-22 08:09:00
P1656,X-Ray,2026-09-22 08:41:00
P1656,Doctor Consultation,2026-09-22 09:23:00
P1656,Discharge,2026-09-22 10:02:00
P1657,Registration,2026-09-22 05:49:00
P1657,Triage,2026-09-22 06:10:00
P1657,X-Ray,2026-09-22 06:36:00
P1657,Doctor Consultation,2026-09-22 07:20:00
P1657,Discharge,2026-09-22 07:51:00
P1658,Registration,2026-09-22 05:56:00
P1658,Triage,2026-09-22 06:20:00
P1658,X-Ray,2026-09-22 06:56:00
P1658,Doctor Consultation,2026-09-22 07:30:00
P1658,Discharge,2026-09-22 08:02:00
P1659,Registration,2026-09-22 06:01:00
P1659,Triage,2026-09-22 06:35:00
P1659,X-Ray,2026-09-22 07:05:00
P1659,Doctor Consultation,2026-09-22 07:44:00
P1659,Discharge,2026-09-22 08:08:00
P1660,Registration,2026-09-22 06:09:00
P1660,Triage,2026-09-22 06:33:00
P1660,X-Ray,2026-09-22 06:45:00
P1660,Triage,2026-09-22 07:34:00
P1660,X-Ray,2026-09-22 08:01:00
P1660,Doctor Consultation,2026-09-22 08:56:00
P1660,Discharge,2026-09-22 09:32:00
P1661,Registration,2026-09-22 06:12:00
P1661,Triage,2026-09-22 06:27:00
P1661,X-Ray,2026-09-22 07:02:00
P1661,Triage,2026-09-22 07:32:00
P1661,X-Ray,2026-09-22 08:08:00
P1661,Doctor Consultation,2026-09-22 08:50:00
P1661,Discharge,2026-09-22 09:37:00
P1662,Registration,2026-09-22 06:18:00
P1662,Triage,2026-09-22 06:31:00
P1662,X-Ray,2026-09-22 07:13:00
P1662,Triage,2026-09-22 07:41:00
P1662,X-Ray,2026-09-22 08:02:00
P1662,Doctor Consultation,2026-09-22 08:51:00
P1662,Discharge,2026-09-22 09:25:00
P1663,Registration,2026-09-22 06:27:00
P1663,Triage,2026-09-22 07:11:00
P1663,X-Ray,2026-09-22 07:52:00
P1663,Doctor Consultation,2026-09-22 08:37:00
P1663,Discharge,2026-09-22 09:17:00
P1664,Registration,2026-09-22 06:36:00
P1664,Triage,2026-09-22 06:48:00
P1664,X-Ray,2026-09-22 07:10:00
P1664,Triage,2026-09-22 07:57:00
P1664,X-Ray,2026-09-22 08:37:00
P1664,Doctor Consultation,2026-09-22 09:04:00
P1664,Discharge,2026-09-22 09:42:00
P1665,Registration,2026-09-22 06:46:00
P1665,Triage,2026-09-22 06:55:00
P1665,X-Ray,2026-09-22 07:14:00
P1665,Doctor Consultation,2026-09-22 07:47:00
P1665,Discharge,2026-09-22 08:10:00
P1666,Registration,2026-09-22 06:50:00
P1666,Triage,2026-09-22 07:05:00
P1666,X-Ray,2026-09-22 07:22:00
P1666,Triage,2026-09-22 08:05:00
P1666,X-Ray,2026-09-22 08:54:00
P1666,Doctor Consultation,2026-09-22 09:23:00
P1666,Discharge,2026-09-22 10:23:00
P1667,Registration,2026-09-22 06:59:00
P1667,Triage,2026-09-22 07:18:00
P1667,X-Ray,2026-09-22 07:41:00
P1667,Doctor Consultation,2026-09-22 08:41:00
P1667,Discharge,2026-09-22 09:29:00
P1668,Registration,2026-09-22 07:09:00
P1668,Triage,2026-09-22 07:18:00
P1668,X-Ray,2026-09-22 07:48:00
P1668,Doctor Consultation,2026-09-22 08:52:00
P1668,Discharge,2026-09-22 09:37:00
P1669,Registration,2026-09-22 07:13:00
P1669,Triage,2026-09-22 07:35:00
P1669,X-Ray,2026-09-22 07:57:00
P1669,Doctor Consultation,2026-09-22 08:23:00
P1669,Discharge,2026-09-22 09:06:00
P1670,Registration,2026-09-22 07:23:00
P1670,Triage,2026-09-22 07:31:00
P1670,X-Ray,2026-09-22 08:08:00
P1670,Doctor Consultation,2026-09-22 08:44:00
P1670,Discharge,2026-09-22 09:24:00
P1671,Registration,2026-09-22 07:28:00
P1671,Triage,2026-09-22 08:07:00
P1671,X-Ray,2026-09-22 08:24:00
P1671,Doctor Consultation,2026-09-22 09:11:00
P1671,Discharge,2026-09-22 09:31:00
P1672,Registration,2026-09-22 07:30:00
P1672,Triage,2026-09-22 08:18:00
P1672,X-Ray,2026-09-22 08:42:00
P1672,Doctor Consultation,2026-09-22 09:15:00
P1672,Discharge,2026-09-22 10:00:00
P1673,Registration,2026-09-22 07:33:00
P1673,Triage,2026-09-22 07:49:00
P1673,X-Ray,2026-09-22 08:11:00
P1673,Triage,2026-09-22 09:06:00
P1673,X-Ray,2026-09-22 09:54:00
P1673,Doctor Consultation,2026-09-22 10:54:00
P1673,Discharge,2026-09-22 11:19:00
P1674,Registration,2026-09-22 07:41:00
P1674,Triage,2026-09-22 08:24:00
P1674,X-Ray,2026-09-22 09:03:00
P1674,Doctor Consultation,2026-09-22 09:37:00
P1674,Discharge,2026-09-22 10:30:00
P1675,Registration,2026-09-22 07:45:00
P1675,Triage,2026-09-22 08:02:00
P1675,X-Ray,2026-09-22 08:24:00
P1675,Triage,2026-09-22 08:48:00
P1675,X-Ray,2026-09-22 09:14:00
P1675,Doctor Consultation,2026-09-22 09:56:00
P1675,Discharge,2026-09-22 10:28:00
P1676,Registration,2026-09-22 07:55:00
P1676,Triage,2026-09-22 08:43:00
P1676,X-Ray,2026-09-22 09:06:00
P1676,Doctor Consultation,2026-09-22 09:51:00
P1676,Discharge,2026-09-22 10:31:00
P1677,Registration,2026-09-22 08:02:00
P1677,Triage,2026-09-22 08:33:00
P1677,X-Ray,2026-09-22 09:26:00
P1677,Triage,2026-09-22 10:03:00
P1677,X-Ray,2026-09-22 10:21:00
P1677,Doctor Consultation,2026-09-22 10:47:00
P1677,Discharge,2026-09-22 11:35:00
P1678,Registration,2026-09-22 08:08:00
P1678,Triage,2026-09-22 08:16:00
P1678,X-Ray,2026-09-22 08:53:00
P1678,Triage,2026-09-22 09:46:00
P1678,X-Ray,2026-09-22 10:07:00
P1678,Doctor Consultation,2026-09-22 11:07:00
P1678,Discharge,2026-09-22 11:41:00
P1679,Registration,2026-09-22 08:11:00
P1679,Triage,2026-09-22 08:32:00
P1679,X-Ray,2026-09-22 08:51:00
P1679,Triage,2026-09-22 09:32:00
P1679,X-Ray,2026-09-22 10:17:00
P1679,Doctor Consultation,2026-09-22 11:11:00
P1679,Discharge,2026-09-22 12:04:00
P1680,Registration,2026-09-22 08:14:00
P1680,Triage,2026-09-22 08:53:00
P1680,X-Ray,2026-09-22 09:26:00
P1680,Triage,2026-09-22 10:02:00
P1680,X-Ray,2026-09-22 10:25:00
P1680,Doctor Consultation,2026-09-22 11:22:00
P1680,Discharge,2026-09-22 12:02:00
P1681,Registration,2026-09-22 08:22:00
P1681,Triage,2026-09-22 08:35:00
P1681,X-Ray,2026-09-22 09:22:00
P1681,Doctor Consultation,2026-09-22 10:08:00
P1681,Discharge,2026-09-22 11:00:00
P1682,Registration,2026-09-22 08:24:00
P1682,Triage,2026-09-22 09:07:00
P1682,X-Ray,2026-09-22 10:00:00
P1682,Doctor Consultation,2026-09-22 10:55:00
P1682,Discharge,2026-09-22 11:48:00
P1683,Registration,2026-09-22 08:31:00
P1683,Triage,2026-09-22 09:08:00
P1683,X-Ray,2026-09-22 09:26:00
P1683,Doctor Consultation,2026-09-22 09:57:00
P1683,Discharge,2026-09-22 10:44:00
P1684,Registration,2026-09-22 08:33:00
P1684,Triage,2026-09-22 08:49:00
P1684,X-Ray,2026-09-22 09:06:00
P1684,Triage,2026-09-22 09:42:00
P1684,X-Ray,2026-09-22 10:05:00
P1684,Doctor Consultation,2026-09-22 10:44:00
P1684,Discharge,2026-09-22 11:51:00
P1685,Registration,2026-09-22 08:42:00
P1685,Triage,2026-09-22 09:17:00
P1685,X-Ray,2026-09-22 10:03:00
P1685,Doctor Consultation,2026-09-22 10:56:00
P1685,Discharge,2026-09-22 11:21:00
P1686,Registration,2026-09-22 08:50:00
P1686,Triage,2026-09-22 09:14:00
P1686,X-Ray,2026-09-22 10:03:00
P1686,Doctor Consultation,2026-09-22 10:28:00
P1686,Discharge,2026-09-22 11:21:00
P1687,Registration,2026-09-22 08:59:00
P1687,Triage,2026-09-22 09:43:00
P1687,X-Ray,2026-09-22 10:21:00
P1687,Doctor Consultation,2026-09-22 11:19:00
P1687,Discharge,2026-09-22 12:20:00
P1688,Registration,2026-09-22 09:04:00
P1688,Triage,2026-09-22 09:51:00
P1688,X-Ray,2026-09-22 10:28:00
P1688,Triage,2026-09-22 10:59:00
P1688,X-Ray,2026-09-22 11:41:00
P1688,Doctor Consultation,2026-09-22 12:43:00
P1688,Discharge,2026-09-22 13:19:00
P1689,Registration,2026-09-22 09:07:00
P1689,Triage,2026-09-22 09:22:00
P1689,X-Ray,2026-09-22 09:45:00
P1689,Triage,2026-09-22 10:06:00
P1689,X-Ray,2026-09-22 10:52:00
P1689,Doctor Consultation,2026-09-22 11:30:00
P1689,Discharge,2026-09-22 12:30:00
P1690,Registration,2026-09-22 09:13:00
P1690,Triage,2026-09-22 09:20:00
P1690,X-Ray,2026-09-22 09:58:00
P1690,Doctor Consultation,2026-09-22 10:50:00
P1690,Discharge,2026-09-22 11:36:00
P1691,Registration,2026-09-22 09:23:00
P1691,Triage,2026-09-22 10:04:00
P1691,X-Ray,2026-09-22 10:39:00
P1691,Doctor Consultation,2026-09-22 11:31:00
P1691,Discharge,2026-09-22 12:19:00
P1692,Registration,2026-09-22 09:31:00
P1692,Triage,2026-09-22 10:03:00
P1692,X-Ray,2026-09-22 10:21:00
P1692,Doctor Consultation,2026-09-22 11:01:00
P1692,Discharge,2026-09-22 11:18:00
P1693,Registration,2026-09-22 09:36:00
P1693,Triage,2026-09-22 10:14:00
P1693,X-Ray,2026-09-22 10:29:00
P1693,Doctor Consultation,2026-09-22 11:17:00
P1693,Discharge,2026-09-22 12:16:00
P1694,Registration,2026-09-22 09:40:00
P1694,Triage,2026-09-22 09:55:00
P1694,X-Ray,2026-09-22 10:46:00
P1694,Doctor Consultation,2026-09-22 11:32:00
P1694,Discharge,2026-09-22 12:27:00
P1695,Registration,2026-09-22 09:45:00
P1695,Triage,2026-09-22 10:15:00
P1695,X-Ray,2026-09-22 11:03:00
P1695,Triage,2026-09-22 11:29:00
P1695,X-Ray,2026-09-22 12:06:00
P1695,Doctor Consultation,2026-09-22 12:32:00
P1695,Discharge,2026-09-22 13:21:00
P1696,Registration,2026-09-22 09:50:00
P1696,Triage,2026-09-22 10:03:00
P1696,X-Ray,2026-09-22 10:57:00
P1696,Doctor Consultation,2026-09-22 11:49:00
P1696,Discharge,2026-09-22 12:53:00
P1697,Registration,2026-09-22 09:57:00
P1697,Triage,2026-09-22 10:34:00
P1697,X-Ray,2026-09-22 11:06:00
P1697,Doctor Consultation,2026-09-22 11:42:00
P1697,Discharge,2026-09-22 12:20:00
P1698,Registration,2026-09-22 10:03:00
P1698,Triage,2026-09-22 10:51:00
P1698,X-Ray,2026-09-22 11:27:00
P1698,Doctor Consultation,2026-09-22 12:29:00
P1698,Discharge,2026-09-22 13:29:00
P1699,Registration,2026-09-22 10:09:00
P1699,Triage,2026-09-22 10:37:00
P1699,X-Ray,2026-09-22 11:26:00
P1699,Triage,2026-09-22 12:11:00
P1699,X-Ray,2026-09-22 12:26:00
P1699,Doctor Consultation,2026-09-22 13:24:00
P1699,Discharge,2026-09-22 13:53:00
P1700,Registration,2026-09-22 10:11:00
P1700,Triage,2026-09-22 10:29:00
P1700,X-Ray,2026-09-22 11:18:00
P1700,Doctor Consultation,2026-09-22 12:12:00
P1700,Discharge,2026-09-22 12:41:00
P1701,Registration,2026-09-22 10:15:00
P1701,Triage,2026-09-22 10:58:00
P1701,X-Ray,2026-09-22 11:23:00
P1701,Triage,2026-09-22 11:49:00
P1701,X-Ray,2026-09-22 12:30:00
P1701,Doctor Consultation,2026-09-22 13:15:00
P1701,Discharge,2026-09-22 13:59:00
P1702,Registration,2026-09-22 10:20:00
P1702,Triage,2026-09-22 10:53:00
P1702,X-Ray,2026-09-22 11:38:00
P1702,Triage,2026-09-22 12:10:00
P1702,X-Ray,2026-09-22 12:24:00
P1702,Doctor Consultation,2026-09-22 12:42:00
P1702,Discharge,2026-09-22 13:17:00
P1703,Registration,2026-09-22 10:28:00
P1703,Triage,2026-09-22 10:42:00
P1703,X-Ray,2026-09-22 11:33:00
P1703,Doctor Consultation,2026-09-22 12:27:00
P1703,Discharge,2026-09-22 12:44:00
P1704,Registration,2026-09-22 10:35:00
P1704,Triage,2026-09-22 10:55:00
P1704,X-Ray,2026-09-22 11:33:00
P1704,Triage,2026-09-22 12:16:00
P1704,X-Ray,2026-09-22 13:12:00
P1704,Doctor Consultation,2026-09-22 13:45:00
P1704,Discharge,2026-09-22 14:47:00
P1705,Registration,2026-09-22 10:44:00
P1705,Triage,2026-09-22 10:59:00
P1705,X-Ray,2026-09-22 11:57:00
P1705,Doctor Consultation,2026-09-22 12:19:00
P1705,Discharge,2026-09-22 13:05:00
P1706,Registration,2026-09-22 10:49:00
P1706,Triage,2026-09-22 11:23:00
P1706,X-Ray,2026-09-22 11:53:00
P1706,Triage,2026-09-22 12:13:00
P1706,X-Ray,2026-09-22 13:00:00
P1706,Doctor Consultation,2026-09-22 13:46:00
P1706,Discharge,2026-09-22 14:15:00
P1707,Registration,2026-09-22 10:53:00
P1707,Triage,2026-09-22 11:13:00
P1707,X-Ray,2026-09-22 11:41:00
P1707,Triage,2026-09-22 12:11:00
P1707,X-Ray,2026-09-22 12:43:00
P1707,Doctor Consultation,2026-09-22 13:23:00
P1707,Discharge,2026-09-22 13:59:00
P1708,Registration,2026-09-22 10:58:00
P1708,Triage,2026-09-22 11:24:00
P1708,X-Ray,2026-09-22 12:05:00
P1708,Doctor Consultation,2026-09-22 12:55:00
P1708,Discharge,2026-09-22 13:56:00
P1709,Registration,2026-09-22 11:00:00
P1709,Triage,2026-09-22 11:18:00
P1709,X-Ray,2026-09-22 11:54:00
P1709,Doctor Consultation,2026-09-22 12:52:00
P1709,Discharge,2026-09-22 13:17:00
P1710,Registration,2026-09-22 11:09:00
P1710,Triage,2026-09-22 11:22:00
P1710,X-Ray,2026-09-22 11:55:00
P1710,Doctor Consultation,2026-09-22 12:15:00
P1710,Discharge,2026-09-22 12:52:00
P1711,Registration,2026-09-22 11:11:00
P1711,Triage,2026-09-22 11:23:00
P1711,X-Ray,2026-09-22 11:45:00
P1711,Triage,2026-09-22 12:47:00
P1711,X-Ray,2026-09-22 13:28:00
P1711,Doctor Consultation,2026-09-22 14:10:00
P1711,Discharge,2026-09-22 14:58:00
P1712,Registration,2026-09-22 11:15:00
P1712,Triage,2026-09-22 11:56:00
P1712,X-Ray,2026-09-22 12:47:00
P1712,Triage,2026-09-22 13:05:00
P1712,X-Ray,2026-09-22 13:18:00
P1712,Doctor Consultation,2026-09-22 13:56:00
P1712,Discharge,2026-09-22 14:59:00
P1713,Registration,2026-09-22 11:20:00
P1713,Triage,2026-09-22 11:41:00
P1713,X-Ray,2026-09-22 12:05:00
P1713,Triage,2026-09-22 12:39:00
P1713,X-Ray,2026-09-22 13:24:00
P1713,Doctor Consultation,2026-09-22 13:50:00
P1713,Discharge,2026-09-22 14:35:00
P1714,Registration,2026-09-22 11:27:00
P1714,Triage,2026-09-22 12:02:00
P1714,X-Ray,2026-09-22 12:27:00
P1714,Doctor Consultation,2026-09-22 13:28:00
P1714,Discharge,2026-09-22 14:14:00
P1715,Registration,2026-09-22 11:29:00
P1715,Triage,2026-09-22 11:51:00
P1715,X-Ray,2026-09-22 12:06:00
P1715,Triage,2026-09-22 12:37:00
P1715,X-Ray,2026-09-22 13:31:00
P1715,Doctor Consultation,2026-09-22 14:21:00
P1715,Discharge,2026-09-22 14:56:00
P1716,Registration,2026-09-22 11:34:00
P1716,Triage,2026-09-22 11:44:00
P1716,X-Ray,2026-09-22 12:30:00
P1716,Triage,2026-09-22 13:18:00
P1716,X-Ray,2026-09-22 14:06:00
P1716,Doctor Consultation,2026-09-22 14:26:00
P1716,Discharge,2026-09-22 15:05:00
P1717,Registration,2026-09-22 11:38:00
P1717,Triage,2026-09-22 11:50:00
P1717,X-Ray,2026-09-22 12:33:00
P1717,Triage,2026-09-22 13:26:00
P1717,X-Ray,2026-09-22 13:49:00
P1717,Doctor Consultation,2026-09-22 14:51:00
P1717,Discharge,2026-09-22 15:41:00
P1718,Registration,2026-09-22 11:46:00
P1718,Triage,2026-09-22 12:10:00
P1718,X-Ray,2026-09-22 12:44:00
P1718,Triage,2026-09-22 13:44:00
P1718,X-Ray,2026-09-22 14:16:00
P1718,Doctor Consultation,2026-09-22 15:07:00
P1718,Discharge,2026-09-22 15:56:00
P1719,Registration,2026-09-22 11:53:00
P1719,Triage,2026-09-22 12:11:00
P1719,X-Ray,2026-09-22 12:43:00
P1719,Doctor Consultation,2026-09-22 13:09:00
P1719,Discharge,2026-09-22 13:58:00
P1720,Registration,2026-09-22 12:03:00
P1720,Triage,2026-09-22 12:44:00
P1720,X-Ray,2026-09-22 13:11:00
P1720,Triage,2026-09-22 13:48:00
P1720,X-Ray,2026-09-22 14:20:00
P1720,Doctor Consultation,2026-09-22 15:18:00
P1720,Discharge,2026-09-22 15:46:00
P1721,Registration,2026-09-22 12:07:00
P1721,Triage,2026-09-22 12:21:00
P1721,X-Ray,2026-09-22 13:08:00
P1721,Triage,2026-09-22 13:33:00
P1721,X-Ray,2026-09-22 14:08:00
P1721,Doctor Consultation,2026-09-22 14:57:00
P1721,Discharge,2026-09-22 15:17:00
P1722,Registration,2026-09-22 12:09:00
P1722,Triage,2026-09-22 12:37:00
P1722,X-Ray,2026-09-22 13:27:00
P1722,Doctor Consultation,2026-09-22 14:23:00
P1722,Discharge,2026-09-22 15:04:00
P1723,Registration,2026-09-22 12:15:00
P1723,Triage,2026-09-22 13:01:00
P1723,X-Ray,2026-09-22 13:23:00
P1723,Doctor Consultation,2026-09-22 13:51:00
P1723,Discharge,2026-09-22 14:22:00
P1724,Registration,2026-09-22 12:24:00
P1724,Triage,2026-09-22 12:48:00
P1724,X-Ray,2026-09-22 13:36:00
P1724,Doctor Consultation,2026-09-22 14:09:00
P1724,Discharge,2026-09-22 14:30:00
P1725,Registration,2026-09-22 12:30:00
P1725,Triage,2026-09-22 13:01:00
P1725,X-Ray,2026-09-22 13:37:00
P1725,Triage,2026-09-22 14:22:00
P1725,X-Ray,2026-09-22 14:58:00
P1725,Doctor Consultation,2026-09-22 15:46:00
P1725,Discharge,2026-09-22 16:19:00
P1726,Registration,2026-09-22 12:40:00
P1726,Triage,2026-09-22 13:06:00
P1726,X-Ray,2026-09-22 13:39:00
P1726,Doctor Consultation,2026-09-22 14:02:00
P1726,Discharge,2026-09-22 14:58:00
P1727,Registration,2026-09-22 12:50:00
P1727,Triage,2026-09-22 12:59:00
P1727,X-Ray,2026-09-22 13:42:00
P1727,Doctor Consultation,2026-09-22 14:07:00
P1727,Discharge,2026-09-22 14:45:00
P1728,Registration,2026-09-22 13:00:00
P1728,Triage,2026-09-22 13:46:00
P1728,X-Ray,2026-09-22 14:13:00
P1728,Doctor Consultation,2026-09-22 15:06:00
P1728,Discharge,2026-09-22 15:52:00
P1729,Registration,2026-09-22 13:08:00
P1729,Triage,2026-09-22 13:26:00
P1729,X-Ray,2026-09-22 14:05:00
P1729,Doctor Consultation,2026-09-22 14:40:00
P1729,Discharge,2026-09-22 15:14:00
P1730,Registration,2026-09-22 13:17:00
P1730,Triage,2026-09-22 13:35:00
P1730,X-Ray,2026-09-22 14:26:00
P1730,Doctor Consultation,2026-09-22 14:44:00
P1730,Discharge,2026-09-22 15:17:00
P1731,Registration,2026-09-22 13:24:00
P1731,Triage,2026-09-22 14:10:00
P1731,X-Ray,2026-09-22 14:23:00
P1731,Doctor Consultation,2026-09-22 15:11:00
P1731,Discharge,2026-09-22 15:40:00
P1732,Registration,2026-09-22 13:27:00
P1732,Triage,2026-09-22 13:50:00
P1732,X-Ray,2026-09-22 14:09:00
P1732,Triage,2026-09-22 14:53:00
P1732,X-Ray,2026-09-22 15:45:00
P1732,Doctor Consultation,2026-09-22 16:20:00
P1732,Discharge,2026-09-22 17:03:00
P1733,Registration,2026-09-22 13:31:00
P1733,Triage,2026-09-22 14:18:00
P1733,X-Ray,2026-09-22 14:43:00
P1733,Doctor Consultation,2026-09-22 15:25:00
P1733,Discharge,2026-09-22 15:56:00
P1734,Registration,2026-09-22 13:37:00
P1734,Triage,2026-09-22 14:19:00
P1734,X-Ray,2026-09-22 14:40:00
P1734,Doctor Consultation,2026-09-22 15:11:00
P1734,Discharge,2026-09-22 15:43:00
P1735,Registration,2026-09-22 13:39:00
P1735,Triage,2026-09-22 13:57:00
P1735,X-Ray,2026-09-22 14:13:00
P1735,Triage,2026-09-22 14:39:00
P1735,X-Ray,2026-09-22 15:01:00
P1735,Doctor Consultation,2026-09-22 15:40:00
P1735,Discharge,2026-09-22 16:36:00
P1736,Registration,2026-09-22 13:46:00
P1736,Triage,2026-09-22 14:30:00
P1736,X-Ray,2026-09-22 15:20:00
P1736,Doctor Consultation,2026-09-22 16:07:00
P1736,Discharge,2026-09-22 16:31:00
P1737,Registration,2026-09-22 13:49:00
P1737,Triage,2026-09-22 14:33:00
P1737,X-Ray,2026-09-22 14:54:00
P1737,Doctor Consultation,2026-09-22 15:34:00
P1737,Discharge,2026-09-22 16:06:00
P1738,Registration,2026-09-22 13:51:00
P1738,Triage,2026-09-22 14:35:00
P1738,X-Ray,2026-09-22 15:24:00
P1738,Doctor Consultation,2026-09-22 16:26:00
P1738,Discharge,2026-09-22 17:11:00
P1739,Registration,2026-09-22 14:01:00
P1739,Triage,2026-09-22 14:51:00
P1739,X-Ray,2026-09-22 15:25:00
P1739,Triage,2026-09-22 16:05:00
P1739,X-Ray,2026-09-22 16:54:00
P1739,Doctor Consultation,2026-09-22 17:23:00
P1739,Discharge,2026-09-22 18:02:00
P1740,Registration,2026-09-22 14:04:00
P1740,Triage,2026-09-22 14:23:00
P1740,X-Ray,2026-09-22 14:39:00
P1740,Doctor Consultation,2026-09-22 15:08:00
P1740,Discharge,2026-09-22 15:42:00
P1741,Registration,2026-09-22 14:06:00
P1741,Triage,2026-09-22 14:49:00
P1741,X-Ray,2026-09-22 15:09:00
P1741,Triage,2026-09-22 15:59:00
P1741,X-Ray,2026-09-22 16:53:00
P1741,Doctor Consultation,2026-09-22 17:14:00
P1741,Discharge,2026-09-22 18:23:00
P1742,Registration,2026-09-22 14:10:00
P1742,Triage,2026-09-22 14:57:00
P1742,X-Ray,2026-09-22 15:54:00
P1742,Doctor Consultation,2026-09-22 16:35:00
P1742,Discharge,2026-09-22 17:03:00
P1743,Registration,2026-09-22 14:13:00
P1743,Triage,2026-09-22 14:23:00
P1743,X-Ray,2026-09-22 15:03:00
P1743,Doctor Consultation,2026-09-22 15:50:00
P1743,Discharge,2026-09-22 16:15:00
P1744,Registration,2026-09-22 14:15:00
P1744,Triage,2026-09-22 14:33:00
P1744,X-Ray,2026-09-22 15:12:00
P1744,Triage,2026-09-22 16:04:00
P1744,X-Ray,2026-09-22 16:32:00
P1744,Doctor Consultation,2026-09-22 16:48:00
P1744,Discharge,2026-09-22 17:53:00
P1745,Registration,2026-09-22 14:22:00
P1745,Triage,2026-09-22 14:46:00
P1745,X-Ray,2026-09-22 15:19:00
P1745,Doctor Consultation,2026-09-22 15:42:00
P1745,Discharge,2026-09-22 16:43:00
P1746,Registration,2026-09-22 14:30:00
P1746,Triage,2026-09-22 15:14:00
P1746,X-Ray,2026-09-22 15:36:00
P1746,Doctor Consultation,2026-09-22 16:19:00
P1746,Discharge,2026-09-22 17:20:00
P1747,Registration,2026-09-22 14:34:00
P1747,Triage,2026-09-22 14:59:00
P1747,X-Ray,2026-09-22 15:23:00
P1747,Doctor Consultation,2026-09-22 15:59:00
P1747,Discharge,2026-09-22 16:39:00
P1748,Registration,2026-09-22 14:43:00
P1748,Triage,2026-09-22 15:22:00
P1748,X-Ray,2026-09-22 16:17:00
P1748,Doctor Consultation,2026-09-22 17:13:00
P1748,Discharge,2026-09-22 17:51:00
P1749,Registration,2026-09-22 14:52:00
P1749,Triage,2026-09-22 15:37:00
P1749,X-Ray,2026-09-22 15:57:00
P1749,Triage,2026-09-22 16:16:00
P1749,X-Ray,2026-09-22 16:38:00
P1749,Doctor Consultation,2026-09-22 17:35:00
P1749,Discharge,2026-09-22 18:07:00
P1750,Registration,2026-09-22 14:56:00
P1750,Triage,2026-09-22 15:26:00
P1750,X-Ray,2026-09-22 16:07:00
P1750,Triage,2026-09-22 16:35:00
P1750,X-Ray,2026-09-22 17:23:00
P1750,Doctor Consultation,2026-09-22 17:44:00
P1750,Discharge,2026-09-22 18:41:00
P1751,Registration,2026-09-22 15:04:00
P1751,Triage,2026-09-22 15:38:00
P1751,X-Ray,2026-09-22 16:21:00
P1751,Triage,2026-09-22 16:55:00
P1751,X-Ray,2026-09-22 17:45:00
P1751,Doctor Consultation,2026-09-22 18:41:00
P1751,Discharge,2026-09-22 19:16:00
P1752,Registration,2026-09-22 15:07:00
P1752,Triage,2026-09-22 15:55:00
P1752,X-Ray,2026-09-22 16:38:00
P1752,Doctor Consultation,2026-09-22 17:23:00
P1752,Discharge,2026-09-22 18:03:00
P1753,Registration,2026-09-22 15:17:00
P1753,Triage,2026-09-22 15:48:00
P1753,X-Ray,2026-09-22 16:39:00
P1753,Doctor Consultation,2026-09-22 16:57:00
P1753,Discharge,2026-09-22 17:41:00
P1754,Registration,2026-09-22 15:24:00
P1754,Triage,2026-09-22 16:08:00
P1754,X-Ray,2026-09-22 16:34:00
P1754,Doctor Consultation,2026-09-22 17:20:00
P1754,Discharge,2026-09-22 17:46:00
P1755,Registration,2026-09-22 15:33:00
P1755,Triage,2026-09-22 16:02:00
P1755,X-Ray,2026-09-22 16:31:00
P1755,Triage,2026-09-22 17:12:00
P1755,X-Ray,2026-09-22 17:59:00
P1755,Doctor Consultation,2026-09-22 19:04:00
P1755,Discharge,2026-09-22 19:47:00
P1756,Registration,2026-09-22 15:37:00
P1756,Triage,2026-09-22 16:12:00
P1756,X-Ray,2026-09-22 17:06:00
P1756,Doctor Consultation,2026-09-22 17:37:00
P1756,Discharge,2026-09-22 18:32:00
P1757,Registration,2026-09-22 15:40:00
P1757,Triage,2026-09-22 16:21:00
P1757,X-Ray,2026-09-22 17:06:00
P1757,Doctor Consultation,2026-09-22 17:56:00
P1757,Discharge,2026-09-22 18:44:00
P1758,Registration,2026-09-22 15:46:00
P1758,Triage,2026-09-22 16:20:00
P1758,X-Ray,2026-09-22 16:38:00
P1758,Doctor Consultation,2026-09-22 17:13:00
P1758,Discharge,2026-09-22 17:44:00
P1759,Registration,2026-09-22 15:55:00
P1759,Triage,2026-09-22 16:38:00
P1759,X-Ray,2026-09-22 17:19:00
P1759,Triage,2026-09-22 18:02:00
P1759,X-Ray,2026-09-22 18:55:00
P1759,Doctor Consultation,2026-09-22 19:24:00
P1759,Discharge,2026-09-22 20:09:00
P1760,Registration,2026-09-22 16:01:00
P1760,Triage,2026-09-22 16:46:00
P1760,X-Ray,2026-09-22 17:38:00
P1760,Triage,2026-09-22 18:26:00
P1760,X-Ray,2026-09-22 18:56:00
P1760,Doctor Consultation,2026-09-22 19:20:00
P1760,Discharge,2026-09-22 19:46:00
P1761,Registration,2026-09-22 16:05:00
P1761,Triage,2026-09-22 16:37:00
P1761,X-Ray,2026-09-22 17:11:00
P1761,Doctor Consultation,2026-09-22 18:12:00
P1761,Discharge,2026-09-22 18:29:00
P1762,Registration,2026-09-22 16:11:00
P1762,Triage,2026-09-22 16:42:00
P1762,X-Ray,2026-09-22 17:06:00
P1762,Doctor Consultation,2026-09-22 17:24:00
P1762,Discharge,2026-09-22 17:47:00
P1763,Registration,2026-09-22 16:20:00
P1763,Triage,2026-09-22 17:07:00
P1763,X-Ray,2026-09-22 17:56:00
P1763,Triage,2026-09-22 18:21:00
P1763,X-Ray,2026-09-22 19:01:00
P1763,Doctor Consultation,2026-09-22 19:37:00
P1763,Discharge,2026-09-22 20:01:00
P1764,Registration,2026-09-22 16:27:00
P1764,Triage,2026-09-22 16:34:00
P1764,X-Ray,2026-09-22 16:49:00
P1764,Doctor Consultation,2026-09-22 17:36:00
P1764,Discharge,2026-09-22 18:28:00
P1765,Registration,2026-09-22 16:34:00
P1765,Triage,2026-09-22 17:03:00
P1765,X-Ray,2026-09-22 17:37:00
P1765,Doctor Consultation,2026-09-22 18:28:00
P1765,Discharge,2026-09-22 19:27:00
P1766,Registration,2026-09-22 16:43:00
P1766,Triage,2026-09-22 17:19:00
P1766,X-Ray,2026-09-22 18:12:00
P1766,Doctor Consultation,2026-09-22 18:59:00
P1766,Discharge,2026-09-22 19:30:00
P1767,Registration,2026-09-22 16:53:00
P1767,Triage,2026-09-22 17:05:00
P1767,X-Ray,2026-09-22 17:22:00
P1767,Doctor Consultation,2026-09-22 18:00:00
P1767,Discharge,2026-09-22 18:51:00
P1768,Registration,2026-09-22 16:55:00
P1768,Triage,2026-09-22 17:23:00
P1768,X-Ray,2026-09-22 17:45:00
P1768,Triage,2026-09-22 18:47:00
P1768,X-Ray,2026-09-22 19:22:00
P1768,Doctor Consultation,2026-09-22 20:01:00
P1768,Discharge,2026-09-22 20:53:00
P1769,Registration,2026-09-22 17:02:00
P1769,Triage,2026-09-22 17:33:00
P1769,X-Ray,2026-09-22 17:53:00
P1769,Triage,2026-09-22 18:29:00
P1769,X-Ray,2026-09-22 19:23:00
P1769,Doctor Consultation,2026-09-22 20:14:00
P1769,Discharge,2026-09-22 20:52:00
P1770,Registration,2026-09-22 17:10:00
P1770,Triage,2026-09-22 17:29:00
P1770,X-Ray,2026-09-22 18:18:00
P1770,Doctor Consultation,2026-09-22 18:54:00
P1770,Discharge,2026-09-22 19:29:00
P1771,Registration,2026-09-22 17:19:00
P1771,Triage,2026-09-22 17:59:00
P1771,X-Ray,2026-09-22 18:43:00
P1771,Doctor Consultation,2026-09-22 19:23:00
P1771,Discharge,2026-09-22 20:07:00
P1772,Registration,2026-09-22 17:24:00
P1772,Triage,2026-09-22 17:43:00
P1772,X-Ray,2026-09-22 18:08:00
P1772,Doctor Consultation,2026-09-22 18:45:00
P1772,Discharge,2026-09-22 19:10:00
P1773,Registration,2026-09-22 17:27:00
P1773,Triage,2026-09-22 17:57:00
P1773,X-Ray,2026-09-22 18:25:00
P1773,Doctor Consultation,2026-09-22 18:51:00
P1773,Discharge,2026-09-22 19:07:00
P1774,Registration,2026-09-22 17:35:00
P1774,Triage,2026-09-22 17:48:00
P1774,X-Ray,2026-09-22 18:29:00
P1774,Triage,2026-09-22 19:27:00
P1774,X-Ray,2026-09-22 20:19:00
P1774,Doctor Consultation,2026-09-22 21:12:00
P1774,Discharge,2026-09-22 21:59:00
P1775,Registration,2026-09-22 17:45:00
P1775,Triage,2026-09-22 18:32:00
P1775,X-Ray,2026-09-22 19:22:00
P1775,Doctor Consultation,2026-09-22 20:02:00
P1775,Discharge,2026-09-22 20:37:00
P1776,Registration,2026-09-22 17:51:00
P1776,Triage,2026-09-22 18:08:00
P1776,X-Ray,2026-09-22 18:29:00
P1776,Triage,2026-09-22 18:57:00
P1776,X-Ray,2026-09-22 19:35:00
P1776,Doctor Consultation,2026-09-22 20:20:00
P1776,Discharge,2026-09-22 21:05:00
P1777,Registration,2026-09-22 17:53:00
P1777,Triage,2026-09-22 18:33:00
P1777,X-Ray,2026-09-22 18:56:00
P1777,Triage,2026-09-22 19:35:00
P1777,X-Ray,2026-09-22 19:59:00
P1777,Doctor Consultation,2026-09-22 20:46:00
P1777,Discharge,2026-09-22 21:34:00
P1778,Registration,2026-09-22 18:02:00
P1778,Triage,2026-09-22 18:51:00
P1778,X-Ray,2026-09-22 19:26:00
P1778,Triage,2026-09-22 20:02:00
P1778,X-Ray,2026-09-22 20:52:00
P1778,Doctor Consultation,2026-09-22 21:18:00
P1778,Discharge,2026-09-22 21:54:00
P1779,Registration,2026-09-22 18:08:00
P1779,Triage,2026-09-22 18:30:00
P1779,X-Ray,2026-09-22 19:02:00
P1779,Doctor Consultation,2026-09-22 19:39:00
P1779,Discharge,2026-09-22 20:16:00
P1780,Registration,2026-09-22 18:17:00
P1780,Triage,2026-09-22 18:38:00
P1780,X-Ray,2026-09-22 18:58:00
P1780,Doctor Consultation,2026-09-22 19:34:00
P1780,Discharge,2026-09-22 20:07:00
P1781,Registration,2026-09-22 18:22:00
P1781,Triage,2026-09-22 18:57:00
P1781,X-Ray,2026-09-22 19:39:00
P1781,Triage,2026-09-22 20:33:00
P1781,X-Ray,2026-09-22 21:02:00
P1781,Doctor Consultation,2026-09-22 21:29:00
P1781,Discharge,2026-09-22 22:06:00
P1782,Registration,2026-09-22 18:32:00
P1782,Triage,2026-09-22 18:57:00
P1782,X-Ray,2026-09-22 19:42:00
P1782,Doctor Consultation,2026-09-22 20:19:00
P1782,Discharge,2026-09-22 20:56:00
P1783,Registration,2026-09-22 18:35:00
P1783,Triage,2026-09-22 19:10:00
P1783,X-Ray,2026-09-22 19:38:00
P1783,Doctor Consultation,2026-09-22 20:12:00
P1783,Discharge,2026-09-22 21:14:00
P1784,Registration,2026-09-22 18:38:00
P1784,Triage,2026-09-22 19:07:00
P1784,X-Ray,2026-09-22 19:53:00
P1784,Doctor Consultation,2026-09-22 20:29:00
P1784,Discharge,2026-09-22 21:16:00
P1785,Registration,2026-09-22 18:41:00
P1785,Triage,2026-09-22 19:15:00
P1785,X-Ray,2026-09-22 20:04:00
P1785,Doctor Consultation,2026-09-22 21:02:00
P1785,Discharge,2026-09-22 21:38:00
P1786,Registration,2026-09-22 18:46:00
P1786,Triage,2026-09-22 19:31:00
P1786,X-Ray,2026-09-22 20:26:00
P1786,Doctor Consultation,2026-09-22 21:09:00
P1786,Discharge,2026-09-22 21:53:00
P1787,Registration,2026-09-22 18:48:00
P1787,Triage,2026-09-22 18:57:00
P1787,X-Ray,2026-09-22 19:11:00
P1787,Doctor Consultation,2026-09-22 20:12:00
P1787,Discharge,2026-09-22 21:07:00
P1788,Registration,2026-09-22 18:50:00
P1788,Triage,2026-09-22 19:19:00
P1788,X-Ray,2026-09-22 19:37:00
P1788,Doctor Consultation,2026-09-22 20:27:00
P1788,Discharge,2026-09-22 21:28:00
P1789,Registration,2026-09-22 18:56:00
P1789,Triage,2026-09-22 19:29:00
P1789,X-Ray,2026-09-22 20:15:00
P1789,Triage,2026-09-22 20:57:00
P1789,X-Ray,2026-09-22 21:55:00
P1789,Doctor Consultation,2026-09-22 22:54:00
P1789,Discharge,2026-09-22 23:48:00
P1790,Registration,2026-09-22 19:06:00
P1790,Triage,2026-09-22 19:46:00
P1790,X-Ray,2026-09-22 20:41:00
P1790,Doctor Consultation,2026-09-22 21:27:00
P1790,Discharge,2026-09-22 22:19:00
P1791,Registration,2026-09-22 19:08:00
P1791,Triage,2026-09-22 19:43:00
P1791,X-Ray,2026-09-22 20:31:00
P1791,Triage,2026-09-22 21:32:00
P1791,X-Ray,2026-09-22 22:32:00
P1791,Doctor Consultation,2026-09-22 22:56:00
P1791,Discharge,2026-09-22 23:53:00
P1792,Registration,2026-09-22 19:17:00
P1792,Triage,2026-09-22 19:27:00
P1792,X-Ray,2026-09-22 20:19:00
P1792,Doctor Consultation,2026-09-22 21:01:00
P1792,Discharge,2026-09-22 21:45:00
P1793,Registration,2026-09-22 19:23:00
P1793,Triage,2026-09-22 19:58:00
P1793,X-Ray,2026-09-22 20:25:00
P1793,Doctor Consultation,2026-09-22 21:13:00
P1793,Discharge,2026-09-22 21:36:00
P1794,Registration,2026-09-22 19:28:00
P1794,Triage,2026-09-22 20:09:00
P1794,X-Ray,2026-09-22 20:48:00
P1794,Doctor Consultation,2026-09-22 21:43:00
P1794,Discharge,2026-09-22 22:06:00
P1795,Registration,2026-09-22 19:37:00
P1795,Triage,2026-09-22 20:01:00
P1795,X-Ray,2026-09-22 20:52:00
P1795,Doctor Consultation,2026-09-22 21:08:00
P1795,Discharge,2026-09-22 21:34:00
P1796,Registration,2026-09-22 19:46:00
P1796,Triage,2026-09-22 20:15:00
P1796,X-Ray,2026-09-22 21:02:00
P1796,Doctor Consultation,2026-09-22 21:50:00
P1796,Discharge,2026-09-22 22:25:00
P1797,Registration,2026-09-22 19:49:00
P1797,Triage,2026-09-22 20:30:00
P1797,X-Ray,2026-09-22 20:49:00
P1797,Doctor Consultation,2026-09-22 21:11:00
P1797,Discharge,2026-09-22 21:48:00
P1798,Registration,2026-09-22 19:57:00
P1798,Triage,2026-09-22 20:11:00
P1798,X-Ray,2026-09-22 20:45:00
P1798,Triage,2026-09-22 21:14:00
P1798,X-Ray,2026-09-22 21:39:00
P1798,Doctor Consultation,2026-09-22 22:10:00
P1798,Discharge,2026-09-22 22:59:00
P1799,Registration,2026-09-22 20:04:00
P1799,Triage,2026-09-22 20:39:00
P1799,X-Ray,2026-09-22 21:25:00
P1799,Triage,2026-09-22 22:13:00
P1799,X-Ray,2026-09-22 23:02:00
P1799,Doctor Consultation,2026-09-22 23:50:00
P1799,Discharge,2026-09-23 00:10:00
P1800,Registration,2026-09-22 20:11:00
P1800,Triage,2026-09-22 20:38:00
P1800,X-Ray,2026-09-22 21:20:00
P1800,Triage,2026-09-22 22:03:00
P1800,X-Ray,2026-09-22 22:35:00
P1800,Doctor Consultation,2026-09-22 23:29:00
P1800,Discharge,2026-09-23 00:14:00
P1801,Registration,2026-09-22 20:15:00
P1801,Triage,2026-09-22 20:35:00
P1801,X-Ray,2026-09-22 21:22:00
P1801,Doctor Consultation,2026-09-22 22:11:00
P1801,Discharge,2026-09-22 22:46:00
P1802,Registration,2026-09-22 20:20:00
P1802,Triage,2026-09-22 20:27:00
P1802,X-Ray,2026-09-22 21:08:00
P1802,Doctor Consultation,2026-09-22 21:51:00
P1802,Discharge,2026-09-22 22:24:00
P1803,Registration,2026-09-22 20:26:00
P1803,Triage,2026-09-22 20:39:00
P1803,X-Ray,2026-09-22 21:20:00
P1803,Doctor Consultation,2026-09-22 22:05:00
P1803,Discharge,2026-09-22 23:04:00
P1804,Registration,2026-09-22 20:30:00
P1804,Triage,2026-09-22 20:43:00
P1804,X-Ray,2026-09-22 21:17:00
P1804,Doctor Consultation,2026-09-22 22:00:00
P1804,Discharge,2026-09-22 22:24:00
P1805,Registration,2026-09-22 20:39:00
P1805,Triage,2026-09-22 20:50:00
P1805,X-Ray,2026-09-22 21:36:00
P1805,Doctor Consultation,2026-09-22 22:26:00
P1805,Discharge,2026-09-22 23:19:00
P1806,Registration,2026-09-22 20:46:00
P1806,Triage,2026-09-22 21:06:00
P1806,X-Ray,2026-09-22 21:29:00
P1806,Doctor Consultation,2026-09-22 22:06:00
P1806,Discharge,2026-09-22 22:33:00
P1807,Registration,2026-09-22 20:49:00
P1807,Triage,2026-09-22 21:35:00
P1807,X-Ray,2026-09-22 22:12:00
P1807,Triage,2026-09-22 22:50:00
P1807,X-Ray,2026-09-22 23:39:00
P1807,Doctor Consultation,2026-09-23 00:23:00
P1807,Discharge,2026-09-23 01:07:00
P1808,Registration,2026-09-22 20:56:00
P1808,Triage,2026-09-22 21:15:00
P1808,X-Ray,2026-09-22 22:10:00
P1808,Doctor Consultation,2026-09-22 22:33:00
P1808,Discharge,2026-09-22 23:23:00
P1809,Registration,2026-09-22 20:58:00
P1809,Triage,2026-09-22 21:34:00
P1809,X-Ray,2026-09-22 22:14:00
P1809,Triage,2026-09-22 23:03:00
P1809,X-Ray,2026-09-22 23:30:00
P1809,Doctor Consultation,2026-09-23 00:11:00
P1809,Discharge,2026-09-23 01:03:00
P1810,Registration,2026-09-22 21:08:00
P1810,Triage,2026-09-22 21:53:00
P1810,X-Ray,2026-09-22 22:21:00
P1810,Doctor Consultation,2026-09-22 23:12:00
P1810,Discharge,2026-09-23 00:16:00
P1811,Registration,2026-09-22 21:16:00
P1811,Triage,2026-09-22 22:03:00
P1811,X-Ray,2026-09-22 22:23:00
P1811,Doctor Consultation,2026-09-22 22:58:00
P1811,Discharge,2026-09-22 23:50:00
P1812,Registration,2026-09-22 21:26:00
P1812,Triage,2026-09-22 21:55:00
P1812,X-Ray,2026-09-22 22:17:00
P1812,Doctor Consultation,2026-09-22 22:56:00
P1812,Discharge,2026-09-22 23:33:00
P1813,Registration,2026-09-22 21:29:00
P1813,Triage,2026-09-22 21:38:00
P1813,X-Ray,2026-09-22 22:25:00
P1813,Doctor Consultation,2026-09-22 23:23:00
P1813,Discharge,2026-09-22 23:47:00
P1814,Registration,2026-09-22 21:35:00
P1814,Triage,2026-09-22 21:54:00
P1814,X-Ray,2026-09-22 22:21:00
P1814,Doctor Consultation,2026-09-22 23:17:00
P1814,Discharge,2026-09-23 00:06:00
P1815,Registration,2026-09-22 21:40:00
P1815,Triage,2026-09-22 22:12:00
P1815,X-Ray,2026-09-22 22:44:00
P1815,Doctor Consultation,2026-09-22 23:15:00
P1815,Discharge,2026-09-23 00:00:00
P1816,Registration,2026-09-22 21:49:00
P1816,Triage,2026-09-22 22:04:00
P1816,X-Ray,2026-09-22 22:17:00
P1816,Triage,2026-09-22 22:41:00
P1816,X-Ray,2026-09-22 23:07:00
P1816,Doctor Consultation,2026-09-22 23:39:00
P1816,Discharge,2026-09-23 00:08:00
P1817,Registration,2026-09-22 21:59:00
P1817,Triage,2026-09-22 22:29:00
P1817,X-Ray,2026-09-22 22:53:00
P1817,Triage,2026-09-22 23:24:00
P1817,X-Ray,2026-09-22 23:45:00
P1817,Doctor Consultation,2026-09-23 00:08:00
P1817,Discharge,2026-09-23 00:46:00
P1818,Registration,2026-09-22 22:08:00
P1818,Triage,2026-09-22 22:34:00
P1818,X-Ray,2026-09-22 22:46:00
P1818,Triage,2026-09-22 23:32:00
P1818,X-Ray,2026-09-23 00:08:00
P1818,Doctor Consultation,2026-09-23 01:00:00
P1818,Discharge,2026-09-23 01:31:00
P1819,Registration,2026-09-22 22:15:00
P1819,Triage,2026-09-22 22:58:00
P1819,X-Ray,2026-09-22 23:22:00
P1819,Doctor Consultation,2026-09-23 00:16:00
P1819,Discharge,2026-09-23 01:25:00
P1820,Registration,2026-09-22 22:18:00
P1820,Triage,2026-09-22 22:35:00
P1820,X-Ray,2026-09-22 23:23:00
P1820,Doctor Consultation,2026-09-22 23:46:00
P1820,Discharge,2026-09-23 00:25:00
P1821,Registration,2026-09-22 22:24:00
P1821,Triage,2026-09-22 22:47:00
P1821,X-Ray,2026-09-22 23:10:00
P1821,Doctor Consultation,2026-09-22 23:35:00
P1821,Discharge,2026-09-23 00:24:00
P1822,Registration,2026-09-22 22:28:00
P1822,Triage,2026-09-22 22:50:00
P1822,X-Ray,2026-09-22 23:28:00
P1822,Triage,2026-09-22 23:50:00
P1822,X-Ray,2026-09-23 00:47:00
P1822,Doctor Consultation,2026-09-23 01:04:00
P1822,Discharge,2026-09-23 01:44:00
P1823,Registration,2026-09-22 22:38:00
P1823,Triage,2026-09-22 23:01:00
P1823,X-Ray,2026-09-22 23:41:00
P1823,Doctor Consultation,2026-09-23 00:05:00
P1823,Discharge,2026-09-23 01:00:00
P1824,Registration,2026-09-22 22:40:00
P1824,Triage,2026-09-22 22:50:00
P1824,X-Ray,2026-09-22 23:38:00
P1824,Doctor Consultation,2026-09-23 00:13:00
P1824,Discharge,2026-09-23 01:06:00
P1825,Registration,2026-09-22 22:43:00
P1825,Triage,2026-09-22 23:17:00
P1825,X-Ray,2026-09-23 00:12:00
P1825,Doctor Consultation,2026-09-23 00:27:00
P1825,Discharge,2026-09-23 01:21:00
P1826,Registration,2026-09-22 22:50:00
P1826,Triage,2026-09-22 23:28:00
P1826,X-Ray,2026-09-22 23:49:00
P1826,Triage,2026-09-23 00:45:00
P1826,X-Ray,2026-09-23 00:56:00
P1826,Doctor Consultation,2026-09-23 01:31:00
P1826,Discharge,2026-09-23 02:05:00
P1827,Registration,2026-09-22 22:52:00
P1827,Triage,2026-09-22 23:10:00
P1827,X-Ray,2026-09-22 23:27:00
P1827,Doctor Consultation,2026-09-23 00:19:00
P1827,Discharge,2026-09-23 01:22:00
P1828,Registration,2026-09-22 23:02:00
P1828,Triage,2026-09-22 23:33:00
P1828,X-Ray,2026-09-22 23:59:00
P1828,Doctor Consultation,2026-09-23 00:23:00
P1828,Discharge,2026-09-23 00:54:00
P1829,Registration,2026-09-22 23:08:00
P1829,Triage,2026-09-22 23:46:00
P1829,X-Ray,2026-09-23 00:33:00
P1829,Doctor Consultation,2026-09-23 01:25:00
P1829,Discharge,2026-09-23 02:12:00
P1830,Registration,2026-09-22 23:17:00
P1830,Triage,2026-09-22 23:51:00
P1830,X-Ray,2026-09-23 00:10:00
P1830,Triage,2026-09-23 00:47:00
P1830,X-Ray,2026-09-23 01:09:00
P1830,Doctor Consultation,2026-09-23 01:49:00
P1830,Discharge,2026-09-23 02:13:00
P1831,Registration,2026-09-22 23:19:00
P1831,Triage,2026-09-22 23:40:00
P1831,X-Ray,2026-09-23 00:16:00
P1831,Triage,2026-09-23 00:41:00
P1831,X-Ray,2026-09-23 01:02:00
P1831,Doctor Consultation,2026-09-23 01:43:00
P1831,Discharge,2026-09-23 02:35:00
P1832,Registration,2026-09-22 23:23:00
P1832,Triage,2026-09-22 23:43:00
P1832,X-Ray,2026-09-23 00:14:00
P1832,Doctor Consultation,2026-09-23 01:15:00
P1832,Discharge,2026-09-23 02:01:00
P1833,Registration,2026-09-22 23:28:00
P1833,Triage,2026-09-23 00:04:00
P1833,X-Ray,2026-09-23 00:44:00
P1833,Doctor Consultation,2026-09-23 01:27:00
P1833,Discharge,2026-09-23 01:50:00
P1834,Registration,2026-09-22 23:35:00
P1834,Triage,2026-09-23 00:21:00
P1834,X-Ray,2026-09-23 01:01:00
P1834,Doctor Consultation,2026-09-23 01:41:00
P1834,Discharge,2026-09-23 02:05:00
P1835,Registration,2026-09-22 23:38:00
P1835,Triage,2026-09-23 00:05:00
P1835,X-Ray,2026-09-23 01:00:00
P1835,Doctor Consultation,2026-09-23 01:26:00
P1835,Discharge,2026-09-23 02:28:00
P1836,Registration,2026-09-22 23:44:00
P1836,Triage,2026-09-23 00:10:00
P1836,X-Ray,2026-09-23 01:02:00
P1836,Doctor Consultation,2026-09-23 01:55:00
P1836,Discharge,2026-09-23 02:31:00
P1837,Registration,2026-09-22 23:53:00
P1837,Triage,2026-09-23 00:00:00
P1837,X-Ray,2026-09-23 00:51:00
P1837,Doctor Consultation,2026-09-23 01:29:00
P1837,Discharge,2026-09-23 02:14:00
P1838,Registration,2026-09-23 00:03:00
P1838,Triage,2026-09-23 00:48:00
P1838,X-Ray,2026-09-23 01:35:00
P1838,Doctor Consultation,2026-09-23 02:27:00
P1838,Discharge,2026-09-23 03:14:00
P1839,Registration,2026-09-23 00:07:00
P1839,Triage,2026-09-23 00:18:00
P1839,X-Ray,2026-09-23 00:53:00
P1839,Triage,2026-09-23 01:50:00
P1839,X-Ray,2026-09-23 02:28:00
P1839,Doctor Consultation,2026-09-23 03:32:00
P1839,Discharge,2026-09-23 04:03:00
P1840,Registration,2026-09-23 00:12:00
P1840,Triage,2026-09-23 00:53:00
P1840,X-Ray,2026-09-23 01:26:00
P1840,Triage,2026-09-23 01:50:00
P1840,X-Ray,2026-09-23 02:18:00
P1840,Doctor Consultation,2026-09-23 02:48:00
P1840,Discharge,2026-09-23 03:36:00
P1841,Registration,2026-09-23 00:20:00
P1841,Triage,2026-09-23 00:37:00
P1841,X-Ray,2026-09-23 00:58:00
P1841,Triage,2026-09-23 01:47:00
P1841,X-Ray,2026-09-23 02:16:00
P1841,Doctor Consultation,2026-09-23 02:53:00
P1841,Discharge,2026-09-23 03:18:00
P1842,Registration,2026-09-23 00:25:00
P1842,Triage,2026-09-23 00:33:00
P1842,X-Ray,2026-09-23 01:24:00
P1842,Triage,2026-09-23 02:00:00
P1842,X-Ray,2026-09-23 02:39:00
P1842,Doctor Consultation,2026-09-23 03:16:00
P1842,Discharge,2026-09-23 04:13:00
P1843,Registration,2026-09-23 00:27:00
P1843,Triage,2026-09-23 00:41:00
P1843,X-Ray,2026-09-23 01:02:00
P1843,Doctor Consultation,2026-09-23 01:23:00
P1843,Discharge,2026-09-23 02:15:00
P1844,Registration,2026-09-23 00:35:00
P1844,Triage,2026-09-23 00:58:00
P1844,X-Ray,2026-09-23 01:41:00
P1844,Doctor Consultation,2026-09-23 02:28:00
P1844,Discharge,2026-09-23 03:36:00
P1845,Registration,2026-09-23 00:43:00
P1845,Triage,2026-09-23 01:11:00
P1845,X-Ray,2026-09-23 01:34:00
P1845,Triage,2026-09-23 02:24:00
P1845,X-Ray,2026-09-23 02:57:00
P1845,Doctor Consultation,2026-09-23 03:33:00
P1845,Discharge,2026-09-23 03:52:00
P1846,Registration,2026-09-23 00:53:00
P1846,Triage,2026-09-23 01:16:00
P1846,X-Ray,2026-09-23 01:39:00
P1846,Triage,2026-09-23 02:10:00
P1846,X-Ray,2026-09-23 02:32:00
P1846,Doctor Consultation,2026-09-23 03:21:00
P1846,Discharge,2026-09-23 03:58:00
P1847,Registration,2026-09-23 01:03:00
P1847,Triage,2026-09-23 01:33:00
P1847,X-Ray,2026-09-23 02:00:00
P1847,Doctor Consultation,2026-09-23 02:43:00
P1847,Discharge,2026-09-23 03:03:00
P1848,Registration,2026-09-23 01:09:00
P1848,Triage,2026-09-23 01:20:00
P1848,X-Ray,2026-09-23 01:48:00
P1848,Doctor Consultation,2026-09-23 02:23:00
P1848,Discharge,2026-09-23 03:12:00
P1849,Registration,2026-09-23 01:11:00
P1849,Triage,2026-09-23 01:57:00
P1849,X-Ray,2026-09-23 02:54:00
P1849,Doctor Consultation,2026-09-23 03:31:00
P1849,Discharge,2026-09-23 04:19:00
P1850,Registration,2026-09-23 01:20:00
P1850,Triage,2026-09-23 01:33:00
P1850,X-Ray,2026-09-23 02:18:00
P1850,Triage,2026-09-23 02:52:00
P1850,X-Ray,2026-09-23 03:13:00
P1850,Doctor Consultation,2026-09-23 04:04:00
P1850,Discharge,2026-09-23 04:53:00
P1851,Registration,2026-09-23 01:24:00
P1851,Triage,2026-09-23 02:12:00
P1851,X-Ray,2026-09-23 02:26:00
P1851,Doctor Consultation,2026-09-23 03:08:00
P1851,Discharge,2026-09-23 03:29:00
P1852,Registration,2026-09-23 01:34:00
P1852,Triage,2026-09-23 02:00:00
P1852,X-Ray,2026-09-23 02:23:00
P1852,Doctor Consultation,2026-09-23 02:59:00
P1852,Discharge,2026-09-23 04:05:00
P1853,Registration,2026-09-23 01:42:00
P1853,Triage,2026-09-23 02:12:00
P1853,X-Ray,2026-09-23 02:30:00
P1853,Triage,2026-09-23 03:03:00
P1853,X-Ray,2026-09-23 03:24:00
P1853,Doctor Consultation,2026-09-23 03:54:00
P1853,Discharge,2026-09-23 04:48:00
P1854,Registration,2026-09-23 01:45:00
P1854,Triage,2026-09-23 01:59:00
P1854,X-Ray,2026-09-23 02:30:00
P1854,Doctor Consultation,2026-09-23 03:15:00
P1854,Discharge,2026-09-23 04:17:00
P1855,Registration,2026-09-23 01:51:00
P1855,Triage,2026-09-23 02:08:00
P1855,X-Ray,2026-09-23 02:21:00
P1855,Doctor Consultation,2026-09-23 03:21:00
P1855,Discharge,2026-09-23 03:55:00
P1856,Registration,2026-09-23 01:57:00
P1856,Triage,2026-09-23 02:07:00
P1856,X-Ray,2026-09-23 02:26:00
P1856,Doctor Consultation,2026-09-23 03:04:00
P1856,Discharge,2026-09-23 03:52:00
P1857,Registration,2026-09-23 01:59:00
P1857,Triage,2026-09-23 02:19:00
P1857,X-Ray,2026-09-23 03:07:00
P1857,Triage,2026-09-23 03:59:00
P1857,X-Ray,2026-09-23 04:32:00
P1857,Doctor Consultation,2026-09-23 04:56:00
P1857,Discharge,2026-09-23 05:27:00
P1858,Registration,2026-09-23 02:01:00
P1858,Triage,2026-09-23 02:38:00
P1858,X-Ray,2026-09-23 03:07:00
P1858,Doctor Consultation,2026-09-23 03:45:00
P1858,Discharge,2026-09-23 04:14:00
P1859,Registration,2026-09-23 02:05:00
P1859,Triage,2026-09-23 02:41:00
P1859,X-Ray,2026-09-23 03:34:00
P1859,Doctor Consultation,2026-09-23 04:17:00
P1859,Discharge,2026-09-23 04:38:00
P1860,Registration,2026-09-23 02:12:00
P1860,Triage,2026-09-23 02:52:00
P1860,X-Ray,2026-09-23 03:25:00
P1860,Triage,2026-09-23 04:15:00
P1860,X-Ray,2026-09-23 04:43:00
P1860,Doctor Consultation,2026-09-23 05:23:00
P1860,Discharge,2026-09-23 05:56:00
P1861,Registration,2026-09-23 02:20:00
P1861,Triage,2026-09-23 02:48:00
P1861,X-Ray,2026-09-23 03:07:00
P1861,Doctor Consultation,2026-09-23 03:40:00
P1861,Discharge,2026-09-23 04:35:00
P1862,Registration,2026-09-23 02:30:00
P1862,Triage,2026-09-23 03:04:00
P1862,X-Ray,2026-09-23 03:44:00
P1862,Doctor Consultation,2026-09-23 04:09:00
P1862,Discharge,2026-09-23 04:36:00
P1863,Registration,2026-09-23 02:38:00
P1863,Triage,2026-09-23 03:20:00
P1863,X-Ray,2026-09-23 04:13:00
P1863,Doctor Consultation,2026-09-23 05:02:00
P1863,Discharge,2026-09-23 05:36:00
P1864,Registration,2026-09-23 02:40:00
P1864,Triage,2026-09-23 02:49:00
P1864,X-Ray,2026-09-23 03:25:00
P1864,Doctor Consultation,2026-09-23 04:13:00
P1864,Discharge,2026-09-23 05:09:00
P1865,Registration,2026-09-23 02:46:00
P1865,Triage,2026-09-23 03:09:00
P1865,X-Ray,2026-09-23 03:41:00
P1865,Doctor Consultation,2026-09-23 04:18:00
P1865,Discharge,2026-09-23 04:53:00
P1866,Registration,2026-09-23 02:54:00
P1866,Triage,2026-09-23 03:10:00
P1866,X-Ray,2026-09-23 03:42:00
P1866,Doctor Consultation,2026-09-23 04:34:00
P1866,Discharge,2026-09-23 05:35:00
P1867,Registration,2026-09-23 02:58:00
P1867,Triage,2026-09-23 03:07:00
P1867,X-Ray,2026-09-23 03:40:00
P1867,Doctor Consultation,2026-09-23 04:04:00
P1867,Discharge,2026-09-23 04:28:00
P1868,Registration,2026-09-23 03:03:00
P1868,Triage,2026-09-23 03:43:00
P1868,X-Ray,2026-09-23 04:24:00
P1868,Doctor Consultation,2026-09-23 04:42:00
P1868,Discharge,2026-09-23 05:24:00
P1869,Registration,2026-09-23 03:08:00
P1869,Triage,2026-09-23 03:49:00
P1869,X-Ray,2026-09-23 04:18:00
P1869,Triage,2026-09-23 05:07:00
P1869,X-Ray,2026-09-23 05:42:00
P1869,Doctor Consultation,2026-09-23 06:32:00
P1869,Discharge,2026-09-23 07:12:00
P1870,Registration,2026-09-23 03:14:00
P1870,Triage,2026-09-23 03:43:00
P1870,X-Ray,2026-09-23 04:00:00
P1870,Doctor Consultation,2026-09-23 04:26:00
P1870,Discharge,2026-09-23 04:53:00
P1871,Registration,2026-09-23 03:20:00
P1871,Triage,2026-09-23 03:34:00
P1871,X-Ray,2026-09-23 04:01:00
P1871,Triage,2026-09-23 04:23:00
P1871,X-Ray,2026-09-23 04:42:00
P1871,Doctor Consultation,2026-09-23 05:40:00
P1871,Discharge,2026-09-23 06:08:00
P1872,Registration,2026-09-23 03:29:00
P1872,Triage,2026-09-23 03:42:00
P1872,X-Ray,2026-09-23 04:04:00
P1872,Triage,2026-09-23 04:24:00
P1872,X-Ray,2026-09-23 04:43:00
P1872,Doctor Consultation,2026-09-23 05:35:00
P1872,Discharge,2026-09-23 05:56:00
P1873,Registration,2026-09-23 03:35:00
P1873,Triage,2026-09-23 03:55:00
P1873,X-Ray,2026-09-23 04:39:00
P1873,Triage,2026-09-23 05:10:00
P1873,X-Ray,2026-09-23 05:52:00
P1873,Doctor Consultation,2026-09-23 06:45:00
P1873,Discharge,2026-09-23 07:49:00
P1874,Registration,2026-09-23 03:37:00
P1874,Triage,2026-09-23 04:24:00
P1874,X-Ray,2026-09-23 04:49:00
P1874,Doctor Consultation,2026-09-23 05:48:00
P1874,Discharge,2026-09-23 06:36:00
P1875,Registration,2026-09-23 03:40:00
P1875,Triage,2026-09-23 04:29:00
P1875,X-Ray,2026-09-23 05:19:00
P1875,Doctor Consultation,2026-09-23 06:02:00
P1875,Discharge,2026-09-23 06:57:00
P1876,Registration,2026-09-23 03:43:00
P1876,Triage,2026-09-23 04:14:00
P1876,X-Ray,2026-09-23 04:48:00
P1876,Triage,2026-09-23 05:21:00
P1876,X-Ray,2026-09-23 05:33:00
P1876,Doctor Consultation,2026-09-23 06:05:00
P1876,Discharge,2026-09-23 07:07:00
P1877,Registration,2026-09-23 03:52:00
P1877,Triage,2026-09-23 04:40:00
P1877,X-Ray,2026-09-23 05:04:00
P1877,Triage,2026-09-23 05:33:00
P1877,X-Ray,2026-09-23 05:55:00
P1877,Doctor Consultation,2026-09-23 06:17:00
P1877,Discharge,2026-09-23 07:14:00
P1878,Registration,2026-09-23 03:56:00
P1878,Triage,2026-09-23 04:42:00
P1878,X-Ray,2026-09-23 05:41:00
P1878,Triage,2026-09-23 06:18:00
P1878,X-Ray,2026-09-23 07:06:00
P1878,Doctor Consultation,2026-09-23 07:56:00
P1878,Discharge,2026-09-23 08:48:00
P1879,Registration,2026-09-23 04:01:00
P1879,Triage,2026-09-23 04:46:00
P1879,X-Ray,2026-09-23 04:57:00
P1879,Triage,2026-09-23 05:32:00
P1879,X-Ray,2026-09-23 05:50:00
P1879,Doctor Consultation,2026-09-23 06:50:00
P1879,Discharge,2026-09-23 07:38:00
P1880,Registration,2026-09-23 04:11:00
P1880,Triage,2026-09-23 04:35:00
P1880,X-Ray,2026-09-23 05:13:00
P1880,Triage,2026-09-23 05:39:00
P1880,X-Ray,2026-09-23 06:17:00
P1880,Doctor Consultation,2026-09-23 06:44:00
P1880,Discharge,2026-09-23 07:27:00
P1881,Registration,2026-09-23 04:19:00
P1881,Triage,2026-09-23 05:04:00
P1881,X-Ray,2026-09-23 05:48:00
P1881,Doctor Consultation,2026-09-23 06:32:00
P1881,Discharge,2026-09-23 07:03:00
P1882,Registration,2026-09-23 04:28:00
P1882,Triage,2026-09-23 04:41:00
P1882,X-Ray,2026-09-23 05:36:00
P1882,Doctor Consultation,2026-09-23 06:07:00
P1882,Discharge,2026-09-23 06:42:00
P1883,Registration,2026-09-23 04:35:00
P1883,Triage,2026-09-23 05:08:00
P1883,X-Ray,2026-09-23 05:31:00
P1883,Triage,2026-09-23 05:56:00
P1883,X-Ray,2026-09-23 06:36:00
P1883,Doctor Consultation,2026-09-23 07:04:00
P1883,Discharge,2026-09-23 07:48:00
P1884,Registration,2026-09-23 04:45:00
P1884,Triage,2026-09-23 05:11:00
P1884,X-Ray,2026-09-23 05:31:00
P1884,Doctor Consultation,2026-09-23 06:29:00
P1884,Discharge,2026-09-23 07:27:00
P1885,Registration,2026-09-23 04:51:00
P1885,Triage,2026-09-23 05:32:00
P1885,X-Ray,2026-09-23 05:57:00
P1885,Doctor Consultation,2026-09-23 06:12:00
P1885,Discharge,2026-09-23 06:42:00
P1886,Registration,2026-09-23 04:54:00
P1886,Triage,2026-09-23 05:17:00
P1886,X-Ray,2026-09-23 05:36:00
P1886,Doctor Consultation,2026-09-23 06:15:00
P1886,Discharge,2026-09-23 06:56:00
P1887,Registration,2026-09-23 05:01:00
P1887,Triage,2026-09-23 05:29:00
P1887,X-Ray,2026-09-23 06:00:00
P1887,Doctor Consultation,2026-09-23 06:57:00
P1887,Discharge,2026-09-23 07:36:00
P1888,Registration,2026-09-23 05:11:00
P1888,Triage,2026-09-23 05:38:00
P1888,X-Ray,2026-09-23 05:55:00
P1888,Triage,2026-09-23 06:45:00
P1888,X-Ray,2026-09-23 07:17:00
P1888,Doctor Consultation,2026-09-23 08:05:00
P1888,Discharge,2026-09-23 08:40:00
P1889,Registration,2026-09-23 05:20:00
P1889,Triage,2026-09-23 05:49:00
P1889,X-Ray,2026-09-23 06:08:00
P1889,Triage,2026-09-23 06:35:00
P1889,X-Ray,2026-09-23 07:23:00
P1889,Doctor Consultation,2026-09-23 07:49:00
P1889,Discharge,2026-09-23 08:22:00
P1890,Registration,2026-09-23 05:29:00
P1890,Triage,2026-09-23 06:01:00
P1890,X-Ray,2026-09-23 06:24:00
P1890,Doctor Consultation,2026-09-23 07:25:00
P1890,Discharge,2026-09-23 08:19:00
P1891,Registration,2026-09-23 05:33:00
P1891,Triage,2026-09-23 05:44:00
P1891,X-Ray,2026-09-23 06:14:00
P1891,Triage,2026-09-23 07:00:00
P1891,X-Ray,2026-09-23 07:32:00
P1891,Doctor Consultation,2026-09-23 08:22:00
P1891,Discharge,2026-09-23 09:00:00
P1892,Registration,2026-09-23 05:40:00
P1892,Triage,2026-09-23 05:48:00
P1892,X-Ray,2026-09-23 06:18:00
P1892,Triage,2026-09-23 07:05:00
P1892,X-Ray,2026-09-23 07:29:00
P1892,Doctor Consultation,2026-09-23 08:13:00
P1892,Discharge,2026-09-23 09:06:00
P1893,Registration,2026-09-23 05:49:00
P1893,Triage,2026-09-23 06:09:00
P1893,X-Ray,2026-09-23 06:51:00
P1893,Doctor Consultation,2026-09-23 07:30:00
P1893,Discharge,2026-09-23 08:25:00
P1894,Registration,2026-09-23 05:53:00
P1894,Triage,2026-09-23 06:06:00
P1894,X-Ray,2026-09-23 06:52:00
P1894,Doctor Consultation,2026-09-23 07:41:00
P1894,Discharge,2026-09-23 08:25:00
P1895,Registration,2026-09-23 05:57:00
P1895,Triage,2026-09-23 06:22:00
P1895,X-Ray,2026-09-23 07:11:00
P1895,Doctor Consultation,2026-09-23 07:41:00
P1895,Discharge,2026-09-23 08:21:00
P1896,Registration,2026-09-23 05:59:00
P1896,Triage,2026-09-23 06:25:00
P1896,X-Ray,2026-09-23 06:37:00
P1896,Doctor Consultation,2026-09-23 07:23:00
P1896,Discharge,2026-09-23 07:53:00
P1897,Registration,2026-09-23 06:02:00
P1897,Triage,2026-09-23 06:31:00
P1897,X-Ray,2026-09-23 07:19:00
P1897,Doctor Consultation,2026-09-23 08:10:00
P1897,Discharge,2026-09-23 08:46:00
P1898,Registration,2026-09-23 06:06:00
P1898,Triage,2026-09-23 06:48:00
P1898,X-Ray,2026-09-23 07:43:00
P1898,Triage,2026-09-23 08:24:00
P1898,X-Ray,2026-09-23 08:45:00
P1898,Doctor Consultation,2026-09-23 09:37:00
P1898,Discharge,2026-09-23 10:41:00
P1899,Registration,2026-09-23 06:10:00
P1899,Triage,2026-09-23 06:42:00
P1899,X-Ray,2026-09-23 07:11:00
P1899,Triage,2026-09-23 07:48:00
P1899,X-Ray,2026-09-23 08:31:00
P1899,Doctor Consultation,2026-09-23 09:04:00
P1899,Discharge,2026-09-23 09:46:00
P1900,Registration,2026-09-23 06:13:00
P1900,Triage,2026-09-23 07:00:00
P1900,X-Ray,2026-09-23 07:44:00
P1900,Doctor Consultation,2026-09-23 08:03:00
P1900,Discharge,2026-09-23 08:40:00
P1901,Registration,2026-09-23 06:21:00
P1901,Triage,2026-09-23 07:03:00
P1901,X-Ray,2026-09-23 07:51:00
P1901,Doctor Consultation,2026-09-23 08:34:00
P1901,Discharge,2026-09-23 09:16:00
P1902,Registration,2026-09-23 06:29:00
P1902,Triage,2026-09-23 06:51:00
P1902,X-Ray,2026-09-23 07:25:00
P1902,Doctor Consultation,2026-09-23 07:53:00
P1902,Discharge,2026-09-23 08:36:00
P1903,Registration,2026-09-23 06:33:00
P1903,Triage,2026-09-23 06:52:00
P1903,X-Ray,2026-09-23 07:13:00
P1903,Doctor Consultation,2026-09-23 07:39:00
P1903,Discharge,2026-09-23 08:15:00
P1904,Registration,2026-09-23 06:36:00
P1904,Triage,2026-09-23 07:16:00
P1904,X-Ray,2026-09-23 08:10:00
P1904,Doctor Consultation,2026-09-23 08:57:00
P1904,Discharge,2026-09-23 09:42:00
P1905,Registration,2026-09-23 06:38:00
P1905,Triage,2026-09-23 07:25:00
P1905,X-Ray,2026-09-23 08:06:00
P1905,Doctor Consultation,2026-09-23 08:40:00
P1905,Discharge,2026-09-23 09:38:00
P1906,Registration,2026-09-23 06:48:00
P1906,Triage,2026-09-23 07:08:00
P1906,X-Ray,2026-09-23 07:46:00
P1906,Triage,2026-09-23 08:10:00
P1906,X-Ray,2026-09-23 09:00:00
P1906,Doctor Consultation,2026-09-23 09:28:00
P1906,Discharge,2026-09-23 09:54:00
P1907,Registration,2026-09-23 06:58:00
P1907,Triage,2026-09-23 07:18:00
P1907,X-Ray,2026-09-23 08:03:00
P1907,Triage,2026-09-23 08:53:00
P1907,X-Ray,2026-09-23 09:07:00
P1907,Doctor Consultation,2026-09-23 10:02:00
P1907,Discharge,2026-09-23 10:21:00
P1908,Registration,2026-09-23 07:07:00
P1908,Triage,2026-09-23 07:27:00
P1908,X-Ray,2026-09-23 08:03:00
P1908,Doctor Consultation,2026-09-23 08:49:00
P1908,Discharge,2026-09-23 09:26:00
P1909,Registration,2026-09-23 07:09:00
P1909,Triage,2026-09-23 07:30:00
P1909,X-Ray,2026-09-23 08:08:00
P1909,Triage,2026-09-23 08:41:00
P1909,X-Ray,2026-09-23 09:12:00
P1909,Doctor Consultation,2026-09-23 10:09:00
P1909,Discharge,2026-09-23 10:38:00
P1910,Registration,2026-09-23 07:13:00
P1910,Triage,2026-09-23 07:50:00
P1910,X-Ray,2026-09-23 08:38:00
P1910,Doctor Consultation,2026-09-23 09:27:00
P1910,Discharge,2026-09-23 10:25:00
P1911,Registration,2026-09-23 07:21:00
P1911,Triage,2026-09-23 07:46:00
P1911,X-Ray,2026-09-23 08:06:00
P1911,Doctor Consultation,2026-09-23 09:05:00
P1911,Discharge,2026-09-23 09:36:00
P1912,Registration,2026-09-23 07:26:00
P1912,Triage,2026-09-23 08:05:00
P1912,X-Ray,2026-09-23 08:51:00
P1912,Triage,2026-09-23 09:17:00
P1912,X-Ray,2026-09-23 09:43:00
P1912,Doctor Consultation,2026-09-23 10:18:00
P1912,Discharge,2026-09-23 10:47:00
P1913,Registration,2026-09-23 07:34:00
P1913,Triage,2026-09-23 08:10:00
P1913,X-Ray,2026-09-23 08:52:00
P1913,Triage,2026-09-23 09:38:00
P1913,X-Ray,2026-09-23 10:19:00
P1913,Doctor Consultation,2026-09-23 11:11:00
P1913,Discharge,2026-09-23 11:57:00
P1914,Registration,2026-09-23 07:43:00
P1914,Triage,2026-09-23 07:53:00
P1914,X-Ray,2026-09-23 08:10:00
P1914,Triage,2026-09-23 09:07:00
P1914,X-Ray,2026-09-23 09:42:00
P1914,Doctor Consultation,2026-09-23 10:23:00
P1914,Discharge,2026-09-23 11:16:00
P1915,Registration,2026-09-23 07:45:00
P1915,Triage,2026-09-23 07:58:00
P1915,X-Ray,2026-09-23 08:27:00
P1915,Triage,2026-09-23 08:53:00
P1915,X-Ray,2026-09-23 09:16:00
P1915,Doctor Consultation,2026-09-23 09:55:00
P1915,Discharge,2026-09-23 10:34:00
P1916,Registration,2026-09-23 07:51:00
P1916,Triage,2026-09-23 08:35:00
P1916,X-Ray,2026-09-23 08:59:00
P1916,Triage,2026-09-23 09:38:00
P1916,X-Ray,2026-09-23 10:06:00
P1916,Doctor Consultation,2026-09-23 10:35:00
P1916,Discharge,2026-09-23 11:00:00
P1917,Registration,2026-09-23 07:58:00
P1917,Triage,2026-09-23 08:29:00
P1917,X-Ray,2026-09-23 09:10:00
P1917,Triage,2026-09-23 09:33:00
P1917,X-Ray,2026-09-23 10:23:00
P1917,Doctor Consultation,2026-09-23 11:02:00
P1917,Discharge,2026-09-23 11:47:00
P1918,Registration,2026-09-23 08:03:00
P1918,Triage,2026-09-23 08:25:00
P1918,X-Ray,2026-09-23 08:56:00
P1918,Doctor Consultation,2026-09-23 09:26:00
P1918,Discharge,2026-09-23 10:04:00
P1919,Registration,2026-09-23 08:11:00
P1919,Triage,2026-09-23 08:29:00
P1919,X-Ray,2026-09-23 09:13:00
P1919,Doctor Consultation,2026-09-23 09:50:00
P1919,Discharge,2026-09-23 10:19:00
P1920,Registration,2026-09-23 08:17:00
P1920,Triage,2026-09-23 08:34:00
P1920,X-Ray,2026-09-23 08:56:00
P1920,Doctor Consultation,2026-09-23 09:39:00
P1920,Discharge,2026-09-23 10:26:00
P1921,Registration,2026-09-23 08:19:00
P1921,Triage,2026-09-23 08:58:00
P1921,X-Ray,2026-09-23 09:26:00
P1921,Triage,2026-09-23 10:12:00
P1921,X-Ray,2026-09-23 10:48:00
P1921,Doctor Consultation,2026-09-23 11:35:00
P1921,Discharge,2026-09-23 12:08:00
P1922,Registration,2026-09-23 08:21:00
P1922,Triage,2026-09-23 08:35:00
P1922,X-Ray,2026-09-23 09:07:00
P1922,Doctor Consultation,2026-09-23 09:50:00
P1922,Discharge,2026-09-23 10:45:00
P1923,Registration,2026-09-23 08:25:00
P1923,Triage,2026-09-23 08:46:00
P1923,X-Ray,2026-09-23 09:27:00
P1923,Doctor Consultation,2026-09-23 10:01:00
P1923,Discharge,2026-09-23 10:36:00
P1924,Registration,2026-09-23 08:31:00
P1924,Triage,2026-09-23 09:11:00
P1924,X-Ray,2026-09-23 09:56:00
P1924,Doctor Consultation,2026-09-23 10:39:00
P1924,Discharge,2026-09-23 11:06:00
P1925,Registration,2026-09-23 08:39:00
P1925,Triage,2026-09-23 08:48:00
P1925,X-Ray,2026-09-23 09:34:00
P1925,Triage,2026-09-23 10:08:00
P1925,X-Ray,2026-09-23 11:02:00
P1925,Doctor Consultation,2026-09-23 11:41:00
P1925,Discharge,2026-09-23 12:17:00
P1926,Registration,2026-09-23 08:44:00
P1926,Triage,2026-09-23 08:55:00
P1926,X-Ray,2026-09-23 09:24:00
P1926,Triage,2026-09-23 10:06:00
P1926,X-Ray,2026-09-23 10:36:00
P1926,Doctor Consultation,2026-09-23 11:09:00
P1926,Discharge,2026-09-23 11:38:00
P1927,Registration,2026-09-23 08:47:00
P1927,Triage,2026-09-23 09:27:00
P1927,X-Ray,2026-09-23 10:15:00
P1927,Triage,2026-09-23 11:08:00
P1927,X-Ray,2026-09-23 11:36:00
P1927,Doctor Consultation,2026-09-23 12:24:00
P1927,Discharge,2026-09-23 13:06:00
P1928,Registration,2026-09-23 08:51:00
P1928,Triage,2026-09-23 09:30:00
P1928,X-Ray,2026-09-23 10:03:00
P1928,Triage,2026-09-23 11:02:00
P1928,X-Ray,2026-09-23 11:42:00
P1928,Doctor Consultation,2026-09-23 12:12:00
P1928,Discharge,2026-09-23 12:32:00
P1929,Registration,2026-09-23 09:01:00
P1929,Triage,2026-09-23 09:35:00
P1929,X-Ray,2026-09-23 10:32:00
P1929,Doctor Consultation,2026-09-23 11:29:00
P1929,Discharge,2026-09-23 12:03:00
P1930,Registration,2026-09-23 09:05:00
P1930,Triage,2026-09-23 09:37:00
P1930,X-Ray,2026-09-23 10:10:00
P1930,Doctor Consultation,2026-09-23 10:37:00
P1930,Discharge,2026-09-23 11:18:00
P1931,Registration,2026-09-23 09:15:00
P1931,Triage,2026-09-23 09:42:00
P1931,X-Ray,2026-09-23 10:25:00
P1931,Doctor Consultation,2026-09-23 11:25:00
P1931,Discharge,2026-09-23 12:24:00
P1932,Registration,2026-09-23 09:25:00
P1932,Triage,2026-09-23 10:01:00
P1932,X-Ray,2026-09-23 10:26:00
P1932,Triage,2026-09-23 10:58:00
P1932,X-Ray,2026-09-23 11:40:00
P1932,Doctor Consultation,2026-09-23 12:24:00
P1932,Discharge,2026-09-23 13:02:00
P1933,Registration,2026-09-23 09:32:00
P1933,Triage,2026-09-23 10:20:00
P1933,X-Ray,2026-09-23 10:58:00
P1933,Triage,2026-09-23 11:51:00
P1933,X-Ray,2026-09-23 12:17:00
P1933,Doctor Consultation,2026-09-23 12:50:00
P1933,Discharge,2026-09-23 13:21:00
P1934,Registration,2026-09-23 09:34:00
P1934,Triage,2026-09-23 10:04:00
P1934,X-Ray,2026-09-23 11:04:00
P1934,Doctor Consultation,2026-09-23 11:35:00
P1934,Discharge,2026-09-23 12:27:00
P1935,Registration,2026-09-23 09:44:00
P1935,Triage,2026-09-23 10:04:00
P1935,X-Ray,2026-09-23 10:24:00
P1935,Doctor Consultation,2026-09-23 10:50:00
P1935,Discharge,2026-09-23 11:25:00
P1936,Registration,2026-09-23 09:47:00
P1936,Triage,2026-09-23 10:33:00
P1936,X-Ray,2026-09-23 10:43:00
P1936,Triage,2026-09-23 11:33:00
P1936,X-Ray,2026-09-23 11:59:00
P1936,Doctor Consultation,2026-09-23 12:23:00
P1936,Discharge,2026-09-23 13:08:00
P1937,Registration,2026-09-23 09:49:00
P1937,Triage,2026-09-23 10:01:00
P1937,X-Ray,2026-09-23 10:43:00
P1937,Triage,2026-09-23 11:16:00
P1937,X-Ray,2026-09-23 11:32:00
P1937,Doctor Consultation,2026-09-23 12:12:00
P1937,Discharge,2026-09-23 12:29:00
P1938,Registration,2026-09-23 09:52:00
P1938,Triage,2026-09-23 10:35:00
P1938,X-Ray,2026-09-23 11:03:00
P1938,Triage,2026-09-23 11:35:00
P1938,X-Ray,2026-09-23 12:32:00
P1938,Doctor Consultation,2026-09-23 12:57:00
P1938,Discharge,2026-09-23 13:36:00
P1939,Registration,2026-09-23 09:55:00
P1939,Triage,2026-09-23 10:27:00
P1939,X-Ray,2026-09-23 10:39:00
P1939,Triage,2026-09-23 11:01:00
P1939,X-Ray,2026-09-23 11:28:00
P1939,Doctor Consultation,2026-09-23 12:21:00
P1939,Discharge,2026-09-23 12:57:00
P1940,Registration,2026-09-23 10:01:00
P1940,Triage,2026-09-23 10:14:00
P1940,X-Ray,2026-09-23 10:58:00
P1940,Doctor Consultation,2026-09-23 11:40:00
P1940,Discharge,2026-09-23 12:17:00
P1941,Registration,2026-09-23 10:03:00
P1941,Triage,2026-09-23 10:26:00
P1941,X-Ray,2026-09-23 10:54:00
P1941,Triage,2026-09-23 11:29:00
P1941,X-Ray,2026-09-23 11:50:00
P1941,Doctor Consultation,2026-09-23 12:39:00
P1941,Discharge,2026-09-23 13:12:00
P1942,Registration,2026-09-23 10:08:00
P1942,Triage,2026-09-23 10:42:00
P1942,X-Ray,2026-09-23 10:53:00
P1942,Doctor Consultation,2026-09-23 11:57:00
P1942,Discharge,2026-09-23 12:38:00
P1943,Registration,2026-09-23 10:16:00
P1943,Triage,2026-09-23 10:30:00
P1943,X-Ray,2026-09-23 11:08:00
P1943,Triage,2026-09-23 11:45:00
P1943,X-Ray,2026-09-23 12:08:00
P1943,Doctor Consultation,2026-09-23 12:41:00
P1943,Discharge,2026-09-23 13:40:00
P1944,Registration,2026-09-23 10:26:00
P1944,Triage,2026-09-23 10:38:00
P1944,X-Ray,2026-09-23 11:07:00
P1944,Doctor Consultation,2026-09-23 12:04:00
P1944,Discharge,2026-09-23 12:39:00
P1945,Registration,2026-09-23 10:32:00
P1945,Triage,2026-09-23 11:09:00
P1945,X-Ray,2026-09-23 11:45:00
P1945,Doctor Consultation,2026-09-23 12:33:00
P1945,Discharge,2026-09-23 13:03:00
P1946,Registration,2026-09-23 10:41:00
P1946,Triage,2026-09-23 11:00:00
P1946,X-Ray,2026-09-23 11:25:00
P1946,Doctor Consultation,2026-09-23 11:50:00
P1946,Discharge,2026-09-23 12:49:00
P1947,Registration,2026-09-23 10:50:00
P1947,Triage,2026-09-23 11:03:00
P1947,X-Ray,2026-09-23 11:30:00
P1947,Triage,2026-09-23 12:05:00
P1947,X-Ray,2026-09-23 12:47:00
P1947,Doctor Consultation,2026-09-23 13:19:00
P1947,Discharge,2026-09-23 14:22:00
P1948,Registration,2026-09-23 10:59:00
P1948,Triage,2026-09-23 11:16:00
P1948,X-Ray,2026-09-23 11:49:00
P1948,Doctor Consultation,2026-09-23 12:35:00
P1948,Discharge,2026-09-23 13:21:00
P1949,Registration,2026-09-23 11:07:00
P1949,Triage,2026-09-23 11:31:00
P1949,X-Ray,2026-09-23 11:59:00
P1949,Doctor Consultation,2026-09-23 12:50:00
P1949,Discharge,2026-09-23 13:35:00
P1950,Registration,2026-09-23 11:09:00
P1950,Triage,2026-09-23 11:54:00
P1950,X-Ray,2026-09-23 12:23:00
P1950,Doctor Consultation,2026-09-23 13:07:00
P1950,Discharge,2026-09-23 14:02:00
P1951,Registration,2026-09-23 11:13:00
P1951,Triage,2026-09-23 11:37:00
P1951,X-Ray,2026-09-23 12:29:00
P1951,Triage,2026-09-23 12:54:00
P1951,X-Ray,2026-09-23 13:41:00
P1951,Doctor Consultation,2026-09-23 14:29:00
P1951,Discharge,2026-09-23 15:02:00
P1952,Registration,2026-09-23 11:15:00
P1952,Triage,2026-09-23 11:31:00
P1952,X-Ray,2026-09-23 11:59:00
P1952,Triage,2026-09-23 12:53:00
P1952,X-Ray,2026-09-23 13:27:00
P1952,Doctor Consultation,2026-09-23 13:59:00
P1952,Discharge,2026-09-23 14:31:00
P1953,Registration,2026-09-23 11:23:00
P1953,Triage,2026-09-23 11:55:00
P1953,X-Ray,2026-09-23 12:27:00
P1953,Triage,2026-09-23 13:17:00
P1953,X-Ray,2026-09-23 13:53:00
P1953,Doctor Consultation,2026-09-23 14:36:00
P1953,Discharge,2026-09-23 15:16:00
P1954,Registration,2026-09-23 11:26:00
P1954,Triage,2026-09-23 11:36:00
P1954,X-Ray,2026-09-23 12:16:00
P1954,Doctor Consultation,2026-09-23 12:48:00
P1954,Discharge,2026-09-23 13:06:00
P1955,Registration,2026-09-23 11:33:00
P1955,Triage,2026-09-23 12:18:00
P1955,X-Ray,2026-09-23 12:35:00
P1955,Triage,2026-09-23 13:09:00
P1955,X-Ray,2026-09-23 13:50:00
P1955,Doctor Consultation,2026-09-23 14:13:00
P1955,Discharge,2026-09-23 14:40:00
P1956,Registration,2026-09-23 11:38:00
P1956,Triage,2026-09-23 12:25:00
P1956,X-Ray,2026-09-23 12:58:00
P1956,Doctor Consultation,2026-09-23 13:17:00
P1956,Discharge,2026-09-23 14:14:00
P1957,Registration,2026-09-23 11:43:00
P1957,Triage,2026-09-23 12:23:00
P1957,X-Ray,2026-09-23 13:09:00
P1957,Triage,2026-09-23 13:37:00
P1957,X-Ray,2026-09-23 14:15:00
P1957,Doctor Consultation,2026-09-23 15:06:00
P1957,Discharge,2026-09-23 15:34:00
P1958,Registration,2026-09-23 11:53:00
P1958,Triage,2026-09-23 12:24:00
P1958,X-Ray,2026-09-23 13:09:00
P1958,Doctor Consultation,2026-09-23 14:07:00
P1958,Discharge,2026-09-23 14:47:00
P1959,Registration,2026-09-23 11:58:00
P1959,Triage,2026-09-23 12:25:00
P1959,X-Ray,2026-09-23 12:55:00
P1959,Doctor Consultation,2026-09-23 13:57:00
P1959,Discharge,2026-09-23 14:52:00
P1960,Registration,2026-09-23 12:05:00
P1960,Triage,2026-09-23 12:15:00
P1960,X-Ray,2026-09-23 13:15:00
P1960,Doctor Consultation,2026-09-23 14:10:00
P1960,Discharge,2026-09-23 14:37:00
P1961,Registration,2026-09-23 12:14:00
P1961,Triage,2026-09-23 12:28:00
P1961,X-Ray,2026-09-23 13:11:00
P1961,Triage,2026-09-23 14:04:00
P1961,X-Ray,2026-09-23 14:40:00
P1961,Doctor Consultation,2026-09-23 15:14:00
P1961,Discharge,2026-09-23 15:37:00
P1962,Registration,2026-09-23 12:22:00
P1962,Triage,2026-09-23 12:59:00
P1962,X-Ray,2026-09-23 13:49:00
P1962,Doctor Consultation,2026-09-23 14:24:00
P1962,Discharge,2026-09-23 15:17:00
P1963,Registration,2026-09-23 12:31:00
P1963,Triage,2026-09-23 13:05:00
P1963,X-Ray,2026-09-23 13:33:00
P1963,Triage,2026-09-23 14:20:00
P1963,X-Ray,2026-09-23 15:00:00
P1963,Doctor Consultation,2026-09-23 15:49:00
P1963,Discharge,2026-09-23 16:36:00
P1964,Registration,2026-09-23 12:35:00
P1964,Triage,2026-09-23 12:54:00
P1964,X-Ray,2026-09-23 13:17:00
P1964,Doctor Consultation,2026-09-23 14:15:00
P1964,Discharge,2026-09-23 14:42:00
P1965,Registration,2026-09-23 12:42:00
P1965,Triage,2026-09-23 12:56:00
P1965,X-Ray,2026-09-23 13:32:00
P1965,Triage,2026-09-23 14:35:00
P1965,X-Ray,2026-09-23 15:19:00
P1965,Doctor Consultation,2026-09-23 15:58:00
P1965,Discharge,2026-09-23 16:22:00
P1966,Registration,2026-09-23 12:52:00
P1966,Triage,2026-09-23 13:22:00
P1966,X-Ray,2026-09-23 14:14:00
P1966,Doctor Consultation,2026-09-23 14:47:00
P1966,Discharge,2026-09-23 15:24:00
P1967,Registration,2026-09-23 12:57:00
P1967,Triage,2026-09-23 13:09:00
P1967,X-Ray,2026-09-23 14:00:00
P1967,Doctor Consultation,2026-09-23 14:42:00
P1967,Discharge,2026-09-23 15:44:00
P1968,Registration,2026-09-23 13:05:00
P1968,Triage,2026-09-23 13:28:00
P1968,X-Ray,2026-09-23 13:55:00
P1968,Doctor Consultation,2026-09-23 14:48:00
P1968,Discharge,2026-09-23 15:10:00
P1969,Registration,2026-09-23 13:11:00
P1969,Triage,2026-09-23 13:51:00
P1969,X-Ray,2026-09-23 14:23:00
P1969,Doctor Consultation,2026-09-23 14:50:00
P1969,Discharge,2026-09-23 15:21:00
P1970,Registration,2026-09-23 13:20:00
P1970,Triage,2026-09-23 13:54:00
P1970,X-Ray,2026-09-23 14:33:00
P1970,Triage,2026-09-23 15:16:00
P1970,X-Ray,2026-09-23 15:39:00
P1970,Doctor Consultation,2026-09-23 16:26:00
P1970,Discharge,2026-09-23 17:15:00
P1971,Registration,2026-09-23 13:29:00
P1971,Triage,2026-09-23 14:10:00
P1971,X-Ray,2026-09-23 15:00:00
P1971,Triage,2026-09-23 15:56:00
P1971,X-Ray,2026-09-23 16:26:00
P1971,Doctor Consultation,2026-09-23 17:18:00
P1971,Discharge,2026-09-23 17:44:00
P1972,Registration,2026-09-23 13:38:00
P1972,Triage,2026-09-23 14:23:00
P1972,X-Ray,2026-09-23 15:04:00
P1972,Triage,2026-09-23 15:46:00
P1972,X-Ray,2026-09-23 16:01:00
P1972,Doctor Consultation,2026-09-23 16:56:00
P1972,Discharge,2026-09-23 17:38:00
P1973,Registration,2026-09-23 13:46:00
P1973,Triage,2026-09-23 14:24:00
P1973,X-Ray,2026-09-23 15:05:00
P1973,Doctor Consultation,2026-09-23 15:22:00
P1973,Discharge,2026-09-23 16:11:00
P1974,Registration,2026-09-23 13:48:00
P1974,Triage,2026-09-23 14:24:00
P1974,X-Ray,2026-09-23 15:14:00
P1974,Triage,2026-09-23 15:57:00
P1974,X-Ray,2026-09-23 16:26:00
P1974,Doctor Consultation,2026-09-23 17:02:00
P1974,Discharge,2026-09-23 17:43:00
P1975,Registration,2026-09-23 13:52:00
P1975,Triage,2026-09-23 14:34:00
P1975,X-Ray,2026-09-23 15:25:00
P1975,Doctor Consultation,2026-09-23 15:45:00
P1975,Discharge,2026-09-23 16:05:00
P1976,Registration,2026-09-23 13:56:00
P1976,Triage,2026-09-23 14:18:00
P1976,X-Ray,2026-09-23 15:12:00
P1976,Triage,2026-09-23 16:04:00
P1976,X-Ray,2026-09-23 16:24:00
P1976,Doctor Consultation,2026-09-23 17:11:00
P1976,Discharge,2026-09-23 17:52:00
P1977,Registration,2026-09-23 14:00:00
P1977,Triage,2026-09-23 14:45:00
P1977,X-Ray,2026-09-23 15:27:00
P1977,Doctor Consultation,2026-09-23 15:57:00
P1977,Discharge,2026-09-23 16:52:00
P1978,Registration,2026-09-23 14:04:00
P1978,Triage,2026-09-23 14:28:00
P1978,X-Ray,2026-09-23 15:04:00
P1978,Doctor Consultation,2026-09-23 15:40:00
P1978,Discharge,2026-09-23 16:18:00
P1979,Registration,2026-09-23 14:09:00
P1979,Triage,2026-09-23 14:35:00
P1979,X-Ray,2026-09-23 14:58:00
P1979,Doctor Consultation,2026-09-23 15:49:00
P1979,Discharge,2026-09-23 16:32:00
P1980,Registration,2026-09-23 14:14:00
P1980,Triage,2026-09-23 14:55:00
P1980,X-Ray,2026-09-23 15:22:00
P1980,Doctor Consultation,2026-09-23 16:00:00
P1980,Discharge,2026-09-23 17:00:00
P1981,Registration,2026-09-23 14:24:00
P1981,Triage,2026-09-23 15:00:00
P1981,X-Ray,2026-09-23 15:24:00
P1981,Doctor Consultation,2026-09-23 15:55:00
P1981,Discharge,2026-09-23 16:25:00
P1982,Registration,2026-09-23 14:32:00
P1982,Triage,2026-09-23 15:00:00
P1982,X-Ray,2026-09-23 15:23:00
P1982,Doctor Consultation,2026-09-23 16:03:00
P1982,Discharge,2026-09-23 17:03:00
P1983,Registration,2026-09-23 14:36:00
P1983,Triage,2026-09-23 14:59:00
P1983,X-Ray,2026-09-23 15:49:00
P1983,Triage,2026-09-23 16:36:00
P1983,X-Ray,2026-09-23 16:58:00
P1983,Doctor Consultation,2026-09-23 17:55:00
P1983,Discharge,2026-09-23 18:14:00
P1984,Registration,2026-09-23 14:44:00
P1984,Triage,2026-09-23 15:30:00
P1984,X-Ray,2026-09-23 16:15:00
P1984,Doctor Consultation,2026-09-23 16:44:00
P1984,Discharge,2026-09-23 17:34:00
P1985,Registration,2026-09-23 14:54:00
P1985,Triage,2026-09-23 15:38:00
P1985,X-Ray,2026-09-23 16:20:00
P1985,Triage,2026-09-23 17:15:00
P1985,X-Ray,2026-09-23 18:03:00
P1985,Doctor Consultation,2026-09-23 19:04:00
P1985,Discharge,2026-09-23 19:47:00
P1986,Registration,2026-09-23 14:56:00
P1986,Triage,2026-09-23 15:20:00
P1986,X-Ray,2026-09-23 15:49:00
P1986,Triage,2026-09-23 16:37:00
P1986,X-Ray,2026-09-23 17:29:00
P1986,Doctor Consultation,2026-09-23 17:53:00
P1986,Discharge,2026-09-23 18:30:00
P1987,Registration,2026-09-23 14:59:00
P1987,Triage,2026-09-23 15:32:00
P1987,X-Ray,2026-09-23 15:43:00
P1987,Triage,2026-09-23 16:02:00
P1987,X-Ray,2026-09-23 16:35:00
P1987,Doctor Consultation,2026-09-23 17:19:00
P1987,Discharge,2026-09-23 17:55:00
P1988,Registration,2026-09-23 15:05:00
P1988,Triage,2026-09-23 15:15:00
P1988,X-Ray,2026-09-23 16:05:00
P1988,Doctor Consultation,2026-09-23 16:34:00
P1988,Discharge,2026-09-23 17:05:00
P1989,Registration,2026-09-23 15:10:00
P1989,Triage,2026-09-23 15:40:00
P1989,X-Ray,2026-09-23 16:32:00
P1989,Doctor Consultation,2026-09-23 17:25:00
P1989,Discharge,2026-09-23 17:46:00
P1990,Registration,2026-09-23 15:17:00
P1990,Triage,2026-09-23 15:46:00
P1990,X-Ray,2026-09-23 16:06:00
P1990,Doctor Consultation,2026-09-23 16:25:00
P1990,Discharge,2026-09-23 17:29:00
P1991,Registration,2026-09-23 15:19:00
P1991,Triage,2026-09-23 15:48:00
P1991,X-Ray,2026-09-23 16:02:00
P1991,Doctor Consultation,2026-09-23 16:57:00
P1991,Discharge,2026-09-23 17:52:00
P1992,Registration,2026-09-23 15:25:00
P1992,Triage,2026-09-23 15:43:00
P1992,X-Ray,2026-09-23 16:36:00
P1992,Doctor Consultation,2026-09-23 17:14:00
P1992,Discharge,2026-09-23 18:15:00
P1993,Registration,2026-09-23 15:27:00
P1993,Triage,2026-09-23 15:51:00
P1993,X-Ray,2026-09-23 16:11:00
P1993,Triage,2026-09-23 17:12:00
P1993,X-Ray,2026-09-23 17:54:00
P1993,Doctor Consultation,2026-09-23 18:43:00
P1993,Discharge,2026-09-23 19:47:00
P1994,Registration,2026-09-23 15:36:00
P1994,Triage,2026-09-23 15:45:00
P1994,X-Ray,2026-09-23 16:14:00
P1994,Triage,2026-09-23 17:04:00
P1994,X-Ray,2026-09-23 17:25:00
P1994,Doctor Consultation,2026-09-23 18:02:00
P1994,Discharge,2026-09-23 18:28:00
P1995,Registration,2026-09-23 15:45:00
P1995,Triage,2026-09-23 16:19:00
P1995,X-Ray,2026-09-23 16:30:00
P1995,Doctor Consultation,2026-09-23 17:16:00
P1995,Discharge,2026-09-23 18:17:00
P1996,Registration,2026-09-23 15:49:00
P1996,Triage,2026-09-23 16:01:00
P1996,X-Ray,2026-09-23 16:40:00
P1996,Triage,2026-09-23 17:32:00
P1996,X-Ray,2026-09-23 18:03:00
P1996,Doctor Consultation,2026-09-23 18:27:00
P1996,Discharge,2026-09-23 19:31:00
P1997,Registration,2026-09-23 15:54:00
P1997,Triage,2026-09-23 16:15:00
P1997,X-Ray,2026-09-23 16:34:00
P1997,Doctor Consultation,2026-09-23 17:11:00
P1997,Discharge,2026-09-23 17:49:00
P1998,Registration,2026-09-23 16:00:00
P1998,Triage,2026-09-23 16:44:00
P1998,X-Ray,2026-09-23 17:03:00
P1998,Doctor Consultation,2026-09-23 17:53:00
P1998,Discharge,2026-09-23 18:22:00
P1999,Registration,2026-09-23 16:10:00
P1999,Triage,2026-09-23 16:32:00
P1999,X-Ray,2026-09-23 16:51:00
P1999,Doctor Consultation,2026-09-23 17:36:00
P1999,Discharge,2026-09-23 18:24:00
P2000,Registration,2026-09-23 16:13:00
P2000,Triage,2026-09-23 16:55:00
P2000,X-Ray,2026-09-23 17:15:00
P2000,Doctor Consultation,2026-09-23 17:52:00
P2000,Discharge,2026-09-23 18:46:00
